2024-11-14 23:02:21,966 INFO:Starting training process
2024-11-14 23:02:21,967 INFO:Loading dataset from /storage/home/sqd5856/Desktop/default/protein_design/dataset/pretrain.h5
2024-11-14 23:02:30,791 INFO:Dataset loaded with 1429 samples
2024-11-14 23:02:30,793 INFO:Dataset split into train: 1000, val: 285, test: 144
2024-11-14 23:02:30,793 INFO:DataLoaders prepared
2024-11-14 23:02:41,354 INFO:Model initialized and moved to device
2024-11-14 23:02:41,355 WARNING:Multiple GPUs requested but not available. Using single GPU or CPU.
2024-11-14 23:02:41,356 INFO:Optimizer initialized
2024-11-14 23:02:41,356 INFO:Loss function and kl_weight defined
2024-11-14 23:02:41,359 INFO:Checkpoint directory set to ./MAIN_checkpoints
2024-11-14 23:02:41,359 INFO:
Starting Epoch 1/10
2024-11-14 23:02:41,383 INFO:Processing Batch 1
2024-11-14 23:02:41,385 INFO:Data moved to device
2024-11-14 23:02:54,549 INFO:Forward pass completed
2024-11-14 23:02:54,550 INFO:aa_pred_valid shape: torch.Size([93000, 26])
2024-11-14 23:02:54,550 INFO:x_valid shape: torch.Size([93000])
2024-11-14 23:02:54,560 INFO:AA Prediction Loss: 3.2705
2024-11-14 23:02:54,560 INFO:Total Loss: 96574.9297
2024-11-14 23:03:07,986 INFO:Backward pass completed
2024-11-14 23:03:08,042 INFO:Gradient clipping applied
2024-11-14 23:03:08,076 INFO:Optimizer step completed
2024-11-14 23:03:08,118 INFO:Processing Batch 2
2024-11-14 23:03:08,120 INFO:Data moved to device
2024-11-14 23:03:32,138 INFO:Forward pass completed
2024-11-14 23:03:32,141 INFO:aa_pred_valid shape: torch.Size([313000, 26])
2024-11-14 23:03:32,142 INFO:x_valid shape: torch.Size([313000])
2024-11-14 23:03:32,157 INFO:AA Prediction Loss: 3.2808
2024-11-14 23:03:32,423 INFO:Total Loss: 583342.1875
2024-11-14 23:03:56,867 INFO:Backward pass completed
2024-11-14 23:03:56,900 INFO:Gradient clipping applied
2024-11-14 23:03:56,914 INFO:Optimizer step completed
2024-11-14 23:03:56,947 INFO:Processing Batch 3
2024-11-14 23:03:56,951 INFO:Data moved to device
2024-11-14 23:04:13,087 INFO:Forward pass completed
2024-11-14 23:04:13,090 INFO:aa_pred_valid shape: torch.Size([188000, 26])
2024-11-14 23:04:13,091 INFO:x_valid shape: torch.Size([188000])
2024-11-14 23:04:13,100 INFO:AA Prediction Loss: 3.2901
2024-11-14 23:04:13,452 INFO:Total Loss: 35695.9219
2024-11-14 23:04:30,578 INFO:Backward pass completed
2024-11-14 23:04:30,621 INFO:Gradient clipping applied
2024-11-14 23:04:30,647 INFO:Optimizer step completed
2024-11-14 23:04:30,688 INFO:Processing Batch 4
2024-11-14 23:04:30,691 INFO:Data moved to device
2024-11-14 23:04:46,099 INFO:Forward pass completed
2024-11-14 23:04:46,102 INFO:aa_pred_valid shape: torch.Size([271000, 26])
2024-11-14 23:04:46,103 INFO:x_valid shape: torch.Size([271000])
2024-11-14 23:04:46,114 INFO:AA Prediction Loss: 3.2893
2024-11-14 23:04:46,501 INFO:Total Loss: 38839.4531
2024-11-14 23:05:09,688 INFO:Backward pass completed
2024-11-14 23:05:09,730 INFO:Gradient clipping applied
2024-11-14 23:05:09,752 INFO:Optimizer step completed
2024-11-14 23:05:09,776 INFO:Processing Batch 5
2024-11-14 23:05:09,779 INFO:Data moved to device
2024-11-14 23:05:22,305 INFO:Forward pass completed
2024-11-14 23:05:22,307 INFO:aa_pred_valid shape: torch.Size([157000, 26])
2024-11-14 23:05:22,308 INFO:x_valid shape: torch.Size([157000])
2024-11-14 23:05:22,315 INFO:AA Prediction Loss: 3.2557
2024-11-14 23:05:22,705 INFO:Total Loss: 32257.3555
2024-11-14 23:05:42,009 INFO:Backward pass completed
2024-11-14 23:05:42,049 INFO:Gradient clipping applied
2024-11-14 23:05:42,064 INFO:Optimizer step completed
2024-11-14 23:05:42,091 INFO:Processing Batch 6
2024-11-14 23:05:42,095 INFO:Data moved to device
2024-11-14 23:05:54,397 INFO:Forward pass completed
2024-11-14 23:05:54,419 INFO:aa_pred_valid shape: torch.Size([155000, 26])
2024-11-14 23:05:54,420 INFO:x_valid shape: torch.Size([155000])
2024-11-14 23:05:54,426 INFO:AA Prediction Loss: 3.2920
2024-11-14 23:05:54,770 INFO:Total Loss: 59122.5430
2024-11-14 23:06:14,171 INFO:Backward pass completed
2024-11-14 23:06:14,216 INFO:Gradient clipping applied
2024-11-14 23:06:14,229 INFO:Optimizer step completed
2024-11-14 23:06:14,250 INFO:Processing Batch 7
2024-11-14 23:06:14,254 INFO:Data moved to device
2024-11-14 23:06:38,658 ERROR:Error during forward pass: CUDA out of memory. Tried to allocate 2.00 MiB (GPU 0; 39.50 GiB total capacity; 32.99 GiB already allocated; 1.81 MiB free; 33.10 GiB reserved in total by PyTorch) If reserved memory is >> allocated memory try setting max_split_size_mb to avoid fragmentation.  See documentation for Memory Management and PYTORCH_CUDA_ALLOC_CONF
2024-11-14 23:06:39,139 INFO:Epoch 1 completed - Average Total Loss: 120833.1987, Average AA Loss: 2.8112, Average KL Loss: 120830.3957
2024-11-14 23:06:39,170 INFO:Validating Batch 1
2024-11-14 23:06:51,570 INFO:Forward pass for validation completed
2024-11-14 23:06:52,176 INFO:Validating Batch 2
2024-11-14 23:07:03,383 INFO:Forward pass for validation completed
2024-11-14 23:07:03,395 INFO:Validating Batch 3
2024-11-14 23:07:13,799 INFO:Forward pass for validation completed
2024-11-14 23:07:13,807 INFO:Validating Batch 4
2024-11-14 23:07:25,470 INFO:Forward pass for validation completed
2024-11-14 23:07:25,482 INFO:Validating Batch 5
2024-11-14 23:07:35,338 INFO:Forward pass for validation completed
2024-11-14 23:07:35,343 INFO:Validating Batch 6
2024-11-14 23:07:46,985 INFO:Forward pass for validation completed
2024-11-14 23:07:46,999 INFO:Validating Batch 7
2024-11-14 23:07:58,454 INFO:Forward pass for validation completed
2024-11-14 23:07:58,464 INFO:Validating Batch 8
2024-11-14 23:08:08,512 INFO:Forward pass for validation completed
2024-11-14 23:08:08,517 INFO:Validating Batch 9
2024-11-14 23:08:21,628 INFO:Forward pass for validation completed
2024-11-14 23:08:21,646 INFO:Validating Batch 10
2024-11-14 23:08:31,447 INFO:Forward pass for validation completed
2024-11-14 23:08:31,451 INFO:Validating Batch 11
2024-11-14 23:08:41,471 INFO:Forward pass for validation completed
2024-11-14 23:08:41,476 INFO:Validating Batch 12
2024-11-14 23:08:52,240 INFO:Forward pass for validation completed
2024-11-14 23:08:52,248 INFO:Validating Batch 13
2024-11-14 23:09:03,133 INFO:Forward pass for validation completed
2024-11-14 23:09:03,143 INFO:Validating Batch 14
2024-11-14 23:09:12,781 INFO:Forward pass for validation completed
2024-11-14 23:09:12,785 INFO:Validating Batch 15
2024-11-14 23:09:23,550 INFO:Forward pass for validation completed
2024-11-14 23:09:23,560 INFO:Validating Batch 16
2024-11-14 23:09:35,190 INFO:Forward pass for validation completed
2024-11-14 23:09:35,201 INFO:Validating Batch 17
2024-11-14 23:09:46,819 INFO:Forward pass for validation completed
2024-11-14 23:09:46,830 INFO:Validating Batch 18
2024-11-14 23:09:57,523 INFO:Forward pass for validation completed
2024-11-14 23:09:57,531 INFO:Validating Batch 19
2024-11-14 23:10:07,305 INFO:Forward pass for validation completed
2024-11-14 23:10:07,309 INFO:Validating Batch 20
2024-11-14 23:10:20,229 INFO:Forward pass for validation completed
2024-11-14 23:10:20,246 INFO:Validating Batch 21
2024-11-14 23:10:30,500 INFO:Forward pass for validation completed
2024-11-14 23:10:30,505 INFO:Validating Batch 22
2024-11-14 23:10:42,101 INFO:Forward pass for validation completed
2024-11-14 23:10:42,112 INFO:Validating Batch 23
2024-11-14 23:10:54,322 INFO:Forward pass for validation completed
2024-11-14 23:10:54,336 INFO:Validating Batch 24
2024-11-14 23:11:04,628 INFO:Forward pass for validation completed
2024-11-14 23:11:04,634 INFO:Validating Batch 25
2024-11-14 23:11:14,648 INFO:Forward pass for validation completed
2024-11-14 23:11:14,653 INFO:Validating Batch 26
2024-11-14 23:11:25,212 INFO:Forward pass for validation completed
2024-11-14 23:11:25,220 INFO:Validating Batch 27
2024-11-14 23:11:36,389 INFO:Forward pass for validation completed
2024-11-14 23:11:36,399 INFO:Validating Batch 28
2024-11-14 23:11:46,311 INFO:Forward pass for validation completed
2024-11-14 23:11:46,316 INFO:Validating Batch 29
2024-11-14 23:11:56,197 INFO:Forward pass for validation completed
2024-11-14 23:11:56,201 INFO:Validating Batch 30
2024-11-14 23:12:09,474 INFO:Forward pass for validation completed
2024-11-14 23:12:09,492 INFO:Validating Batch 31
2024-11-14 23:12:20,240 INFO:Forward pass for validation completed
2024-11-14 23:12:20,248 INFO:Validating Batch 32
2024-11-14 23:12:30,218 INFO:Forward pass for validation completed
2024-11-14 23:12:30,222 INFO:Validating Batch 33
2024-11-14 23:12:39,885 INFO:Forward pass for validation completed
2024-11-14 23:12:39,889 INFO:Validating Batch 34
2024-11-14 23:12:50,605 INFO:Forward pass for validation completed
2024-11-14 23:12:50,613 INFO:Validating Batch 35
2024-11-14 23:13:00,535 INFO:Forward pass for validation completed
2024-11-14 23:13:00,540 INFO:Validating Batch 36
2024-11-14 23:13:11,974 INFO:Forward pass for validation completed
2024-11-14 23:13:11,985 INFO:Validating Batch 37
2024-11-14 23:13:23,047 INFO:Forward pass for validation completed
2024-11-14 23:13:23,056 INFO:Validating Batch 38
2024-11-14 23:13:33,784 INFO:Forward pass for validation completed
2024-11-14 23:13:33,793 INFO:Validating Batch 39
2024-11-14 23:13:44,428 INFO:Forward pass for validation completed
2024-11-14 23:13:44,435 INFO:Validating Batch 40
2024-11-14 23:13:54,462 INFO:Forward pass for validation completed
2024-11-14 23:13:54,467 INFO:Validating Batch 41
2024-11-14 23:14:04,849 INFO:Forward pass for validation completed
2024-11-14 23:14:04,856 INFO:Validating Batch 42
2024-11-14 23:14:17,963 INFO:Forward pass for validation completed
2024-11-14 23:14:17,981 INFO:Validating Batch 43
2024-11-14 23:14:27,930 INFO:Forward pass for validation completed
2024-11-14 23:14:27,935 INFO:Validating Batch 44
2024-11-14 23:14:37,680 INFO:Forward pass for validation completed
2024-11-14 23:14:37,684 INFO:Validating Batch 45
2024-11-14 23:14:49,569 INFO:Forward pass for validation completed
2024-11-14 23:14:49,582 INFO:Validating Batch 46
2024-11-14 23:14:59,418 INFO:Forward pass for validation completed
2024-11-14 23:14:59,422 INFO:Validating Batch 47
2024-11-14 23:15:09,387 INFO:Forward pass for validation completed
2024-11-14 23:15:09,391 INFO:Validating Batch 48
2024-11-14 23:15:19,886 INFO:Forward pass for validation completed
2024-11-14 23:15:19,894 INFO:Validating Batch 49
2024-11-14 23:15:30,129 INFO:Forward pass for validation completed
2024-11-14 23:15:30,134 INFO:Validating Batch 50
2024-11-14 23:15:40,997 INFO:Forward pass for validation completed
2024-11-14 23:15:41,006 INFO:Validating Batch 51
2024-11-14 23:15:52,485 INFO:Forward pass for validation completed
2024-11-14 23:15:52,495 INFO:Validating Batch 52
2024-11-14 23:16:05,510 INFO:Forward pass for validation completed
2024-11-14 23:16:05,528 INFO:Validating Batch 53
2024-11-14 23:16:15,442 INFO:Forward pass for validation completed
2024-11-14 23:16:15,448 INFO:Validating Batch 54
2024-11-14 23:16:25,272 INFO:Forward pass for validation completed
2024-11-14 23:16:25,276 INFO:Validating Batch 55
2024-11-14 23:16:35,135 INFO:Forward pass for validation completed
2024-11-14 23:16:35,140 INFO:Validating Batch 56
2024-11-14 23:16:45,330 INFO:Forward pass for validation completed
2024-11-14 23:16:45,336 INFO:Validating Batch 57
2024-11-14 23:16:56,891 INFO:Forward pass for validation completed
2024-11-14 23:16:56,902 INFO:Validating Batch 58
2024-11-14 23:17:07,451 INFO:Forward pass for validation completed
2024-11-14 23:17:07,458 INFO:Validating Batch 59
2024-11-14 23:17:17,927 INFO:Forward pass for validation completed
2024-11-14 23:17:17,935 INFO:Validating Batch 60
2024-11-14 23:17:31,013 INFO:Forward pass for validation completed
2024-11-14 23:17:31,032 INFO:Validating Batch 61
2024-11-14 23:17:42,479 INFO:Forward pass for validation completed
2024-11-14 23:17:42,491 INFO:Validating Batch 62
2024-11-14 23:17:54,012 INFO:Forward pass for validation completed
2024-11-14 23:17:54,024 INFO:Validating Batch 63
2024-11-14 23:18:03,930 INFO:Forward pass for validation completed
2024-11-14 23:18:03,934 INFO:Validating Batch 64
2024-11-14 23:18:16,345 INFO:Forward pass for validation completed
2024-11-14 23:18:16,361 INFO:Validating Batch 65
2024-11-14 23:18:28,776 INFO:Forward pass for validation completed
2024-11-14 23:18:28,793 INFO:Validating Batch 66
2024-11-14 23:18:40,732 INFO:Forward pass for validation completed
2024-11-14 23:18:40,746 INFO:Validating Batch 67
2024-11-14 23:18:50,579 INFO:Forward pass for validation completed
2024-11-14 23:18:50,583 INFO:Validating Batch 68
2024-11-14 23:19:01,860 INFO:Forward pass for validation completed
2024-11-14 23:19:01,870 INFO:Validating Batch 69
2024-11-14 23:19:12,650 INFO:Forward pass for validation completed
2024-11-14 23:19:12,659 INFO:Validating Batch 70
2024-11-14 23:19:24,274 INFO:Forward pass for validation completed
2024-11-14 23:19:24,285 INFO:Validating Batch 71
2024-11-14 23:19:34,599 INFO:Forward pass for validation completed
2024-11-14 23:19:34,605 INFO:Validating Batch 72
2024-11-14 23:19:46,907 INFO:Forward pass for validation completed
2024-11-14 23:19:46,922 INFO:Validating Batch 73
2024-11-14 23:19:59,236 INFO:Forward pass for validation completed
2024-11-14 23:19:59,251 INFO:Validating Batch 74
2024-11-14 23:20:09,285 INFO:Forward pass for validation completed
2024-11-14 23:20:09,290 INFO:Validating Batch 75
2024-11-14 23:20:19,601 INFO:Forward pass for validation completed
2024-11-14 23:20:19,608 INFO:Validating Batch 76
2024-11-14 23:20:30,077 INFO:Forward pass for validation completed
2024-11-14 23:20:30,084 INFO:Validating Batch 77
2024-11-14 23:20:40,710 INFO:Forward pass for validation completed
2024-11-14 23:20:40,717 INFO:Validating Batch 78
2024-11-14 23:20:50,422 INFO:Forward pass for validation completed
2024-11-14 23:20:50,426 INFO:Validating Batch 79
2024-11-14 23:21:01,551 INFO:Forward pass for validation completed
2024-11-14 23:21:01,561 INFO:Validating Batch 80
2024-11-14 23:21:13,563 INFO:Forward pass for validation completed
2024-11-14 23:21:13,575 INFO:Validating Batch 81
2024-11-14 23:21:25,984 INFO:Forward pass for validation completed
2024-11-14 23:21:26,000 INFO:Validating Batch 82
2024-11-14 23:21:36,603 INFO:Forward pass for validation completed
2024-11-14 23:21:36,612 INFO:Validating Batch 83
2024-11-14 23:21:47,784 INFO:Forward pass for validation completed
2024-11-14 23:21:47,794 INFO:Validating Batch 84
2024-11-14 23:21:58,494 INFO:Forward pass for validation completed
2024-11-14 23:21:58,503 INFO:Validating Batch 85
2024-11-14 23:22:08,913 INFO:Forward pass for validation completed
2024-11-14 23:22:08,920 INFO:Validating Batch 86
2024-11-14 23:22:20,536 INFO:Forward pass for validation completed
2024-11-14 23:22:20,548 INFO:Validating Batch 87
2024-11-14 23:22:31,253 INFO:Forward pass for validation completed
2024-11-14 23:22:31,260 INFO:Validating Batch 88
2024-11-14 23:22:41,169 INFO:Forward pass for validation completed
2024-11-14 23:22:41,174 INFO:Validating Batch 89
2024-11-14 23:22:51,017 INFO:Forward pass for validation completed
2024-11-14 23:22:51,022 INFO:Validating Batch 90
2024-11-14 23:23:01,112 INFO:Forward pass for validation completed
2024-11-14 23:23:01,118 INFO:Validating Batch 91
2024-11-14 23:23:12,897 INFO:Forward pass for validation completed
2024-11-14 23:23:12,909 INFO:Validating Batch 92
2024-11-14 23:23:24,080 INFO:Forward pass for validation completed
2024-11-14 23:23:24,091 INFO:Validating Batch 93
2024-11-14 23:23:35,691 INFO:Forward pass for validation completed
2024-11-14 23:23:35,704 INFO:Validating Batch 94
2024-11-14 23:23:46,511 INFO:Forward pass for validation completed
2024-11-14 23:23:46,521 INFO:Validating Batch 95
2024-11-14 23:23:57,084 INFO:Forward pass for validation completed
2024-11-14 23:23:57,091 INFO:Validating Batch 96
2024-11-14 23:24:07,066 INFO:Forward pass for validation completed
2024-11-14 23:24:07,071 INFO:Validating Batch 97
2024-11-14 23:24:19,337 INFO:Forward pass for validation completed
2024-11-14 23:24:19,353 INFO:Validating Batch 98
2024-11-14 23:24:29,523 INFO:Forward pass for validation completed
2024-11-14 23:24:29,528 INFO:Validating Batch 99
2024-11-14 23:24:40,684 INFO:Forward pass for validation completed
2024-11-14 23:24:40,694 INFO:Validating Batch 100
2024-11-14 23:24:52,307 INFO:Forward pass for validation completed
2024-11-14 23:24:52,318 INFO:Validating Batch 101
2024-11-14 23:25:03,998 INFO:Forward pass for validation completed
2024-11-14 23:25:04,011 INFO:Validating Batch 102
2024-11-14 23:25:14,208 INFO:Forward pass for validation completed
2024-11-14 23:25:14,213 INFO:Validating Batch 103
2024-11-14 23:25:25,625 INFO:Forward pass for validation completed
2024-11-14 23:25:25,636 INFO:Validating Batch 104
2024-11-14 23:25:35,639 INFO:Forward pass for validation completed
2024-11-14 23:25:35,644 INFO:Validating Batch 105
2024-11-14 23:25:46,092 INFO:Forward pass for validation completed
2024-11-14 23:25:46,100 INFO:Validating Batch 106
2024-11-14 23:25:56,910 INFO:Forward pass for validation completed
2024-11-14 23:25:56,919 INFO:Validating Batch 107
2024-11-14 23:26:10,075 INFO:Forward pass for validation completed
2024-11-14 23:26:10,093 INFO:Validating Batch 108
2024-11-14 23:26:21,233 INFO:Forward pass for validation completed
2024-11-14 23:26:21,243 INFO:Validating Batch 109
2024-11-14 23:26:32,759 INFO:Forward pass for validation completed
2024-11-14 23:26:32,771 INFO:Validating Batch 110
2024-11-14 23:26:45,293 INFO:Forward pass for validation completed
2024-11-14 23:26:45,309 INFO:Validating Batch 111
2024-11-14 23:26:56,063 INFO:Forward pass for validation completed
2024-11-14 23:26:56,072 INFO:Validating Batch 112
2024-11-14 23:27:06,737 INFO:Forward pass for validation completed
2024-11-14 23:27:06,746 INFO:Validating Batch 113
2024-11-14 23:27:17,334 INFO:Forward pass for validation completed
2024-11-14 23:27:17,341 INFO:Validating Batch 114
2024-11-14 23:27:29,585 INFO:Forward pass for validation completed
2024-11-14 23:27:29,599 INFO:Validating Batch 115
2024-11-14 23:27:41,869 INFO:Forward pass for validation completed
2024-11-14 23:27:41,884 INFO:Validating Batch 116
2024-11-14 23:27:51,990 INFO:Forward pass for validation completed
2024-11-14 23:27:51,996 INFO:Validating Batch 117
2024-11-14 23:28:02,352 INFO:Forward pass for validation completed
2024-11-14 23:28:02,358 INFO:Validating Batch 118
2024-11-14 23:28:12,710 INFO:Forward pass for validation completed
2024-11-14 23:28:12,716 INFO:Validating Batch 119
2024-11-14 23:28:24,416 INFO:Forward pass for validation completed
2024-11-14 23:28:24,427 INFO:Validating Batch 120
2024-11-14 23:28:37,606 INFO:Forward pass for validation completed
2024-11-14 23:28:37,625 INFO:Validating Batch 121
2024-11-14 23:28:49,534 INFO:Forward pass for validation completed
2024-11-14 23:28:49,548 INFO:Validating Batch 122
2024-11-14 23:29:01,455 INFO:Forward pass for validation completed
2024-11-14 23:29:01,466 INFO:Validating Batch 123
2024-11-14 23:29:12,685 INFO:Forward pass for validation completed
2024-11-14 23:29:12,695 INFO:Validating Batch 124
2024-11-14 23:29:22,956 INFO:Forward pass for validation completed
2024-11-14 23:29:22,962 INFO:Validating Batch 125
2024-11-14 23:29:36,005 INFO:Forward pass for validation completed
2024-11-14 23:29:36,023 INFO:Validating Batch 126
2024-11-14 23:29:47,952 INFO:Forward pass for validation completed
2024-11-14 23:29:47,965 INFO:Validating Batch 127
2024-11-14 23:30:01,145 INFO:Forward pass for validation completed
2024-11-14 23:30:01,163 INFO:Validating Batch 128
2024-11-14 23:30:10,895 INFO:Forward pass for validation completed
2024-11-14 23:30:10,899 INFO:Validating Batch 129
2024-11-14 23:30:23,188 INFO:Forward pass for validation completed
2024-11-14 23:30:23,202 INFO:Validating Batch 130
2024-11-14 23:30:36,431 INFO:Forward pass for validation completed
2024-11-14 23:30:36,449 INFO:Validating Batch 131
2024-11-14 23:30:46,444 INFO:Forward pass for validation completed
2024-11-14 23:30:46,449 INFO:Validating Batch 132
2024-11-14 23:30:56,481 INFO:Forward pass for validation completed
2024-11-14 23:30:56,486 INFO:Validating Batch 133
2024-11-14 23:31:07,188 INFO:Forward pass for validation completed
2024-11-14 23:31:07,197 INFO:Validating Batch 134
2024-11-14 23:31:17,148 INFO:Forward pass for validation completed
2024-11-14 23:31:17,153 INFO:Validating Batch 135
2024-11-14 23:31:28,949 INFO:Forward pass for validation completed
2024-11-14 23:31:28,961 INFO:Validating Batch 136
2024-11-14 23:31:39,597 INFO:Forward pass for validation completed
2024-11-14 23:31:39,604 INFO:Validating Batch 137
2024-11-14 23:31:49,400 INFO:Forward pass for validation completed
2024-11-14 23:31:49,404 INFO:Validating Batch 138
2024-11-14 23:31:59,926 INFO:Forward pass for validation completed
2024-11-14 23:31:59,934 INFO:Validating Batch 139
2024-11-14 23:32:10,198 INFO:Forward pass for validation completed
2024-11-14 23:32:10,222 INFO:Validating Batch 140
2024-11-14 23:32:20,927 INFO:Forward pass for validation completed
2024-11-14 23:32:20,954 INFO:Validating Batch 141
2024-11-14 23:32:33,474 INFO:Forward pass for validation completed
2024-11-14 23:32:33,507 INFO:Validating Batch 142
2024-11-14 23:32:45,936 INFO:Forward pass for validation completed
2024-11-14 23:32:45,976 INFO:Validating Batch 143
2024-11-14 23:32:56,928 INFO:Forward pass for validation completed
2024-11-14 23:32:56,947 INFO:Validating Batch 144
2024-11-14 23:33:07,487 INFO:Forward pass for validation completed
2024-11-14 23:33:07,513 INFO:Validating Batch 145
2024-11-14 23:33:17,630 INFO:Forward pass for validation completed
2024-11-14 23:33:17,654 INFO:Validating Batch 146
2024-11-14 23:33:27,362 INFO:Forward pass for validation completed
2024-11-14 23:33:27,384 INFO:Validating Batch 147
2024-11-14 23:33:37,352 INFO:Forward pass for validation completed
2024-11-14 23:33:37,375 INFO:Validating Batch 148
2024-11-14 23:33:47,297 INFO:Forward pass for validation completed
2024-11-14 23:33:47,320 INFO:Validating Batch 149
2024-11-14 23:33:58,832 INFO:Forward pass for validation completed
2024-11-14 23:33:58,855 INFO:Validating Batch 150
2024-11-14 23:34:10,402 INFO:Forward pass for validation completed
2024-11-14 23:34:10,430 INFO:Validating Batch 151
2024-11-14 23:34:20,432 INFO:Forward pass for validation completed
2024-11-14 23:34:20,454 INFO:Validating Batch 152
2024-11-14 23:34:31,442 INFO:Forward pass for validation completed
2024-11-14 23:34:31,472 INFO:Validating Batch 153
2024-11-14 23:34:42,126 INFO:Forward pass for validation completed
2024-11-14 23:34:42,139 INFO:Validating Batch 154
2024-11-14 23:34:52,284 INFO:Forward pass for validation completed
2024-11-14 23:34:52,291 INFO:Validating Batch 155
2024-11-14 23:35:02,264 INFO:Forward pass for validation completed
2024-11-14 23:35:02,269 INFO:Validating Batch 156
2024-11-14 23:35:12,690 INFO:Forward pass for validation completed
2024-11-14 23:35:12,697 INFO:Validating Batch 157
2024-11-14 23:35:22,739 INFO:Forward pass for validation completed
2024-11-14 23:35:22,744 INFO:Validating Batch 158
2024-11-14 23:35:32,547 INFO:Forward pass for validation completed
2024-11-14 23:35:32,552 INFO:Validating Batch 159
2024-11-14 23:35:45,017 INFO:Forward pass for validation completed
2024-11-14 23:35:45,032 INFO:Validating Batch 160
2024-11-14 23:35:55,901 INFO:Forward pass for validation completed
2024-11-14 23:35:55,911 INFO:Validating Batch 161
2024-11-14 23:36:06,563 INFO:Forward pass for validation completed
2024-11-14 23:36:06,571 INFO:Validating Batch 162
2024-11-14 23:36:16,751 INFO:Forward pass for validation completed
2024-11-14 23:36:16,757 INFO:Validating Batch 163
2024-11-14 23:36:26,904 INFO:Forward pass for validation completed
2024-11-14 23:36:26,909 INFO:Validating Batch 164
2024-11-14 23:36:36,694 INFO:Forward pass for validation completed
2024-11-14 23:36:36,700 INFO:Validating Batch 165
2024-11-14 23:36:46,943 INFO:Forward pass for validation completed
2024-11-14 23:36:46,952 INFO:Validating Batch 166
2024-11-14 23:36:58,357 INFO:Forward pass for validation completed
2024-11-14 23:36:58,369 INFO:Validating Batch 167
2024-11-14 23:37:09,203 INFO:Forward pass for validation completed
2024-11-14 23:37:09,212 INFO:Validating Batch 168
2024-11-14 23:37:19,214 INFO:Forward pass for validation completed
2024-11-14 23:37:19,219 INFO:Validating Batch 169
2024-11-14 23:37:30,639 INFO:Forward pass for validation completed
2024-11-14 23:37:30,648 INFO:Validating Batch 170
2024-11-14 23:37:40,381 INFO:Forward pass for validation completed
2024-11-14 23:37:40,385 INFO:Validating Batch 171
2024-11-14 23:37:50,066 INFO:Forward pass for validation completed
2024-11-14 23:37:50,070 INFO:Validating Batch 172
2024-11-14 23:38:01,011 INFO:Forward pass for validation completed
2024-11-14 23:38:01,020 INFO:Validating Batch 173
2024-11-14 23:38:10,889 INFO:Forward pass for validation completed
2024-11-14 23:38:10,894 INFO:Validating Batch 174
2024-11-14 23:38:21,653 INFO:Forward pass for validation completed
2024-11-14 23:38:21,662 INFO:Validating Batch 175
2024-11-14 23:38:31,452 INFO:Forward pass for validation completed
2024-11-14 23:38:31,456 INFO:Validating Batch 176
2024-11-14 23:38:41,968 INFO:Forward pass for validation completed
2024-11-14 23:38:41,977 INFO:Validating Batch 177
2024-11-14 23:38:54,998 INFO:Forward pass for validation completed
2024-11-14 23:38:55,017 INFO:Validating Batch 178
2024-11-14 23:39:06,355 INFO:Forward pass for validation completed
2024-11-14 23:39:06,366 INFO:Validating Batch 179
2024-11-14 23:39:16,722 INFO:Forward pass for validation completed
2024-11-14 23:39:16,729 INFO:Validating Batch 180
2024-11-14 23:39:29,765 INFO:Forward pass for validation completed
2024-11-14 23:39:29,784 INFO:Validating Batch 181
2024-11-14 23:39:40,317 INFO:Forward pass for validation completed
2024-11-14 23:39:40,325 INFO:Validating Batch 182
2024-11-14 23:39:51,736 INFO:Forward pass for validation completed
2024-11-14 23:39:51,749 INFO:Validating Batch 183
2024-11-14 23:40:04,562 INFO:Forward pass for validation completed
2024-11-14 23:40:04,580 INFO:Validating Batch 184
2024-11-14 23:40:14,464 INFO:Forward pass for validation completed
2024-11-14 23:40:14,470 INFO:Validating Batch 185
2024-11-14 23:40:26,948 INFO:Forward pass for validation completed
2024-11-14 23:40:26,966 INFO:Validating Batch 186
2024-11-14 23:40:38,348 INFO:Forward pass for validation completed
2024-11-14 23:40:38,363 INFO:Validating Batch 187
2024-11-14 23:40:49,701 INFO:Forward pass for validation completed
2024-11-14 23:40:49,712 INFO:Validating Batch 188
2024-11-14 23:41:01,995 INFO:Forward pass for validation completed
2024-11-14 23:41:02,011 INFO:Validating Batch 189
2024-11-14 23:41:12,764 INFO:Forward pass for validation completed
2024-11-14 23:41:12,773 INFO:Validating Batch 190
2024-11-14 23:41:22,748 INFO:Forward pass for validation completed
2024-11-14 23:41:22,753 INFO:Validating Batch 191
2024-11-14 23:41:33,366 INFO:Forward pass for validation completed
2024-11-14 23:41:33,374 INFO:Validating Batch 192
2024-11-14 23:41:43,144 INFO:Forward pass for validation completed
2024-11-14 23:41:43,148 INFO:Validating Batch 193
2024-11-14 23:41:54,767 INFO:Forward pass for validation completed
2024-11-14 23:41:54,779 INFO:Validating Batch 194
2024-11-14 23:42:07,888 INFO:Forward pass for validation completed
2024-11-14 23:42:07,906 INFO:Validating Batch 195
2024-11-14 23:42:18,414 INFO:Forward pass for validation completed
2024-11-14 23:42:18,422 INFO:Validating Batch 196
2024-11-14 23:42:31,466 INFO:Forward pass for validation completed
2024-11-14 23:42:31,485 INFO:Validating Batch 197
2024-11-14 23:42:41,226 INFO:Forward pass for validation completed
2024-11-14 23:42:41,230 INFO:Validating Batch 198
2024-11-14 23:42:51,567 INFO:Forward pass for validation completed
2024-11-14 23:42:51,573 INFO:Validating Batch 199
2024-11-14 23:43:03,225 INFO:Forward pass for validation completed
2024-11-14 23:43:03,238 INFO:Validating Batch 200
2024-11-14 23:43:13,940 INFO:Forward pass for validation completed
2024-11-14 23:43:13,950 INFO:Validating Batch 201
2024-11-14 23:43:24,618 INFO:Forward pass for validation completed
2024-11-14 23:43:24,627 INFO:Validating Batch 202
2024-11-14 23:43:34,577 INFO:Forward pass for validation completed
2024-11-14 23:43:34,581 INFO:Validating Batch 203
2024-11-14 23:43:46,097 INFO:Forward pass for validation completed
2024-11-14 23:43:46,110 INFO:Validating Batch 204
2024-11-14 23:43:56,101 INFO:Forward pass for validation completed
2024-11-14 23:43:56,107 INFO:Validating Batch 205
2024-11-14 23:44:06,720 INFO:Forward pass for validation completed
2024-11-14 23:44:06,728 INFO:Validating Batch 206
2024-11-14 23:44:16,809 INFO:Forward pass for validation completed
2024-11-14 23:44:16,815 INFO:Validating Batch 207
2024-11-14 23:44:26,809 INFO:Forward pass for validation completed
2024-11-14 23:44:26,815 INFO:Validating Batch 208
2024-11-14 23:44:38,197 INFO:Forward pass for validation completed
2024-11-14 23:44:38,208 INFO:Validating Batch 209
2024-11-14 23:44:48,878 INFO:Forward pass for validation completed
2024-11-14 23:44:48,907 INFO:Validating Batch 210
2024-11-14 23:45:01,496 INFO:Forward pass for validation completed
2024-11-14 23:45:01,524 INFO:Validating Batch 211
2024-11-14 23:45:12,100 INFO:Forward pass for validation completed
2024-11-14 23:45:12,126 INFO:Validating Batch 212
2024-11-14 23:45:22,022 INFO:Forward pass for validation completed
2024-11-14 23:45:22,038 INFO:Validating Batch 213
2024-11-14 23:45:32,310 INFO:Forward pass for validation completed
2024-11-14 23:45:32,316 INFO:Validating Batch 214
2024-11-14 23:45:41,986 INFO:Forward pass for validation completed
2024-11-14 23:45:41,991 INFO:Validating Batch 215
2024-11-14 23:45:55,083 INFO:Forward pass for validation completed
2024-11-14 23:45:55,101 INFO:Validating Batch 216
2024-11-14 23:46:06,535 INFO:Forward pass for validation completed
2024-11-14 23:46:06,565 INFO:Validating Batch 217
2024-11-14 23:46:18,223 INFO:Forward pass for validation completed
2024-11-14 23:46:18,246 INFO:Validating Batch 218
2024-11-14 23:46:28,384 INFO:Forward pass for validation completed
2024-11-14 23:46:28,390 INFO:Validating Batch 219
2024-11-14 23:46:38,518 INFO:Forward pass for validation completed
2024-11-14 23:46:38,524 INFO:Validating Batch 220
2024-11-14 23:46:48,605 INFO:Forward pass for validation completed
2024-11-14 23:46:48,611 INFO:Validating Batch 221
2024-11-14 23:46:59,094 INFO:Forward pass for validation completed
2024-11-14 23:46:59,101 INFO:Validating Batch 222
2024-11-14 23:47:11,440 INFO:Forward pass for validation completed
2024-11-14 23:47:11,456 INFO:Validating Batch 223
2024-11-14 23:47:24,702 INFO:Forward pass for validation completed
2024-11-14 23:47:24,721 INFO:Validating Batch 224
2024-11-14 23:47:36,527 INFO:Forward pass for validation completed
2024-11-14 23:47:36,540 INFO:Validating Batch 225
2024-11-14 23:47:48,201 INFO:Forward pass for validation completed
2024-11-14 23:47:48,211 INFO:Validating Batch 226
2024-11-14 23:47:57,997 INFO:Forward pass for validation completed
2024-11-14 23:47:58,001 INFO:Validating Batch 227
2024-11-14 23:48:11,149 INFO:Forward pass for validation completed
2024-11-14 23:48:11,167 INFO:Validating Batch 228
2024-11-14 23:48:20,982 INFO:Forward pass for validation completed
2024-11-14 23:48:20,986 INFO:Validating Batch 229
2024-11-14 23:48:30,872 INFO:Forward pass for validation completed
2024-11-14 23:48:30,876 INFO:Validating Batch 230
2024-11-14 23:48:41,302 INFO:Forward pass for validation completed
2024-11-14 23:48:41,308 INFO:Validating Batch 231
2024-11-14 23:48:51,511 INFO:Forward pass for validation completed
2024-11-14 23:48:51,518 INFO:Validating Batch 232
2024-11-14 23:49:02,019 INFO:Forward pass for validation completed
2024-11-14 23:49:02,026 INFO:Validating Batch 233
2024-11-14 23:49:12,066 INFO:Forward pass for validation completed
2024-11-14 23:49:12,071 INFO:Validating Batch 234
2024-11-14 23:49:22,779 INFO:Forward pass for validation completed
2024-11-14 23:49:22,788 INFO:Validating Batch 235
2024-11-14 23:49:32,917 INFO:Forward pass for validation completed
2024-11-14 23:49:32,922 INFO:Validating Batch 236
2024-11-14 23:49:45,068 INFO:Forward pass for validation completed
2024-11-14 23:49:45,083 INFO:Validating Batch 237
2024-11-14 23:49:55,475 INFO:Forward pass for validation completed
2024-11-14 23:49:55,482 INFO:Validating Batch 238
2024-11-14 23:50:05,428 INFO:Forward pass for validation completed
2024-11-14 23:50:05,433 INFO:Validating Batch 239
2024-11-14 23:50:18,637 INFO:Forward pass for validation completed
2024-11-14 23:50:18,656 INFO:Validating Batch 240
2024-11-14 23:50:29,410 INFO:Forward pass for validation completed
2024-11-14 23:50:29,419 INFO:Validating Batch 241
2024-11-14 23:50:42,531 INFO:Forward pass for validation completed
2024-11-14 23:50:42,549 INFO:Validating Batch 242
2024-11-14 23:50:52,563 INFO:Forward pass for validation completed
2024-11-14 23:50:52,568 INFO:Validating Batch 243
2024-11-14 23:51:02,509 INFO:Forward pass for validation completed
2024-11-14 23:51:02,514 INFO:Validating Batch 244
2024-11-14 23:51:13,209 INFO:Forward pass for validation completed
2024-11-14 23:51:13,218 INFO:Validating Batch 245
2024-11-14 23:51:23,104 INFO:Forward pass for validation completed
2024-11-14 23:51:23,108 INFO:Validating Batch 246
2024-11-14 23:51:35,780 INFO:Forward pass for validation completed
2024-11-14 23:51:35,798 INFO:Validating Batch 247
2024-11-14 23:51:45,703 INFO:Forward pass for validation completed
2024-11-14 23:51:45,708 INFO:Validating Batch 248
2024-11-14 23:51:55,829 INFO:Forward pass for validation completed
2024-11-14 23:51:55,835 INFO:Validating Batch 249
2024-11-14 23:52:05,778 INFO:Forward pass for validation completed
2024-11-14 23:52:05,783 INFO:Validating Batch 250
2024-11-14 23:52:18,477 INFO:Forward pass for validation completed
2024-11-14 23:52:18,494 INFO:Validating Batch 251
2024-11-14 23:52:28,782 INFO:Forward pass for validation completed
2024-11-14 23:52:28,789 INFO:Validating Batch 252
2024-11-14 23:52:38,641 INFO:Forward pass for validation completed
2024-11-14 23:52:38,646 INFO:Validating Batch 253
2024-11-14 23:52:49,526 INFO:Forward pass for validation completed
2024-11-14 23:52:49,536 INFO:Validating Batch 254
2024-11-14 23:53:00,705 INFO:Forward pass for validation completed
2024-11-14 23:53:00,715 INFO:Validating Batch 255
2024-11-14 23:53:13,877 INFO:Forward pass for validation completed
2024-11-14 23:53:13,895 INFO:Validating Batch 256
2024-11-14 23:53:23,739 INFO:Forward pass for validation completed
2024-11-14 23:53:23,743 INFO:Validating Batch 257
2024-11-14 23:53:33,520 INFO:Forward pass for validation completed
2024-11-14 23:53:33,524 INFO:Validating Batch 258
2024-11-14 23:53:43,488 INFO:Forward pass for validation completed
2024-11-14 23:53:43,493 INFO:Validating Batch 259
2024-11-14 23:53:53,632 INFO:Forward pass for validation completed
2024-11-14 23:53:53,637 INFO:Validating Batch 260
2024-11-14 23:54:05,080 INFO:Forward pass for validation completed
2024-11-14 23:54:05,092 INFO:Validating Batch 261
2024-11-14 23:54:14,788 INFO:Forward pass for validation completed
2024-11-14 23:54:14,792 INFO:Validating Batch 262
2024-11-14 23:54:27,919 INFO:Forward pass for validation completed
2024-11-14 23:54:27,937 INFO:Validating Batch 263
2024-11-14 23:54:37,860 INFO:Forward pass for validation completed
2024-11-14 23:54:37,864 INFO:Validating Batch 264
2024-11-14 23:54:47,722 INFO:Forward pass for validation completed
2024-11-14 23:54:47,726 INFO:Validating Batch 265
2024-11-14 23:55:00,206 INFO:Forward pass for validation completed
2024-11-14 23:55:00,223 INFO:Validating Batch 266
2024-11-14 23:55:11,710 INFO:Forward pass for validation completed
2024-11-14 23:55:11,722 INFO:Validating Batch 267
2024-11-14 23:55:23,536 INFO:Forward pass for validation completed
2024-11-14 23:55:23,548 INFO:Validating Batch 268
2024-11-14 23:55:33,540 INFO:Forward pass for validation completed
2024-11-14 23:55:33,544 INFO:Validating Batch 269
2024-11-14 23:55:43,345 INFO:Forward pass for validation completed
2024-11-14 23:55:43,349 INFO:Validating Batch 270
2024-11-14 23:55:55,329 INFO:Forward pass for validation completed
2024-11-14 23:55:55,343 INFO:Validating Batch 271
2024-11-14 23:56:05,190 INFO:Forward pass for validation completed
2024-11-14 23:56:05,194 INFO:Validating Batch 272
2024-11-14 23:56:15,213 INFO:Forward pass for validation completed
2024-11-14 23:56:15,218 INFO:Validating Batch 273
2024-11-14 23:56:26,279 INFO:Forward pass for validation completed
2024-11-14 23:56:26,291 INFO:Validating Batch 274
2024-11-14 23:56:38,731 INFO:Forward pass for validation completed
2024-11-14 23:56:38,748 INFO:Validating Batch 275
2024-11-14 23:56:51,878 INFO:Forward pass for validation completed
2024-11-14 23:56:51,897 INFO:Validating Batch 276
2024-11-14 23:57:03,362 INFO:Forward pass for validation completed
2024-11-14 23:57:03,372 INFO:Validating Batch 277
2024-11-14 23:57:13,289 INFO:Forward pass for validation completed
2024-11-14 23:57:13,294 INFO:Validating Batch 278
2024-11-14 23:57:23,335 INFO:Forward pass for validation completed
2024-11-14 23:57:23,340 INFO:Validating Batch 279
2024-11-14 23:57:35,226 INFO:Forward pass for validation completed
2024-11-14 23:57:35,239 INFO:Validating Batch 280
2024-11-14 23:57:45,494 INFO:Forward pass for validation completed
2024-11-14 23:57:45,500 INFO:Validating Batch 281
2024-11-14 23:57:56,240 INFO:Forward pass for validation completed
2024-11-14 23:57:56,249 INFO:Validating Batch 282
2024-11-14 23:58:07,793 INFO:Forward pass for validation completed
2024-11-14 23:58:07,805 INFO:Validating Batch 283
2024-11-14 23:58:17,937 INFO:Forward pass for validation completed
2024-11-14 23:58:17,942 INFO:Validating Batch 284
2024-11-14 23:58:28,279 INFO:Forward pass for validation completed
2024-11-14 23:58:28,285 INFO:Validating Batch 285
2024-11-14 23:58:38,160 INFO:Forward pass for validation completed
2024-11-14 23:58:38,163 INFO:Validation - Average Total Loss: 40254.3588, Average AA Loss: 3.2768, Average KL Loss: 40251.0828
2024-11-14 23:58:38,163 INFO:
Starting Epoch 2/10
2024-11-14 23:58:38,165 INFO:Processing Batch 1
2024-11-14 23:58:38,168 INFO:Data moved to device
2024-11-14 23:58:49,844 INFO:Forward pass completed
2024-11-14 23:58:49,846 INFO:aa_pred_valid shape: torch.Size([98000, 26])
2024-11-14 23:58:49,846 INFO:x_valid shape: torch.Size([98000])
2024-11-14 23:58:49,848 INFO:AA Prediction Loss: 3.2561
2024-11-14 23:58:49,848 INFO:Total Loss: 35078.2891
2024-11-14 23:59:08,432 INFO:Backward pass completed
2024-11-14 23:59:08,478 INFO:Gradient clipping applied
2024-11-14 23:59:08,501 INFO:Optimizer step completed
2024-11-14 23:59:08,532 INFO:Processing Batch 2
2024-11-14 23:59:08,536 INFO:Data moved to device
2024-11-14 23:59:23,064 INFO:Forward pass completed
2024-11-14 23:59:23,084 INFO:aa_pred_valid shape: torch.Size([297000, 26])
2024-11-14 23:59:23,085 INFO:x_valid shape: torch.Size([297000])
2024-11-14 23:59:23,098 INFO:AA Prediction Loss: 3.2589
2024-11-14 23:59:23,409 INFO:Total Loss: 23951.1758
2024-11-14 23:59:47,351 INFO:Backward pass completed
2024-11-14 23:59:47,386 INFO:Gradient clipping applied
2024-11-14 23:59:47,403 INFO:Optimizer step completed
2024-11-14 23:59:47,417 INFO:Processing Batch 3
2024-11-14 23:59:47,420 INFO:Data moved to device
2024-11-14 23:59:59,151 INFO:Forward pass completed
2024-11-14 23:59:59,169 INFO:aa_pred_valid shape: torch.Size([116000, 26])
2024-11-14 23:59:59,170 INFO:x_valid shape: torch.Size([116000])
2024-11-14 23:59:59,175 INFO:AA Prediction Loss: 3.2974
2024-11-14 23:59:59,456 INFO:Total Loss: 33718.1562
2024-11-15 00:00:19,011 INFO:Backward pass completed
2024-11-15 00:00:19,042 INFO:Gradient clipping applied
2024-11-15 00:00:19,055 INFO:Optimizer step completed
2024-11-15 00:00:19,080 INFO:Processing Batch 4
2024-11-15 00:00:19,083 INFO:Data moved to device
2024-11-15 00:00:44,465 ERROR:Error during forward pass: CUDA out of memory. Tried to allocate 2.00 MiB (GPU 0; 39.50 GiB total capacity; 32.89 GiB already allocated; 1.81 MiB free; 33.10 GiB reserved in total by PyTorch) If reserved memory is >> allocated memory try setting max_split_size_mb to avoid fragmentation.  See documentation for Memory Management and PYTORCH_CUDA_ALLOC_CONF
2024-11-15 00:00:44,942 INFO:Epoch 2 completed - Average Total Loss: 23186.9053, Average AA Loss: 2.4531, Average KL Loss: 23184.4525
2024-11-15 00:00:44,974 INFO:Validating Batch 1
2024-11-15 00:00:57,197 INFO:Forward pass for validation completed
2024-11-15 00:00:57,738 INFO:Validating Batch 2
2024-11-15 00:01:08,725 INFO:Forward pass for validation completed
2024-11-15 00:01:08,735 INFO:Validating Batch 3
2024-11-15 00:01:19,213 INFO:Forward pass for validation completed
2024-11-15 00:01:19,220 INFO:Validating Batch 4
2024-11-15 00:01:30,906 INFO:Forward pass for validation completed
2024-11-15 00:01:30,919 INFO:Validating Batch 5
2024-11-15 00:01:40,828 INFO:Forward pass for validation completed
2024-11-15 00:01:40,832 INFO:Validating Batch 6
2024-11-15 00:01:52,537 INFO:Forward pass for validation completed
2024-11-15 00:01:52,548 INFO:Validating Batch 7
2024-11-15 00:02:04,050 INFO:Forward pass for validation completed
2024-11-15 00:02:04,060 INFO:Validating Batch 8
2024-11-15 00:02:14,150 INFO:Forward pass for validation completed
2024-11-15 00:02:14,155 INFO:Validating Batch 9
2024-11-15 00:02:27,329 INFO:Forward pass for validation completed
2024-11-15 00:02:27,347 INFO:Validating Batch 10
2024-11-15 00:02:37,190 INFO:Forward pass for validation completed
2024-11-15 00:02:37,194 INFO:Validating Batch 11
2024-11-15 00:02:47,150 INFO:Forward pass for validation completed
2024-11-15 00:02:47,154 INFO:Validating Batch 12
2024-11-15 00:02:57,951 INFO:Forward pass for validation completed
2024-11-15 00:02:57,959 INFO:Validating Batch 13
2024-11-15 00:03:08,914 INFO:Forward pass for validation completed
2024-11-15 00:03:08,923 INFO:Validating Batch 14
2024-11-15 00:03:18,588 INFO:Forward pass for validation completed
2024-11-15 00:03:18,591 INFO:Validating Batch 15
2024-11-15 00:03:29,415 INFO:Forward pass for validation completed
2024-11-15 00:03:29,424 INFO:Validating Batch 16
2024-11-15 00:03:41,095 INFO:Forward pass for validation completed
2024-11-15 00:03:41,106 INFO:Validating Batch 17
2024-11-15 00:03:52,697 INFO:Forward pass for validation completed
2024-11-15 00:03:52,707 INFO:Validating Batch 18
2024-11-15 00:04:03,451 INFO:Forward pass for validation completed
2024-11-15 00:04:03,460 INFO:Validating Batch 19
2024-11-15 00:04:13,258 INFO:Forward pass for validation completed
2024-11-15 00:04:13,262 INFO:Validating Batch 20
2024-11-15 00:04:26,224 INFO:Forward pass for validation completed
2024-11-15 00:04:26,240 INFO:Validating Batch 21
2024-11-15 00:04:36,583 INFO:Forward pass for validation completed
2024-11-15 00:04:36,589 INFO:Validating Batch 22
2024-11-15 00:04:48,280 INFO:Forward pass for validation completed
2024-11-15 00:04:48,292 INFO:Validating Batch 23
2024-11-15 00:05:00,572 INFO:Forward pass for validation completed
2024-11-15 00:05:00,586 INFO:Validating Batch 24
2024-11-15 00:05:10,912 INFO:Forward pass for validation completed
2024-11-15 00:05:10,918 INFO:Validating Batch 25
2024-11-15 00:05:20,978 INFO:Forward pass for validation completed
2024-11-15 00:05:20,983 INFO:Validating Batch 26
2024-11-15 00:05:31,609 INFO:Forward pass for validation completed
2024-11-15 00:05:31,616 INFO:Validating Batch 27
2024-11-15 00:05:42,844 INFO:Forward pass for validation completed
2024-11-15 00:05:42,854 INFO:Validating Batch 28
2024-11-15 00:05:52,821 INFO:Forward pass for validation completed
2024-11-15 00:05:52,825 INFO:Validating Batch 29
2024-11-15 00:06:02,779 INFO:Forward pass for validation completed
2024-11-15 00:06:02,783 INFO:Validating Batch 30
2024-11-15 00:06:16,121 INFO:Forward pass for validation completed
2024-11-15 00:06:16,139 INFO:Validating Batch 31
2024-11-15 00:06:26,946 INFO:Forward pass for validation completed
2024-11-15 00:06:26,954 INFO:Validating Batch 32
2024-11-15 00:06:36,988 INFO:Forward pass for validation completed
2024-11-15 00:06:36,993 INFO:Validating Batch 33
2024-11-15 00:06:46,679 INFO:Forward pass for validation completed
2024-11-15 00:06:46,682 INFO:Validating Batch 34
2024-11-15 00:06:57,470 INFO:Forward pass for validation completed
2024-11-15 00:06:57,478 INFO:Validating Batch 35
2024-11-15 00:07:07,493 INFO:Forward pass for validation completed
2024-11-15 00:07:07,498 INFO:Validating Batch 36
2024-11-15 00:07:18,997 INFO:Forward pass for validation completed
2024-11-15 00:07:19,008 INFO:Validating Batch 37
2024-11-15 00:07:30,156 INFO:Forward pass for validation completed
2024-11-15 00:07:30,166 INFO:Validating Batch 38
2024-11-15 00:07:40,975 INFO:Forward pass for validation completed
2024-11-15 00:07:40,984 INFO:Validating Batch 39
2024-11-15 00:07:51,688 INFO:Forward pass for validation completed
2024-11-15 00:07:51,696 INFO:Validating Batch 40
2024-11-15 00:08:01,812 INFO:Forward pass for validation completed
2024-11-15 00:08:01,817 INFO:Validating Batch 41
2024-11-15 00:08:12,277 INFO:Forward pass for validation completed
2024-11-15 00:08:12,284 INFO:Validating Batch 42
2024-11-15 00:08:25,379 INFO:Forward pass for validation completed
2024-11-15 00:08:25,398 INFO:Validating Batch 43
2024-11-15 00:08:35,426 INFO:Forward pass for validation completed
2024-11-15 00:08:35,430 INFO:Validating Batch 44
2024-11-15 00:08:45,246 INFO:Forward pass for validation completed
2024-11-15 00:08:45,249 INFO:Validating Batch 45
2024-11-15 00:08:57,206 INFO:Forward pass for validation completed
2024-11-15 00:08:57,219 INFO:Validating Batch 46
2024-11-15 00:09:07,136 INFO:Forward pass for validation completed
2024-11-15 00:09:07,140 INFO:Validating Batch 47
2024-11-15 00:09:17,228 INFO:Forward pass for validation completed
2024-11-15 00:09:17,232 INFO:Validating Batch 48
2024-11-15 00:09:27,839 INFO:Forward pass for validation completed
2024-11-15 00:09:27,847 INFO:Validating Batch 49
2024-11-15 00:09:38,209 INFO:Forward pass for validation completed
2024-11-15 00:09:38,215 INFO:Validating Batch 50
2024-11-15 00:09:49,161 INFO:Forward pass for validation completed
2024-11-15 00:09:49,170 INFO:Validating Batch 51
2024-11-15 00:10:00,832 INFO:Forward pass for validation completed
2024-11-15 00:10:00,842 INFO:Validating Batch 52
2024-11-15 00:10:13,926 INFO:Forward pass for validation completed
2024-11-15 00:10:13,945 INFO:Validating Batch 53
2024-11-15 00:10:23,899 INFO:Forward pass for validation completed
2024-11-15 00:10:23,903 INFO:Validating Batch 54
2024-11-15 00:10:33,772 INFO:Forward pass for validation completed
2024-11-15 00:10:33,776 INFO:Validating Batch 55
2024-11-15 00:10:43,673 INFO:Forward pass for validation completed
2024-11-15 00:10:43,677 INFO:Validating Batch 56
2024-11-15 00:10:53,905 INFO:Forward pass for validation completed
2024-11-15 00:10:53,911 INFO:Validating Batch 57
2024-11-15 00:11:05,538 INFO:Forward pass for validation completed
2024-11-15 00:11:05,549 INFO:Validating Batch 58
2024-11-15 00:11:16,166 INFO:Forward pass for validation completed
2024-11-15 00:11:16,173 INFO:Validating Batch 59
2024-11-15 00:11:26,671 INFO:Forward pass for validation completed
2024-11-15 00:11:26,677 INFO:Validating Batch 60
2024-11-15 00:11:39,822 INFO:Forward pass for validation completed
2024-11-15 00:11:39,840 INFO:Validating Batch 61
2024-11-15 00:11:51,357 INFO:Forward pass for validation completed
2024-11-15 00:11:51,368 INFO:Validating Batch 62
2024-11-15 00:12:02,957 INFO:Forward pass for validation completed
2024-11-15 00:12:02,969 INFO:Validating Batch 63
2024-11-15 00:12:12,948 INFO:Forward pass for validation completed
2024-11-15 00:12:12,952 INFO:Validating Batch 64
2024-11-15 00:12:25,455 INFO:Forward pass for validation completed
2024-11-15 00:12:25,471 INFO:Validating Batch 65
2024-11-15 00:12:37,961 INFO:Forward pass for validation completed
2024-11-15 00:12:37,978 INFO:Validating Batch 66
2024-11-15 00:12:49,984 INFO:Forward pass for validation completed
2024-11-15 00:12:49,997 INFO:Validating Batch 67
2024-11-15 00:12:59,907 INFO:Forward pass for validation completed
2024-11-15 00:12:59,911 INFO:Validating Batch 68
2024-11-15 00:13:11,261 INFO:Forward pass for validation completed
2024-11-15 00:13:11,271 INFO:Validating Batch 69
2024-11-15 00:13:22,122 INFO:Forward pass for validation completed
2024-11-15 00:13:22,130 INFO:Validating Batch 70
2024-11-15 00:13:33,817 INFO:Forward pass for validation completed
2024-11-15 00:13:33,829 INFO:Validating Batch 71
2024-11-15 00:13:44,171 INFO:Forward pass for validation completed
2024-11-15 00:13:44,177 INFO:Validating Batch 72
2024-11-15 00:13:56,533 INFO:Forward pass for validation completed
2024-11-15 00:13:56,549 INFO:Validating Batch 73
2024-11-15 00:14:08,845 INFO:Forward pass for validation completed
2024-11-15 00:14:08,860 INFO:Validating Batch 74
2024-11-15 00:14:18,962 INFO:Forward pass for validation completed
2024-11-15 00:14:18,967 INFO:Validating Batch 75
2024-11-15 00:14:29,340 INFO:Forward pass for validation completed
2024-11-15 00:14:29,346 INFO:Validating Batch 76
2024-11-15 00:14:39,913 INFO:Forward pass for validation completed
2024-11-15 00:14:39,921 INFO:Validating Batch 77
2024-11-15 00:14:50,617 INFO:Forward pass for validation completed
2024-11-15 00:14:50,625 INFO:Validating Batch 78
2024-11-15 00:15:00,409 INFO:Forward pass for validation completed
2024-11-15 00:15:00,412 INFO:Validating Batch 79
2024-11-15 00:15:11,655 INFO:Forward pass for validation completed
2024-11-15 00:15:11,665 INFO:Validating Batch 80
2024-11-15 00:15:23,740 INFO:Forward pass for validation completed
2024-11-15 00:15:23,753 INFO:Validating Batch 81
2024-11-15 00:15:36,240 INFO:Forward pass for validation completed
2024-11-15 00:15:36,257 INFO:Validating Batch 82
2024-11-15 00:15:47,022 INFO:Forward pass for validation completed
2024-11-15 00:15:47,030 INFO:Validating Batch 83
2024-11-15 00:15:58,312 INFO:Forward pass for validation completed
2024-11-15 00:15:58,323 INFO:Validating Batch 84
2024-11-15 00:16:09,105 INFO:Forward pass for validation completed
2024-11-15 00:16:09,114 INFO:Validating Batch 85
2024-11-15 00:16:19,609 INFO:Forward pass for validation completed
2024-11-15 00:16:19,615 INFO:Validating Batch 86
2024-11-15 00:16:31,331 INFO:Forward pass for validation completed
2024-11-15 00:16:31,344 INFO:Validating Batch 87
2024-11-15 00:16:42,165 INFO:Forward pass for validation completed
2024-11-15 00:16:42,173 INFO:Validating Batch 88
2024-11-15 00:16:52,151 INFO:Forward pass for validation completed
2024-11-15 00:16:52,156 INFO:Validating Batch 89
2024-11-15 00:17:02,078 INFO:Forward pass for validation completed
2024-11-15 00:17:02,082 INFO:Validating Batch 90
2024-11-15 00:17:12,239 INFO:Forward pass for validation completed
2024-11-15 00:17:12,245 INFO:Validating Batch 91
2024-11-15 00:17:24,085 INFO:Forward pass for validation completed
2024-11-15 00:17:24,096 INFO:Validating Batch 92
2024-11-15 00:17:35,344 INFO:Forward pass for validation completed
2024-11-15 00:17:35,354 INFO:Validating Batch 93
2024-11-15 00:17:47,024 INFO:Forward pass for validation completed
2024-11-15 00:17:47,036 INFO:Validating Batch 94
2024-11-15 00:17:57,906 INFO:Forward pass for validation completed
2024-11-15 00:17:57,915 INFO:Validating Batch 95
2024-11-15 00:18:08,541 INFO:Forward pass for validation completed
2024-11-15 00:18:08,548 INFO:Validating Batch 96
2024-11-15 00:18:18,604 INFO:Forward pass for validation completed
2024-11-15 00:18:18,609 INFO:Validating Batch 97
2024-11-15 00:18:30,978 INFO:Forward pass for validation completed
2024-11-15 00:18:30,994 INFO:Validating Batch 98
2024-11-15 00:18:41,243 INFO:Forward pass for validation completed
2024-11-15 00:18:41,249 INFO:Validating Batch 99
2024-11-15 00:18:52,465 INFO:Forward pass for validation completed
2024-11-15 00:18:52,476 INFO:Validating Batch 100
2024-11-15 00:19:04,146 INFO:Forward pass for validation completed
2024-11-15 00:19:04,157 INFO:Validating Batch 101
2024-11-15 00:19:15,891 INFO:Forward pass for validation completed
2024-11-15 00:19:15,903 INFO:Validating Batch 102
2024-11-15 00:19:26,176 INFO:Forward pass for validation completed
2024-11-15 00:19:26,182 INFO:Validating Batch 103
2024-11-15 00:19:37,679 INFO:Forward pass for validation completed
2024-11-15 00:19:37,691 INFO:Validating Batch 104
2024-11-15 00:19:47,686 INFO:Forward pass for validation completed
2024-11-15 00:19:47,690 INFO:Validating Batch 105
2024-11-15 00:19:58,203 INFO:Forward pass for validation completed
2024-11-15 00:19:58,210 INFO:Validating Batch 106
2024-11-15 00:20:09,086 INFO:Forward pass for validation completed
2024-11-15 00:20:09,096 INFO:Validating Batch 107
2024-11-15 00:20:22,307 INFO:Forward pass for validation completed
2024-11-15 00:20:22,325 INFO:Validating Batch 108
2024-11-15 00:20:33,542 INFO:Forward pass for validation completed
2024-11-15 00:20:33,552 INFO:Validating Batch 109
2024-11-15 00:20:45,141 INFO:Forward pass for validation completed
2024-11-15 00:20:45,153 INFO:Validating Batch 110
2024-11-15 00:20:57,746 INFO:Forward pass for validation completed
2024-11-15 00:20:57,762 INFO:Validating Batch 111
2024-11-15 00:21:08,599 INFO:Forward pass for validation completed
2024-11-15 00:21:08,609 INFO:Validating Batch 112
2024-11-15 00:21:19,350 INFO:Forward pass for validation completed
2024-11-15 00:21:19,359 INFO:Validating Batch 113
2024-11-15 00:21:30,003 INFO:Forward pass for validation completed
2024-11-15 00:21:30,011 INFO:Validating Batch 114
2024-11-15 00:21:42,436 INFO:Forward pass for validation completed
2024-11-15 00:21:42,454 INFO:Validating Batch 115
2024-11-15 00:21:54,825 INFO:Forward pass for validation completed
2024-11-15 00:21:54,858 INFO:Validating Batch 116
2024-11-15 00:22:05,070 INFO:Forward pass for validation completed
2024-11-15 00:22:05,094 INFO:Validating Batch 117
2024-11-15 00:22:15,544 INFO:Forward pass for validation completed
2024-11-15 00:22:15,568 INFO:Validating Batch 118
2024-11-15 00:22:26,010 INFO:Forward pass for validation completed
2024-11-15 00:22:26,034 INFO:Validating Batch 119
2024-11-15 00:22:37,830 INFO:Forward pass for validation completed
2024-11-15 00:22:37,859 INFO:Validating Batch 120
2024-11-15 00:22:51,131 INFO:Forward pass for validation completed
2024-11-15 00:22:51,167 INFO:Validating Batch 121
2024-11-15 00:23:03,183 INFO:Forward pass for validation completed
2024-11-15 00:23:03,215 INFO:Validating Batch 122
2024-11-15 00:23:15,205 INFO:Forward pass for validation completed
2024-11-15 00:23:15,217 INFO:Validating Batch 123
2024-11-15 00:23:26,502 INFO:Forward pass for validation completed
2024-11-15 00:23:26,513 INFO:Validating Batch 124
2024-11-15 00:23:36,868 INFO:Forward pass for validation completed
2024-11-15 00:23:36,874 INFO:Validating Batch 125
2024-11-15 00:23:50,004 INFO:Forward pass for validation completed
2024-11-15 00:23:50,022 INFO:Validating Batch 126
2024-11-15 00:24:02,019 INFO:Forward pass for validation completed
2024-11-15 00:24:02,031 INFO:Validating Batch 127
2024-11-15 00:24:15,313 INFO:Forward pass for validation completed
2024-11-15 00:24:15,331 INFO:Validating Batch 128
2024-11-15 00:24:25,157 INFO:Forward pass for validation completed
2024-11-15 00:24:25,161 INFO:Validating Batch 129
2024-11-15 00:24:37,582 INFO:Forward pass for validation completed
2024-11-15 00:24:37,597 INFO:Validating Batch 130
2024-11-15 00:24:50,913 INFO:Forward pass for validation completed
2024-11-15 00:24:50,932 INFO:Validating Batch 131
2024-11-15 00:25:01,043 INFO:Forward pass for validation completed
2024-11-15 00:25:01,049 INFO:Validating Batch 132
2024-11-15 00:25:11,194 INFO:Forward pass for validation completed
2024-11-15 00:25:11,200 INFO:Validating Batch 133
2024-11-15 00:25:21,985 INFO:Forward pass for validation completed
2024-11-15 00:25:21,995 INFO:Validating Batch 134
2024-11-15 00:25:32,039 INFO:Forward pass for validation completed
2024-11-15 00:25:32,045 INFO:Validating Batch 135
2024-11-15 00:25:43,939 INFO:Forward pass for validation completed
2024-11-15 00:25:43,951 INFO:Validating Batch 136
2024-11-15 00:25:54,663 INFO:Forward pass for validation completed
2024-11-15 00:25:54,671 INFO:Validating Batch 137
2024-11-15 00:26:04,465 INFO:Forward pass for validation completed
2024-11-15 00:26:04,469 INFO:Validating Batch 138
2024-11-15 00:26:15,051 INFO:Forward pass for validation completed
2024-11-15 00:26:15,059 INFO:Validating Batch 139
2024-11-15 00:26:25,383 INFO:Forward pass for validation completed
2024-11-15 00:26:25,390 INFO:Validating Batch 140
2024-11-15 00:26:36,167 INFO:Forward pass for validation completed
2024-11-15 00:26:36,176 INFO:Validating Batch 141
2024-11-15 00:26:48,753 INFO:Forward pass for validation completed
2024-11-15 00:26:48,769 INFO:Validating Batch 142
2024-11-15 00:27:01,262 INFO:Forward pass for validation completed
2024-11-15 00:27:01,278 INFO:Validating Batch 143
2024-11-15 00:27:12,269 INFO:Forward pass for validation completed
2024-11-15 00:27:12,278 INFO:Validating Batch 144
2024-11-15 00:27:22,899 INFO:Forward pass for validation completed
2024-11-15 00:27:22,907 INFO:Validating Batch 145
2024-11-15 00:27:33,219 INFO:Forward pass for validation completed
2024-11-15 00:27:33,224 INFO:Validating Batch 146
2024-11-15 00:27:43,005 INFO:Forward pass for validation completed
2024-11-15 00:27:43,009 INFO:Validating Batch 147
2024-11-15 00:27:53,045 INFO:Forward pass for validation completed
2024-11-15 00:27:53,050 INFO:Validating Batch 148
2024-11-15 00:28:03,043 INFO:Forward pass for validation completed
2024-11-15 00:28:03,047 INFO:Validating Batch 149
2024-11-15 00:28:14,617 INFO:Forward pass for validation completed
2024-11-15 00:28:14,629 INFO:Validating Batch 150
2024-11-15 00:28:26,229 INFO:Forward pass for validation completed
2024-11-15 00:28:26,240 INFO:Validating Batch 151
2024-11-15 00:28:36,297 INFO:Forward pass for validation completed
2024-11-15 00:28:36,302 INFO:Validating Batch 152
2024-11-15 00:28:47,305 INFO:Forward pass for validation completed
2024-11-15 00:28:47,315 INFO:Validating Batch 153
2024-11-15 00:28:58,033 INFO:Forward pass for validation completed
2024-11-15 00:28:58,042 INFO:Validating Batch 154
2024-11-15 00:29:08,290 INFO:Forward pass for validation completed
2024-11-15 00:29:08,296 INFO:Validating Batch 155
2024-11-15 00:29:18,339 INFO:Forward pass for validation completed
2024-11-15 00:29:18,344 INFO:Validating Batch 156
2024-11-15 00:29:28,843 INFO:Forward pass for validation completed
2024-11-15 00:29:28,850 INFO:Validating Batch 157
2024-11-15 00:29:38,995 INFO:Forward pass for validation completed
2024-11-15 00:29:39,000 INFO:Validating Batch 158
2024-11-15 00:29:48,892 INFO:Forward pass for validation completed
2024-11-15 00:29:48,895 INFO:Validating Batch 159
2024-11-15 00:30:01,461 INFO:Forward pass for validation completed
2024-11-15 00:30:01,477 INFO:Validating Batch 160
2024-11-15 00:30:12,469 INFO:Forward pass for validation completed
2024-11-15 00:30:12,479 INFO:Validating Batch 161
2024-11-15 00:30:23,214 INFO:Forward pass for validation completed
2024-11-15 00:30:23,222 INFO:Validating Batch 162
2024-11-15 00:30:33,490 INFO:Forward pass for validation completed
2024-11-15 00:30:33,496 INFO:Validating Batch 163
2024-11-15 00:30:43,736 INFO:Forward pass for validation completed
2024-11-15 00:30:43,741 INFO:Validating Batch 164
2024-11-15 00:30:53,586 INFO:Forward pass for validation completed
2024-11-15 00:30:53,590 INFO:Validating Batch 165
2024-11-15 00:31:03,910 INFO:Forward pass for validation completed
2024-11-15 00:31:03,916 INFO:Validating Batch 166
2024-11-15 00:31:15,407 INFO:Forward pass for validation completed
2024-11-15 00:31:15,419 INFO:Validating Batch 167
2024-11-15 00:31:26,341 INFO:Forward pass for validation completed
2024-11-15 00:31:26,349 INFO:Validating Batch 168
2024-11-15 00:31:36,348 INFO:Forward pass for validation completed
2024-11-15 00:31:36,353 INFO:Validating Batch 169
2024-11-15 00:31:47,864 INFO:Forward pass for validation completed
2024-11-15 00:31:47,874 INFO:Validating Batch 170
2024-11-15 00:31:57,672 INFO:Forward pass for validation completed
2024-11-15 00:31:57,675 INFO:Validating Batch 171
2024-11-15 00:32:07,430 INFO:Forward pass for validation completed
2024-11-15 00:32:07,434 INFO:Validating Batch 172
2024-11-15 00:32:18,445 INFO:Forward pass for validation completed
2024-11-15 00:32:18,455 INFO:Validating Batch 173
2024-11-15 00:32:28,383 INFO:Forward pass for validation completed
2024-11-15 00:32:28,388 INFO:Validating Batch 174
2024-11-15 00:32:39,205 INFO:Forward pass for validation completed
2024-11-15 00:32:39,214 INFO:Validating Batch 175
2024-11-15 00:32:49,087 INFO:Forward pass for validation completed
2024-11-15 00:32:49,091 INFO:Validating Batch 176
2024-11-15 00:32:59,810 INFO:Forward pass for validation completed
2024-11-15 00:32:59,836 INFO:Validating Batch 177
2024-11-15 00:33:12,971 INFO:Forward pass for validation completed
2024-11-15 00:33:12,990 INFO:Validating Batch 178
2024-11-15 00:33:24,402 INFO:Forward pass for validation completed
2024-11-15 00:33:24,413 INFO:Validating Batch 179
2024-11-15 00:33:34,847 INFO:Forward pass for validation completed
2024-11-15 00:33:34,854 INFO:Validating Batch 180
2024-11-15 00:33:47,967 INFO:Forward pass for validation completed
2024-11-15 00:33:47,985 INFO:Validating Batch 181
2024-11-15 00:33:58,600 INFO:Forward pass for validation completed
2024-11-15 00:33:58,607 INFO:Validating Batch 182
2024-11-15 00:34:10,099 INFO:Forward pass for validation completed
2024-11-15 00:34:10,110 INFO:Validating Batch 183
2024-11-15 00:34:22,996 INFO:Forward pass for validation completed
2024-11-15 00:34:23,013 INFO:Validating Batch 184
2024-11-15 00:34:32,999 INFO:Forward pass for validation completed
2024-11-15 00:34:33,004 INFO:Validating Batch 185
2024-11-15 00:34:45,609 INFO:Forward pass for validation completed
2024-11-15 00:34:45,626 INFO:Validating Batch 186
2024-11-15 00:34:57,082 INFO:Forward pass for validation completed
2024-11-15 00:34:57,093 INFO:Validating Batch 187
2024-11-15 00:35:08,537 INFO:Forward pass for validation completed
2024-11-15 00:35:08,546 INFO:Validating Batch 188
2024-11-15 00:35:20,946 INFO:Forward pass for validation completed
2024-11-15 00:35:20,961 INFO:Validating Batch 189
2024-11-15 00:35:31,817 INFO:Forward pass for validation completed
2024-11-15 00:35:31,826 INFO:Validating Batch 190
2024-11-15 00:35:41,878 INFO:Forward pass for validation completed
2024-11-15 00:35:41,883 INFO:Validating Batch 191
2024-11-15 00:35:52,578 INFO:Forward pass for validation completed
2024-11-15 00:35:52,586 INFO:Validating Batch 192
2024-11-15 00:36:02,461 INFO:Forward pass for validation completed
2024-11-15 00:36:02,464 INFO:Validating Batch 193
2024-11-15 00:36:14,096 INFO:Forward pass for validation completed
2024-11-15 00:36:14,107 INFO:Validating Batch 194
2024-11-15 00:36:27,295 INFO:Forward pass for validation completed
2024-11-15 00:36:27,313 INFO:Validating Batch 195
2024-11-15 00:36:37,901 INFO:Forward pass for validation completed
2024-11-15 00:36:37,909 INFO:Validating Batch 196
2024-11-15 00:36:51,012 INFO:Forward pass for validation completed
2024-11-15 00:36:51,030 INFO:Validating Batch 197
2024-11-15 00:37:00,855 INFO:Forward pass for validation completed
2024-11-15 00:37:00,859 INFO:Validating Batch 198
2024-11-15 00:37:11,278 INFO:Forward pass for validation completed
2024-11-15 00:37:11,284 INFO:Validating Batch 199
2024-11-15 00:37:22,791 INFO:Forward pass for validation completed
2024-11-15 00:37:22,803 INFO:Validating Batch 200
2024-11-15 00:37:33,588 INFO:Forward pass for validation completed
2024-11-15 00:37:33,598 INFO:Validating Batch 201
2024-11-15 00:37:44,310 INFO:Forward pass for validation completed
2024-11-15 00:37:44,319 INFO:Validating Batch 202
2024-11-15 00:37:54,354 INFO:Forward pass for validation completed
2024-11-15 00:37:54,358 INFO:Validating Batch 203
2024-11-15 00:38:05,985 INFO:Forward pass for validation completed
2024-11-15 00:38:05,997 INFO:Validating Batch 204
2024-11-15 00:38:16,085 INFO:Forward pass for validation completed
2024-11-15 00:38:16,090 INFO:Validating Batch 205
2024-11-15 00:38:26,775 INFO:Forward pass for validation completed
2024-11-15 00:38:26,783 INFO:Validating Batch 206
2024-11-15 00:38:36,967 INFO:Forward pass for validation completed
2024-11-15 00:38:36,975 INFO:Validating Batch 207
2024-11-15 00:38:47,089 INFO:Forward pass for validation completed
2024-11-15 00:38:47,094 INFO:Validating Batch 208
2024-11-15 00:38:58,627 INFO:Forward pass for validation completed
2024-11-15 00:38:58,639 INFO:Validating Batch 209
2024-11-15 00:39:09,375 INFO:Forward pass for validation completed
2024-11-15 00:39:09,384 INFO:Validating Batch 210
2024-11-15 00:39:20,583 INFO:Forward pass for validation completed
2024-11-15 00:39:20,594 INFO:Validating Batch 211
2024-11-15 00:39:31,166 INFO:Forward pass for validation completed
2024-11-15 00:39:31,174 INFO:Validating Batch 212
2024-11-15 00:39:41,134 INFO:Forward pass for validation completed
2024-11-15 00:39:41,139 INFO:Validating Batch 213
2024-11-15 00:39:51,495 INFO:Forward pass for validation completed
2024-11-15 00:39:51,501 INFO:Validating Batch 214
2024-11-15 00:40:01,311 INFO:Forward pass for validation completed
2024-11-15 00:40:01,319 INFO:Validating Batch 215
2024-11-15 00:40:14,539 INFO:Forward pass for validation completed
2024-11-15 00:40:14,559 INFO:Validating Batch 216
2024-11-15 00:40:26,088 INFO:Forward pass for validation completed
2024-11-15 00:40:26,100 INFO:Validating Batch 217
2024-11-15 00:40:37,810 INFO:Forward pass for validation completed
2024-11-15 00:40:37,825 INFO:Validating Batch 218
2024-11-15 00:40:48,031 INFO:Forward pass for validation completed
2024-11-15 00:40:48,041 INFO:Validating Batch 219
2024-11-15 00:40:58,217 INFO:Forward pass for validation completed
2024-11-15 00:40:58,223 INFO:Validating Batch 220
2024-11-15 00:41:08,376 INFO:Forward pass for validation completed
2024-11-15 00:41:08,382 INFO:Validating Batch 221
2024-11-15 00:41:18,934 INFO:Forward pass for validation completed
2024-11-15 00:41:18,942 INFO:Validating Batch 222
2024-11-15 00:41:31,328 INFO:Forward pass for validation completed
2024-11-15 00:41:31,344 INFO:Validating Batch 223
2024-11-15 00:41:44,616 INFO:Forward pass for validation completed
2024-11-15 00:41:44,635 INFO:Validating Batch 224
2024-11-15 00:41:56,483 INFO:Forward pass for validation completed
2024-11-15 00:41:56,496 INFO:Validating Batch 225
2024-11-15 00:42:08,213 INFO:Forward pass for validation completed
2024-11-15 00:42:08,223 INFO:Validating Batch 226
2024-11-15 00:42:18,074 INFO:Forward pass for validation completed
2024-11-15 00:42:18,080 INFO:Validating Batch 227
2024-11-15 00:42:31,284 INFO:Forward pass for validation completed
2024-11-15 00:42:31,303 INFO:Validating Batch 228
2024-11-15 00:42:41,188 INFO:Forward pass for validation completed
2024-11-15 00:42:41,193 INFO:Validating Batch 229
2024-11-15 00:42:51,148 INFO:Forward pass for validation completed
2024-11-15 00:42:51,153 INFO:Validating Batch 230
2024-11-15 00:43:01,566 INFO:Forward pass for validation completed
2024-11-15 00:43:01,573 INFO:Validating Batch 231
2024-11-15 00:43:11,869 INFO:Forward pass for validation completed
2024-11-15 00:43:11,876 INFO:Validating Batch 232
2024-11-15 00:43:22,461 INFO:Forward pass for validation completed
2024-11-15 00:43:22,469 INFO:Validating Batch 233
2024-11-15 00:43:32,616 INFO:Forward pass for validation completed
2024-11-15 00:43:32,622 INFO:Validating Batch 234
2024-11-15 00:43:43,415 INFO:Forward pass for validation completed
2024-11-15 00:43:43,425 INFO:Validating Batch 235
2024-11-15 00:43:53,623 INFO:Forward pass for validation completed
2024-11-15 00:43:53,629 INFO:Validating Batch 236
2024-11-15 00:44:05,846 INFO:Forward pass for validation completed
2024-11-15 00:44:05,862 INFO:Validating Batch 237
2024-11-15 00:44:16,324 INFO:Forward pass for validation completed
2024-11-15 00:44:16,331 INFO:Validating Batch 238
2024-11-15 00:44:26,313 INFO:Forward pass for validation completed
2024-11-15 00:44:26,320 INFO:Validating Batch 239
2024-11-15 00:44:39,599 INFO:Forward pass for validation completed
2024-11-15 00:44:39,618 INFO:Validating Batch 240
2024-11-15 00:44:50,514 INFO:Forward pass for validation completed
2024-11-15 00:44:50,526 INFO:Validating Batch 241
2024-11-15 00:45:03,704 INFO:Forward pass for validation completed
2024-11-15 00:45:03,722 INFO:Validating Batch 242
2024-11-15 00:45:13,826 INFO:Forward pass for validation completed
2024-11-15 00:45:13,832 INFO:Validating Batch 243
2024-11-15 00:45:23,827 INFO:Forward pass for validation completed
2024-11-15 00:45:23,832 INFO:Validating Batch 244
2024-11-15 00:45:34,600 INFO:Forward pass for validation completed
2024-11-15 00:45:34,609 INFO:Validating Batch 245
2024-11-15 00:45:44,586 INFO:Forward pass for validation completed
2024-11-15 00:45:44,593 INFO:Validating Batch 246
2024-11-15 00:45:57,375 INFO:Forward pass for validation completed
2024-11-15 00:45:57,392 INFO:Validating Batch 247
2024-11-15 00:46:07,385 INFO:Forward pass for validation completed
2024-11-15 00:46:07,391 INFO:Validating Batch 248
2024-11-15 00:46:17,606 INFO:Forward pass for validation completed
2024-11-15 00:46:17,613 INFO:Validating Batch 249
2024-11-15 00:46:27,645 INFO:Forward pass for validation completed
2024-11-15 00:46:27,651 INFO:Validating Batch 250
2024-11-15 00:46:40,421 INFO:Forward pass for validation completed
2024-11-15 00:46:40,440 INFO:Validating Batch 251
2024-11-15 00:46:50,813 INFO:Forward pass for validation completed
2024-11-15 00:46:50,820 INFO:Validating Batch 252
2024-11-15 00:47:00,745 INFO:Forward pass for validation completed
2024-11-15 00:47:00,750 INFO:Validating Batch 253
2024-11-15 00:47:11,686 INFO:Forward pass for validation completed
2024-11-15 00:47:11,697 INFO:Validating Batch 254
2024-11-15 00:47:22,918 INFO:Forward pass for validation completed
2024-11-15 00:47:22,931 INFO:Validating Batch 255
2024-11-15 00:47:36,152 INFO:Forward pass for validation completed
2024-11-15 00:47:36,171 INFO:Validating Batch 256
2024-11-15 00:47:46,152 INFO:Forward pass for validation completed
2024-11-15 00:47:46,157 INFO:Validating Batch 257
2024-11-15 00:47:56,034 INFO:Forward pass for validation completed
2024-11-15 00:47:56,039 INFO:Validating Batch 258
2024-11-15 00:48:06,109 INFO:Forward pass for validation completed
2024-11-15 00:48:06,116 INFO:Validating Batch 259
2024-11-15 00:48:16,337 INFO:Forward pass for validation completed
2024-11-15 00:48:16,344 INFO:Validating Batch 260
2024-11-15 00:48:28,023 INFO:Forward pass for validation completed
2024-11-15 00:48:28,035 INFO:Validating Batch 261
2024-11-15 00:48:37,813 INFO:Forward pass for validation completed
2024-11-15 00:48:37,818 INFO:Validating Batch 262
2024-11-15 00:48:51,179 INFO:Forward pass for validation completed
2024-11-15 00:48:51,198 INFO:Validating Batch 263
2024-11-15 00:49:01,249 INFO:Forward pass for validation completed
2024-11-15 00:49:01,254 INFO:Validating Batch 264
2024-11-15 00:49:11,204 INFO:Forward pass for validation completed
2024-11-15 00:49:11,209 INFO:Validating Batch 265
2024-11-15 00:49:23,718 INFO:Forward pass for validation completed
2024-11-15 00:49:23,736 INFO:Validating Batch 266
2024-11-15 00:49:35,276 INFO:Forward pass for validation completed
2024-11-15 00:49:35,289 INFO:Validating Batch 267
2024-11-15 00:49:47,162 INFO:Forward pass for validation completed
2024-11-15 00:49:47,174 INFO:Validating Batch 268
2024-11-15 00:49:57,413 INFO:Forward pass for validation completed
2024-11-15 00:49:57,418 INFO:Validating Batch 269
2024-11-15 00:50:07,396 INFO:Forward pass for validation completed
2024-11-15 00:50:07,402 INFO:Validating Batch 270
2024-11-15 00:50:19,448 INFO:Forward pass for validation completed
2024-11-15 00:50:19,462 INFO:Validating Batch 271
2024-11-15 00:50:29,451 INFO:Forward pass for validation completed
2024-11-15 00:50:29,455 INFO:Validating Batch 272
2024-11-15 00:50:39,544 INFO:Forward pass for validation completed
2024-11-15 00:50:39,550 INFO:Validating Batch 273
2024-11-15 00:50:50,678 INFO:Forward pass for validation completed
2024-11-15 00:50:50,689 INFO:Validating Batch 274
2024-11-15 00:51:03,209 INFO:Forward pass for validation completed
2024-11-15 00:51:03,227 INFO:Validating Batch 275
2024-11-15 00:51:16,470 INFO:Forward pass for validation completed
2024-11-15 00:51:16,489 INFO:Validating Batch 276
2024-11-15 00:51:28,029 INFO:Forward pass for validation completed
2024-11-15 00:51:28,042 INFO:Validating Batch 277
2024-11-15 00:51:38,047 INFO:Forward pass for validation completed
2024-11-15 00:51:38,053 INFO:Validating Batch 278
2024-11-15 00:51:48,180 INFO:Forward pass for validation completed
2024-11-15 00:51:48,187 INFO:Validating Batch 279
2024-11-15 00:52:00,149 INFO:Forward pass for validation completed
2024-11-15 00:52:00,164 INFO:Validating Batch 280
2024-11-15 00:52:10,495 INFO:Forward pass for validation completed
2024-11-15 00:52:10,503 INFO:Validating Batch 281
2024-11-15 00:52:21,309 INFO:Forward pass for validation completed
2024-11-15 00:52:21,320 INFO:Validating Batch 282
2024-11-15 00:52:32,914 INFO:Forward pass for validation completed
2024-11-15 00:52:32,927 INFO:Validating Batch 283
2024-11-15 00:52:43,100 INFO:Forward pass for validation completed
2024-11-15 00:52:43,106 INFO:Validating Batch 284
2024-11-15 00:52:53,529 INFO:Forward pass for validation completed
2024-11-15 00:52:53,536 INFO:Validating Batch 285
2024-11-15 00:53:03,491 INFO:Forward pass for validation completed
2024-11-15 00:53:03,495 INFO:Validation - Average Total Loss: 22553.8478, Average AA Loss: 3.2752, Average KL Loss: 22550.5732
2024-11-15 00:53:03,519 INFO:Model checkpoint saved at ./MAIN_checkpoints/ProAutoMD_epoch_2.pt
2024-11-15 00:53:03,519 INFO:
Starting Epoch 3/10
2024-11-15 00:53:03,522 INFO:Processing Batch 1
2024-11-15 00:53:03,524 INFO:Data moved to device
2024-11-15 00:53:16,101 INFO:Forward pass completed
2024-11-15 00:53:16,102 INFO:aa_pred_valid shape: torch.Size([220000, 26])
2024-11-15 00:53:16,103 INFO:x_valid shape: torch.Size([220000])
2024-11-15 00:53:16,110 INFO:AA Prediction Loss: 3.2789
2024-11-15 00:53:16,110 INFO:Total Loss: 18673.2305
2024-11-15 00:53:37,072 INFO:Backward pass completed
2024-11-15 00:53:37,120 INFO:Gradient clipping applied
2024-11-15 00:53:37,142 INFO:Optimizer step completed
2024-11-15 00:53:37,164 INFO:Processing Batch 2
2024-11-15 00:53:37,167 INFO:Data moved to device
2024-11-15 00:53:49,520 INFO:Forward pass completed
2024-11-15 00:53:49,523 INFO:aa_pred_valid shape: torch.Size([158000, 26])
2024-11-15 00:53:49,524 INFO:x_valid shape: torch.Size([158000])
2024-11-15 00:53:49,531 INFO:AA Prediction Loss: 3.2604
2024-11-15 00:53:49,784 INFO:Total Loss: 16266.1855
2024-11-15 00:54:08,934 INFO:Backward pass completed
2024-11-15 00:54:08,968 INFO:Gradient clipping applied
2024-11-15 00:54:08,982 INFO:Optimizer step completed
2024-11-15 00:54:09,005 INFO:Processing Batch 3
2024-11-15 00:54:09,009 INFO:Data moved to device
2024-11-15 00:54:22,494 INFO:Forward pass completed
2024-11-15 00:54:22,497 INFO:aa_pred_valid shape: torch.Size([299000, 26])
2024-11-15 00:54:22,499 INFO:x_valid shape: torch.Size([299000])
2024-11-15 00:54:22,510 INFO:AA Prediction Loss: 3.2604
2024-11-15 00:54:22,796 INFO:Total Loss: 15658.9355
2024-11-15 00:54:46,976 INFO:Backward pass completed
2024-11-15 00:54:47,025 INFO:Gradient clipping applied
2024-11-15 00:54:47,036 INFO:Optimizer step completed
2024-11-15 00:54:47,051 INFO:Processing Batch 4
2024-11-15 00:54:47,055 INFO:Data moved to device
2024-11-15 00:54:59,993 INFO:Forward pass completed
2024-11-15 00:54:59,996 INFO:aa_pred_valid shape: torch.Size([230000, 26])
2024-11-15 00:54:59,998 INFO:x_valid shape: torch.Size([230000])
2024-11-15 00:55:00,008 INFO:AA Prediction Loss: 3.2591
2024-11-15 00:55:00,440 INFO:Total Loss: 14665.8682
2024-11-15 00:55:22,370 INFO:Backward pass completed
2024-11-15 00:55:22,408 INFO:Gradient clipping applied
2024-11-15 00:55:22,420 INFO:Optimizer step completed
2024-11-15 00:55:22,444 INFO:Processing Batch 5
2024-11-15 00:55:22,447 INFO:Data moved to device
2024-11-15 00:55:34,123 INFO:Forward pass completed
2024-11-15 00:55:34,144 INFO:aa_pred_valid shape: torch.Size([93000, 26])
2024-11-15 00:55:34,146 INFO:x_valid shape: torch.Size([93000])
2024-11-15 00:55:34,149 INFO:AA Prediction Loss: 3.2483
2024-11-15 00:55:34,585 INFO:Total Loss: 14561.1895
2024-11-15 00:55:53,799 INFO:Backward pass completed
2024-11-15 00:55:53,837 INFO:Gradient clipping applied
2024-11-15 00:55:53,851 INFO:Optimizer step completed
2024-11-15 00:55:53,873 INFO:Processing Batch 6
2024-11-15 00:55:53,877 INFO:Data moved to device
2024-11-15 00:56:05,734 INFO:Forward pass completed
2024-11-15 00:56:05,758 INFO:aa_pred_valid shape: torch.Size([118000, 26])
2024-11-15 00:56:05,759 INFO:x_valid shape: torch.Size([118000])
2024-11-15 00:56:05,764 INFO:AA Prediction Loss: 3.2574
2024-11-15 00:56:06,124 INFO:Total Loss: 13626.1660
2024-11-15 00:56:25,734 INFO:Backward pass completed
2024-11-15 00:56:25,780 INFO:Gradient clipping applied
2024-11-15 00:56:25,793 INFO:Optimizer step completed
2024-11-15 00:56:25,817 INFO:Processing Batch 7
2024-11-15 00:56:25,821 INFO:Data moved to device
2024-11-15 00:56:40,236 INFO:Forward pass completed
2024-11-15 00:56:40,261 INFO:aa_pred_valid shape: torch.Size([419000, 26])
2024-11-15 00:56:40,263 INFO:x_valid shape: torch.Size([419000])
2024-11-15 00:56:40,277 INFO:AA Prediction Loss: 3.2715
2024-11-15 00:56:40,725 INFO:Total Loss: 11069.5449
2024-11-15 00:57:10,938 INFO:Backward pass completed
2024-11-15 00:57:10,986 INFO:Gradient clipping applied
2024-11-15 00:57:10,998 INFO:Optimizer step completed
2024-11-15 00:57:11,014 INFO:Processing Batch 8
2024-11-15 00:57:11,018 INFO:Data moved to device
2024-11-15 00:57:24,326 INFO:Forward pass completed
2024-11-15 00:57:24,350 INFO:aa_pred_valid shape: torch.Size([281000, 26])
2024-11-15 00:57:24,351 INFO:x_valid shape: torch.Size([281000])
2024-11-15 00:57:24,362 INFO:AA Prediction Loss: 3.2666
2024-11-15 00:57:24,812 INFO:Total Loss: 10222.5400
2024-11-15 00:57:48,488 INFO:Backward pass completed
2024-11-15 00:57:48,524 INFO:Gradient clipping applied
2024-11-15 00:57:48,537 INFO:Optimizer step completed
2024-11-15 00:57:48,554 INFO:Processing Batch 9
2024-11-15 00:57:48,557 INFO:Data moved to device
2024-11-15 00:58:00,514 INFO:Forward pass completed
2024-11-15 00:58:00,538 INFO:aa_pred_valid shape: torch.Size([88000, 26])
2024-11-15 00:58:00,540 INFO:x_valid shape: torch.Size([88000])
2024-11-15 00:58:00,543 INFO:AA Prediction Loss: 3.2692
2024-11-15 00:58:00,994 INFO:Total Loss: 16890.3301
2024-11-15 00:58:20,498 INFO:Backward pass completed
2024-11-15 00:58:20,519 INFO:Gradient clipping applied
2024-11-15 00:58:20,533 INFO:Optimizer step completed
2024-11-15 00:58:20,550 INFO:Processing Batch 10
2024-11-15 00:58:20,553 INFO:Data moved to device
2024-11-15 00:58:33,423 INFO:Forward pass completed
2024-11-15 00:58:33,446 INFO:aa_pred_valid shape: torch.Size([215000, 26])
2024-11-15 00:58:33,448 INFO:x_valid shape: torch.Size([215000])
2024-11-15 00:58:33,457 INFO:AA Prediction Loss: 3.2649
2024-11-15 00:58:33,824 INFO:Total Loss: 8929.7090
2024-11-15 00:58:55,123 INFO:Backward pass completed
2024-11-15 00:58:55,151 INFO:Gradient clipping applied
2024-11-15 00:58:55,165 INFO:Optimizer step completed
2024-11-15 00:58:55,181 INFO:Processing Batch 11
2024-11-15 00:58:55,184 INFO:Data moved to device
2024-11-15 00:59:06,708 INFO:Forward pass completed
2024-11-15 00:59:06,731 INFO:aa_pred_valid shape: torch.Size([69000, 26])
2024-11-15 00:59:06,733 INFO:x_valid shape: torch.Size([69000])
2024-11-15 00:59:06,736 INFO:AA Prediction Loss: 3.2601
2024-11-15 00:59:07,177 INFO:Total Loss: 11758.8818
2024-11-15 00:59:26,680 INFO:Backward pass completed
2024-11-15 00:59:26,719 INFO:Gradient clipping applied
2024-11-15 00:59:26,731 INFO:Optimizer step completed
2024-11-15 00:59:26,749 INFO:Processing Batch 12
2024-11-15 00:59:26,752 INFO:Data moved to device
2024-11-15 00:59:39,259 INFO:Forward pass completed
2024-11-15 00:59:39,283 INFO:aa_pred_valid shape: torch.Size([171000, 26])
2024-11-15 00:59:39,284 INFO:x_valid shape: torch.Size([171000])
2024-11-15 00:59:39,291 INFO:AA Prediction Loss: 3.2764
2024-11-15 00:59:39,660 INFO:Total Loss: 8148.5142
2024-11-15 00:59:59,040 INFO:Backward pass completed
2024-11-15 00:59:59,086 INFO:Gradient clipping applied
2024-11-15 00:59:59,099 INFO:Optimizer step completed
2024-11-15 00:59:59,116 INFO:Processing Batch 13
2024-11-15 00:59:59,120 INFO:Data moved to device
2024-11-15 01:00:11,276 INFO:Forward pass completed
2024-11-15 01:00:11,300 INFO:aa_pred_valid shape: torch.Size([137000, 26])
2024-11-15 01:00:11,301 INFO:x_valid shape: torch.Size([137000])
2024-11-15 01:00:11,307 INFO:AA Prediction Loss: 3.2658
2024-11-15 01:00:11,671 INFO:Total Loss: 7399.9365
2024-11-15 01:00:31,083 INFO:Backward pass completed
2024-11-15 01:00:31,123 INFO:Gradient clipping applied
2024-11-15 01:00:31,139 INFO:Optimizer step completed
2024-11-15 01:00:31,157 INFO:Processing Batch 14
2024-11-15 01:00:31,160 INFO:Data moved to device
2024-11-15 01:00:43,651 INFO:Forward pass completed
2024-11-15 01:00:43,675 INFO:aa_pred_valid shape: torch.Size([193000, 26])
2024-11-15 01:00:43,676 INFO:x_valid shape: torch.Size([193000])
2024-11-15 01:00:43,684 INFO:AA Prediction Loss: 3.2592
2024-11-15 01:00:44,053 INFO:Total Loss: 6941.0693
2024-11-15 01:01:04,278 INFO:Backward pass completed
2024-11-15 01:01:04,326 INFO:Gradient clipping applied
2024-11-15 01:01:04,340 INFO:Optimizer step completed
2024-11-15 01:01:04,362 INFO:Processing Batch 15
2024-11-15 01:01:04,365 INFO:Data moved to device
2024-11-15 01:01:19,008 ERROR:Error during forward pass: CUDA out of memory. Tried to allocate 2.00 MiB (GPU 0; 39.50 GiB total capacity; 32.86 GiB already allocated; 1.81 MiB free; 33.10 GiB reserved in total by PyTorch) If reserved memory is >> allocated memory try setting max_split_size_mb to avoid fragmentation.  See documentation for Memory Management and PYTORCH_CUDA_ALLOC_CONF
2024-11-15 01:01:19,518 INFO:Epoch 3 completed - Average Total Loss: 11654.1401, Average AA Loss: 3.0466, Average KL Loss: 11651.0937
2024-11-15 01:01:19,553 INFO:Validating Batch 1
2024-11-15 01:01:32,091 INFO:Forward pass for validation completed
2024-11-15 01:01:32,745 INFO:Validating Batch 2
2024-11-15 01:01:43,701 INFO:Forward pass for validation completed
2024-11-15 01:01:43,710 INFO:Validating Batch 3
2024-11-15 01:01:54,084 INFO:Forward pass for validation completed
2024-11-15 01:01:54,091 INFO:Validating Batch 4
2024-11-15 01:02:05,937 INFO:Forward pass for validation completed
2024-11-15 01:02:05,949 INFO:Validating Batch 5
2024-11-15 01:02:15,755 INFO:Forward pass for validation completed
2024-11-15 01:02:15,760 INFO:Validating Batch 6
2024-11-15 01:02:27,408 INFO:Forward pass for validation completed
2024-11-15 01:02:27,419 INFO:Validating Batch 7
2024-11-15 01:02:38,843 INFO:Forward pass for validation completed
2024-11-15 01:02:38,854 INFO:Validating Batch 8
2024-11-15 01:02:48,853 INFO:Forward pass for validation completed
2024-11-15 01:02:48,861 INFO:Validating Batch 9
2024-11-15 01:03:01,960 INFO:Forward pass for validation completed
2024-11-15 01:03:01,979 INFO:Validating Batch 10
2024-11-15 01:03:11,786 INFO:Forward pass for validation completed
2024-11-15 01:03:11,789 INFO:Validating Batch 11
2024-11-15 01:03:21,682 INFO:Forward pass for validation completed
2024-11-15 01:03:21,687 INFO:Validating Batch 12
2024-11-15 01:03:32,356 INFO:Forward pass for validation completed
2024-11-15 01:03:32,366 INFO:Validating Batch 13
2024-11-15 01:03:43,216 INFO:Forward pass for validation completed
2024-11-15 01:03:43,226 INFO:Validating Batch 14
2024-11-15 01:03:52,816 INFO:Forward pass for validation completed
2024-11-15 01:03:52,820 INFO:Validating Batch 15
2024-11-15 01:04:03,581 INFO:Forward pass for validation completed
2024-11-15 01:04:03,591 INFO:Validating Batch 16
2024-11-15 01:04:15,196 INFO:Forward pass for validation completed
2024-11-15 01:04:15,208 INFO:Validating Batch 17
2024-11-15 01:04:26,735 INFO:Forward pass for validation completed
2024-11-15 01:04:26,746 INFO:Validating Batch 18
2024-11-15 01:04:37,618 INFO:Forward pass for validation completed
2024-11-15 01:04:37,626 INFO:Validating Batch 19
2024-11-15 01:04:47,450 INFO:Forward pass for validation completed
2024-11-15 01:04:47,454 INFO:Validating Batch 20
2024-11-15 01:05:00,357 INFO:Forward pass for validation completed
2024-11-15 01:05:00,374 INFO:Validating Batch 21
2024-11-15 01:05:10,624 INFO:Forward pass for validation completed
2024-11-15 01:05:10,631 INFO:Validating Batch 22
2024-11-15 01:05:22,208 INFO:Forward pass for validation completed
2024-11-15 01:05:22,220 INFO:Validating Batch 23
2024-11-15 01:05:34,431 INFO:Forward pass for validation completed
2024-11-15 01:05:34,446 INFO:Validating Batch 24
2024-11-15 01:05:44,717 INFO:Forward pass for validation completed
2024-11-15 01:05:44,724 INFO:Validating Batch 25
2024-11-15 01:05:54,744 INFO:Forward pass for validation completed
2024-11-15 01:05:54,749 INFO:Validating Batch 26
2024-11-15 01:06:05,304 INFO:Forward pass for validation completed
2024-11-15 01:06:05,312 INFO:Validating Batch 27
2024-11-15 01:06:16,474 INFO:Forward pass for validation completed
2024-11-15 01:06:16,484 INFO:Validating Batch 28
2024-11-15 01:06:26,390 INFO:Forward pass for validation completed
2024-11-15 01:06:26,394 INFO:Validating Batch 29
2024-11-15 01:06:36,281 INFO:Forward pass for validation completed
2024-11-15 01:06:36,286 INFO:Validating Batch 30
2024-11-15 01:06:49,546 INFO:Forward pass for validation completed
2024-11-15 01:06:49,565 INFO:Validating Batch 31
2024-11-15 01:07:00,309 INFO:Forward pass for validation completed
2024-11-15 01:07:00,316 INFO:Validating Batch 32
2024-11-15 01:07:10,289 INFO:Forward pass for validation completed
2024-11-15 01:07:10,294 INFO:Validating Batch 33
2024-11-15 01:07:19,918 INFO:Forward pass for validation completed
2024-11-15 01:07:19,922 INFO:Validating Batch 34
2024-11-15 01:07:30,628 INFO:Forward pass for validation completed
2024-11-15 01:07:30,637 INFO:Validating Batch 35
2024-11-15 01:07:40,583 INFO:Forward pass for validation completed
2024-11-15 01:07:40,588 INFO:Validating Batch 36
2024-11-15 01:07:52,031 INFO:Forward pass for validation completed
2024-11-15 01:07:52,044 INFO:Validating Batch 37
2024-11-15 01:08:03,131 INFO:Forward pass for validation completed
2024-11-15 01:08:03,142 INFO:Validating Batch 38
2024-11-15 01:08:13,867 INFO:Forward pass for validation completed
2024-11-15 01:08:13,877 INFO:Validating Batch 39
2024-11-15 01:08:26,055 INFO:Forward pass for validation completed
2024-11-15 01:08:26,064 INFO:Validating Batch 40
2024-11-15 01:08:39,328 INFO:Forward pass for validation completed
2024-11-15 01:08:39,335 INFO:Validating Batch 41
2024-11-15 01:08:53,042 INFO:Forward pass for validation completed
2024-11-15 01:08:53,051 INFO:Validating Batch 42
2024-11-15 01:09:09,161 INFO:Forward pass for validation completed
2024-11-15 01:09:09,181 INFO:Validating Batch 43
2024-11-15 01:09:22,269 INFO:Forward pass for validation completed
2024-11-15 01:09:22,275 INFO:Validating Batch 44
2024-11-15 01:09:35,099 INFO:Forward pass for validation completed
2024-11-15 01:09:35,104 INFO:Validating Batch 45
2024-11-15 01:09:50,053 INFO:Forward pass for validation completed
2024-11-15 01:09:50,068 INFO:Validating Batch 46
2024-11-15 01:10:03,026 INFO:Forward pass for validation completed
2024-11-15 01:10:03,031 INFO:Validating Batch 47
2024-11-15 01:10:16,205 INFO:Forward pass for validation completed
2024-11-15 01:10:16,211 INFO:Validating Batch 48
2024-11-15 01:10:29,902 INFO:Forward pass for validation completed
2024-11-15 01:10:29,912 INFO:Validating Batch 49
2024-11-15 01:10:43,366 INFO:Forward pass for validation completed
2024-11-15 01:10:43,374 INFO:Validating Batch 50
2024-11-15 01:10:57,379 INFO:Forward pass for validation completed
2024-11-15 01:10:57,390 INFO:Validating Batch 51
2024-11-15 01:11:11,953 INFO:Forward pass for validation completed
2024-11-15 01:11:11,969 INFO:Validating Batch 52
2024-11-15 01:11:28,041 INFO:Forward pass for validation completed
2024-11-15 01:11:28,061 INFO:Validating Batch 53
2024-11-15 01:11:41,098 INFO:Forward pass for validation completed
2024-11-15 01:11:41,103 INFO:Validating Batch 54
2024-11-15 01:11:54,051 INFO:Forward pass for validation completed
2024-11-15 01:11:54,056 INFO:Validating Batch 55
2024-11-15 01:12:07,040 INFO:Forward pass for validation completed
2024-11-15 01:12:07,045 INFO:Validating Batch 56
2024-11-15 01:12:20,576 INFO:Forward pass for validation completed
2024-11-15 01:12:20,583 INFO:Validating Batch 57
2024-11-15 01:12:35,525 INFO:Forward pass for validation completed
2024-11-15 01:12:35,538 INFO:Validating Batch 58
2024-11-15 01:12:49,395 INFO:Forward pass for validation completed
2024-11-15 01:12:49,403 INFO:Validating Batch 59
2024-11-15 01:13:03,127 INFO:Forward pass for validation completed
2024-11-15 01:13:03,135 INFO:Validating Batch 60
2024-11-15 01:13:19,240 INFO:Forward pass for validation completed
2024-11-15 01:13:19,260 INFO:Validating Batch 61
2024-11-15 01:13:33,835 INFO:Forward pass for validation completed
2024-11-15 01:13:33,848 INFO:Validating Batch 62
2024-11-15 01:13:48,533 INFO:Forward pass for validation completed
2024-11-15 01:13:48,547 INFO:Validating Batch 63
2024-11-15 01:14:01,585 INFO:Forward pass for validation completed
2024-11-15 01:14:01,591 INFO:Validating Batch 64
2024-11-15 01:14:17,011 INFO:Forward pass for validation completed
2024-11-15 01:14:17,029 INFO:Validating Batch 65
2024-11-15 01:14:32,452 INFO:Forward pass for validation completed
2024-11-15 01:14:32,470 INFO:Validating Batch 66
2024-11-15 01:14:47,440 INFO:Forward pass for validation completed
2024-11-15 01:14:47,456 INFO:Validating Batch 67
2024-11-15 01:15:00,379 INFO:Forward pass for validation completed
2024-11-15 01:15:00,384 INFO:Validating Batch 68
2024-11-15 01:15:14,821 INFO:Forward pass for validation completed
2024-11-15 01:15:14,834 INFO:Validating Batch 69
2024-11-15 01:15:28,751 INFO:Forward pass for validation completed
2024-11-15 01:15:28,762 INFO:Validating Batch 70
2024-11-15 01:15:43,648 INFO:Forward pass for validation completed
2024-11-15 01:15:43,661 INFO:Validating Batch 71
2024-11-15 01:15:57,222 INFO:Forward pass for validation completed
2024-11-15 01:15:57,230 INFO:Validating Batch 72
2024-11-15 01:16:12,675 INFO:Forward pass for validation completed
2024-11-15 01:16:12,693 INFO:Validating Batch 73
2024-11-15 01:16:27,959 INFO:Forward pass for validation completed
2024-11-15 01:16:27,976 INFO:Validating Batch 74
2024-11-15 01:16:41,147 INFO:Forward pass for validation completed
2024-11-15 01:16:41,154 INFO:Validating Batch 75
2024-11-15 01:16:54,678 INFO:Forward pass for validation completed
2024-11-15 01:16:54,687 INFO:Validating Batch 76
2024-11-15 01:17:08,359 INFO:Forward pass for validation completed
2024-11-15 01:17:08,368 INFO:Validating Batch 77
2024-11-15 01:17:22,150 INFO:Forward pass for validation completed
2024-11-15 01:17:22,159 INFO:Validating Batch 78
2024-11-15 01:17:35,161 INFO:Forward pass for validation completed
2024-11-15 01:17:35,165 INFO:Validating Batch 79
2024-11-15 01:17:49,583 INFO:Forward pass for validation completed
2024-11-15 01:17:49,595 INFO:Validating Batch 80
2024-11-15 01:18:04,630 INFO:Forward pass for validation completed
2024-11-15 01:18:04,645 INFO:Validating Batch 81
2024-11-15 01:18:20,048 INFO:Forward pass for validation completed
2024-11-15 01:18:20,066 INFO:Validating Batch 82
2024-11-15 01:18:33,956 INFO:Forward pass for validation completed
2024-11-15 01:18:33,966 INFO:Validating Batch 83
2024-11-15 01:18:48,427 INFO:Forward pass for validation completed
2024-11-15 01:18:48,439 INFO:Validating Batch 84
2024-11-15 01:19:02,316 INFO:Forward pass for validation completed
2024-11-15 01:19:02,327 INFO:Validating Batch 85
2024-11-15 01:19:15,950 INFO:Forward pass for validation completed
2024-11-15 01:19:15,958 INFO:Validating Batch 86
2024-11-15 01:19:30,811 INFO:Forward pass for validation completed
2024-11-15 01:19:30,825 INFO:Validating Batch 87
2024-11-15 01:19:44,789 INFO:Forward pass for validation completed
2024-11-15 01:19:44,799 INFO:Validating Batch 88
2024-11-15 01:19:57,867 INFO:Forward pass for validation completed
2024-11-15 01:19:57,873 INFO:Validating Batch 89
2024-11-15 01:20:10,871 INFO:Forward pass for validation completed
2024-11-15 01:20:10,876 INFO:Validating Batch 90
2024-11-15 01:20:24,152 INFO:Forward pass for validation completed
2024-11-15 01:20:24,159 INFO:Validating Batch 91
2024-11-15 01:20:39,293 INFO:Forward pass for validation completed
2024-11-15 01:20:39,306 INFO:Validating Batch 92
2024-11-15 01:20:53,681 INFO:Forward pass for validation completed
2024-11-15 01:20:53,693 INFO:Validating Batch 93
2024-11-15 01:21:08,399 INFO:Forward pass for validation completed
2024-11-15 01:21:08,414 INFO:Validating Batch 94
2024-11-15 01:21:22,320 INFO:Forward pass for validation completed
2024-11-15 01:21:22,331 INFO:Validating Batch 95
2024-11-15 01:21:36,060 INFO:Forward pass for validation completed
2024-11-15 01:21:36,069 INFO:Validating Batch 96
2024-11-15 01:21:49,169 INFO:Forward pass for validation completed
2024-11-15 01:21:49,176 INFO:Validating Batch 97
2024-11-15 01:22:04,501 INFO:Forward pass for validation completed
2024-11-15 01:22:04,519 INFO:Validating Batch 98
2024-11-15 01:22:17,850 INFO:Forward pass for validation completed
2024-11-15 01:22:17,857 INFO:Validating Batch 99
2024-11-15 01:22:32,202 INFO:Forward pass for validation completed
2024-11-15 01:22:32,215 INFO:Validating Batch 100
2024-11-15 01:22:46,871 INFO:Forward pass for validation completed
2024-11-15 01:22:46,884 INFO:Validating Batch 101
2024-11-15 01:23:01,637 INFO:Forward pass for validation completed
2024-11-15 01:23:01,651 INFO:Validating Batch 102
2024-11-15 01:23:15,057 INFO:Forward pass for validation completed
2024-11-15 01:23:15,065 INFO:Validating Batch 103
2024-11-15 01:23:29,598 INFO:Forward pass for validation completed
2024-11-15 01:23:29,612 INFO:Validating Batch 104
2024-11-15 01:23:42,747 INFO:Forward pass for validation completed
2024-11-15 01:23:42,752 INFO:Validating Batch 105
2024-11-15 01:23:56,466 INFO:Forward pass for validation completed
2024-11-15 01:23:56,476 INFO:Validating Batch 106
2024-11-15 01:24:10,450 INFO:Forward pass for validation completed
2024-11-15 01:24:10,462 INFO:Validating Batch 107
2024-11-15 01:24:26,625 INFO:Forward pass for validation completed
2024-11-15 01:24:26,645 INFO:Validating Batch 108
2024-11-15 01:24:41,184 INFO:Forward pass for validation completed
2024-11-15 01:24:41,196 INFO:Validating Batch 109
2024-11-15 01:24:55,875 INFO:Forward pass for validation completed
2024-11-15 01:24:55,889 INFO:Validating Batch 110
2024-11-15 01:25:11,420 INFO:Forward pass for validation completed
2024-11-15 01:25:11,437 INFO:Validating Batch 111
2024-11-15 01:25:25,287 INFO:Forward pass for validation completed
2024-11-15 01:25:25,298 INFO:Validating Batch 112
2024-11-15 01:25:39,136 INFO:Forward pass for validation completed
2024-11-15 01:25:39,147 INFO:Validating Batch 113
2024-11-15 01:25:52,918 INFO:Forward pass for validation completed
2024-11-15 01:25:52,927 INFO:Validating Batch 114
2024-11-15 01:26:08,001 INFO:Forward pass for validation completed
2024-11-15 01:26:08,017 INFO:Validating Batch 115
2024-11-15 01:26:23,046 INFO:Forward pass for validation completed
2024-11-15 01:26:23,062 INFO:Validating Batch 116
2024-11-15 01:26:36,326 INFO:Forward pass for validation completed
2024-11-15 01:26:36,333 INFO:Validating Batch 117
2024-11-15 01:26:49,879 INFO:Forward pass for validation completed
2024-11-15 01:26:49,886 INFO:Validating Batch 118
2024-11-15 01:27:03,444 INFO:Forward pass for validation completed
2024-11-15 01:27:03,452 INFO:Validating Batch 119
2024-11-15 01:27:18,202 INFO:Forward pass for validation completed
2024-11-15 01:27:18,217 INFO:Validating Batch 120
2024-11-15 01:27:34,397 INFO:Forward pass for validation completed
2024-11-15 01:27:34,417 INFO:Validating Batch 121
2024-11-15 01:27:49,338 INFO:Forward pass for validation completed
2024-11-15 01:27:49,354 INFO:Validating Batch 122
2024-11-15 01:28:04,550 INFO:Forward pass for validation completed
2024-11-15 01:28:04,564 INFO:Validating Batch 123
2024-11-15 01:28:18,995 INFO:Forward pass for validation completed
2024-11-15 01:28:19,008 INFO:Validating Batch 124
2024-11-15 01:28:32,494 INFO:Forward pass for validation completed
2024-11-15 01:28:32,504 INFO:Validating Batch 125
2024-11-15 01:28:48,553 INFO:Forward pass for validation completed
2024-11-15 01:28:48,573 INFO:Validating Batch 126
2024-11-15 01:29:03,494 INFO:Forward pass for validation completed
2024-11-15 01:29:03,509 INFO:Validating Batch 127
2024-11-15 01:29:19,678 INFO:Forward pass for validation completed
2024-11-15 01:29:19,697 INFO:Validating Batch 128
2024-11-15 01:29:32,495 INFO:Forward pass for validation completed
2024-11-15 01:29:32,500 INFO:Validating Batch 129
2024-11-15 01:29:47,821 INFO:Forward pass for validation completed
2024-11-15 01:29:47,838 INFO:Validating Batch 130
2024-11-15 01:30:04,176 INFO:Forward pass for validation completed
2024-11-15 01:30:04,195 INFO:Validating Batch 131
2024-11-15 01:30:17,360 INFO:Forward pass for validation completed
2024-11-15 01:30:17,366 INFO:Validating Batch 132
2024-11-15 01:30:30,648 INFO:Forward pass for validation completed
2024-11-15 01:30:30,655 INFO:Validating Batch 133
2024-11-15 01:30:44,538 INFO:Forward pass for validation completed
2024-11-15 01:30:44,564 INFO:Validating Batch 134
2024-11-15 01:30:57,705 INFO:Forward pass for validation completed
2024-11-15 01:30:57,712 INFO:Validating Batch 135
2024-11-15 01:31:12,578 INFO:Forward pass for validation completed
2024-11-15 01:31:12,592 INFO:Validating Batch 136
2024-11-15 01:31:26,608 INFO:Forward pass for validation completed
2024-11-15 01:31:26,617 INFO:Validating Batch 137
2024-11-15 01:31:39,643 INFO:Forward pass for validation completed
2024-11-15 01:31:39,647 INFO:Validating Batch 138
2024-11-15 01:31:53,417 INFO:Forward pass for validation completed
2024-11-15 01:31:53,426 INFO:Validating Batch 139
2024-11-15 01:32:07,056 INFO:Forward pass for validation completed
2024-11-15 01:32:07,064 INFO:Validating Batch 140
2024-11-15 01:32:21,036 INFO:Forward pass for validation completed
2024-11-15 01:32:21,046 INFO:Validating Batch 141
2024-11-15 01:32:36,644 INFO:Forward pass for validation completed
2024-11-15 01:32:36,660 INFO:Validating Batch 142
2024-11-15 01:32:52,161 INFO:Forward pass for validation completed
2024-11-15 01:32:52,178 INFO:Validating Batch 143
2024-11-15 01:33:06,263 INFO:Forward pass for validation completed
2024-11-15 01:33:06,273 INFO:Validating Batch 144
2024-11-15 01:33:20,137 INFO:Forward pass for validation completed
2024-11-15 01:33:20,146 INFO:Validating Batch 145
2024-11-15 01:33:33,469 INFO:Forward pass for validation completed
2024-11-15 01:33:33,495 INFO:Validating Batch 146
2024-11-15 01:33:46,406 INFO:Forward pass for validation completed
2024-11-15 01:33:46,428 INFO:Validating Batch 147
2024-11-15 01:33:59,649 INFO:Forward pass for validation completed
2024-11-15 01:33:59,673 INFO:Validating Batch 148
2024-11-15 01:34:12,867 INFO:Forward pass for validation completed
2024-11-15 01:34:12,890 INFO:Validating Batch 149
2024-11-15 01:34:27,576 INFO:Forward pass for validation completed
2024-11-15 01:34:27,589 INFO:Validating Batch 150
2024-11-15 01:34:42,276 INFO:Forward pass for validation completed
2024-11-15 01:34:42,288 INFO:Validating Batch 151
2024-11-15 01:34:55,515 INFO:Forward pass for validation completed
2024-11-15 01:34:55,521 INFO:Validating Batch 152
2024-11-15 01:35:09,660 INFO:Forward pass for validation completed
2024-11-15 01:35:09,671 INFO:Validating Batch 153
2024-11-15 01:35:23,552 INFO:Forward pass for validation completed
2024-11-15 01:35:23,562 INFO:Validating Batch 154
2024-11-15 01:35:37,005 INFO:Forward pass for validation completed
2024-11-15 01:35:37,012 INFO:Validating Batch 155
2024-11-15 01:35:50,222 INFO:Forward pass for validation completed
2024-11-15 01:35:50,227 INFO:Validating Batch 156
2024-11-15 01:36:03,954 INFO:Forward pass for validation completed
2024-11-15 01:36:03,962 INFO:Validating Batch 157
2024-11-15 01:36:17,236 INFO:Forward pass for validation completed
2024-11-15 01:36:17,242 INFO:Validating Batch 158
2024-11-15 01:36:30,291 INFO:Forward pass for validation completed
2024-11-15 01:36:30,316 INFO:Validating Batch 159
2024-11-15 01:36:45,758 INFO:Forward pass for validation completed
2024-11-15 01:36:45,794 INFO:Validating Batch 160
2024-11-15 01:36:59,876 INFO:Forward pass for validation completed
2024-11-15 01:36:59,905 INFO:Validating Batch 161
2024-11-15 01:37:13,859 INFO:Forward pass for validation completed
2024-11-15 01:37:13,887 INFO:Validating Batch 162
2024-11-15 01:37:27,331 INFO:Forward pass for validation completed
2024-11-15 01:37:27,357 INFO:Validating Batch 163
2024-11-15 01:37:40,824 INFO:Forward pass for validation completed
2024-11-15 01:37:40,830 INFO:Validating Batch 164
2024-11-15 01:37:53,778 INFO:Forward pass for validation completed
2024-11-15 01:37:53,783 INFO:Validating Batch 165
2024-11-15 01:38:07,303 INFO:Forward pass for validation completed
2024-11-15 01:38:07,310 INFO:Validating Batch 166
2024-11-15 01:38:22,040 INFO:Forward pass for validation completed
2024-11-15 01:38:22,053 INFO:Validating Batch 167
2024-11-15 01:38:36,163 INFO:Forward pass for validation completed
2024-11-15 01:38:36,173 INFO:Validating Batch 168
2024-11-15 01:38:49,363 INFO:Forward pass for validation completed
2024-11-15 01:38:49,368 INFO:Validating Batch 169
2024-11-15 01:39:04,061 INFO:Forward pass for validation completed
2024-11-15 01:39:04,073 INFO:Validating Batch 170
2024-11-15 01:39:17,066 INFO:Forward pass for validation completed
2024-11-15 01:39:17,071 INFO:Validating Batch 171
2024-11-15 01:39:29,952 INFO:Forward pass for validation completed
2024-11-15 01:39:29,956 INFO:Validating Batch 172
2024-11-15 01:39:44,082 INFO:Forward pass for validation completed
2024-11-15 01:39:44,093 INFO:Validating Batch 173
2024-11-15 01:39:57,191 INFO:Forward pass for validation completed
2024-11-15 01:39:57,196 INFO:Validating Batch 174
2024-11-15 01:40:11,193 INFO:Forward pass for validation completed
2024-11-15 01:40:11,204 INFO:Validating Batch 175
2024-11-15 01:40:24,190 INFO:Forward pass for validation completed
2024-11-15 01:40:24,195 INFO:Validating Batch 176
2024-11-15 01:40:38,015 INFO:Forward pass for validation completed
2024-11-15 01:40:38,024 INFO:Validating Batch 177
2024-11-15 01:40:54,185 INFO:Forward pass for validation completed
2024-11-15 01:40:54,205 INFO:Validating Batch 178
2024-11-15 01:41:08,751 INFO:Forward pass for validation completed
2024-11-15 01:41:08,764 INFO:Validating Batch 179
2024-11-15 01:41:22,425 INFO:Forward pass for validation completed
2024-11-15 01:41:22,433 INFO:Validating Batch 180
2024-11-15 01:41:38,575 INFO:Forward pass for validation completed
2024-11-15 01:41:38,595 INFO:Validating Batch 181
2024-11-15 01:41:52,430 INFO:Forward pass for validation completed
2024-11-15 01:41:52,440 INFO:Validating Batch 182
2024-11-15 01:42:07,095 INFO:Forward pass for validation completed
2024-11-15 01:42:07,110 INFO:Validating Batch 183
2024-11-15 01:42:22,960 INFO:Forward pass for validation completed
2024-11-15 01:42:22,979 INFO:Validating Batch 184
2024-11-15 01:42:36,082 INFO:Forward pass for validation completed
2024-11-15 01:42:36,088 INFO:Validating Batch 185
2024-11-15 01:42:51,628 INFO:Forward pass for validation completed
2024-11-15 01:42:51,647 INFO:Validating Batch 186
2024-11-15 01:43:06,165 INFO:Forward pass for validation completed
2024-11-15 01:43:06,179 INFO:Validating Batch 187
2024-11-15 01:43:20,635 INFO:Forward pass for validation completed
2024-11-15 01:43:20,648 INFO:Validating Batch 188
2024-11-15 01:43:35,948 INFO:Forward pass for validation completed
2024-11-15 01:43:35,965 INFO:Validating Batch 189
2024-11-15 01:43:49,819 INFO:Forward pass for validation completed
2024-11-15 01:43:49,829 INFO:Validating Batch 190
2024-11-15 01:44:03,050 INFO:Forward pass for validation completed
2024-11-15 01:44:03,055 INFO:Validating Batch 191
2024-11-15 01:44:17,040 INFO:Forward pass for validation completed
2024-11-15 01:44:17,049 INFO:Validating Batch 192
2024-11-15 01:44:29,957 INFO:Forward pass for validation completed
2024-11-15 01:44:29,962 INFO:Validating Batch 193
2024-11-15 01:44:44,631 INFO:Forward pass for validation completed
2024-11-15 01:44:44,646 INFO:Validating Batch 194
2024-11-15 01:45:00,804 INFO:Forward pass for validation completed
2024-11-15 01:45:00,823 INFO:Validating Batch 195
2024-11-15 01:45:14,489 INFO:Forward pass for validation completed
2024-11-15 01:45:14,500 INFO:Validating Batch 196
2024-11-15 01:45:30,550 INFO:Forward pass for validation completed
2024-11-15 01:45:30,569 INFO:Validating Batch 197
2024-11-15 01:45:43,415 INFO:Forward pass for validation completed
2024-11-15 01:45:43,420 INFO:Validating Batch 198
2024-11-15 01:45:57,069 INFO:Forward pass for validation completed
2024-11-15 01:45:57,076 INFO:Validating Batch 199
2024-11-15 01:46:11,677 INFO:Forward pass for validation completed
2024-11-15 01:46:11,691 INFO:Validating Batch 200
2024-11-15 01:46:25,837 INFO:Forward pass for validation completed
2024-11-15 01:46:25,848 INFO:Validating Batch 201
2024-11-15 01:46:39,762 INFO:Forward pass for validation completed
2024-11-15 01:46:39,773 INFO:Validating Batch 202
2024-11-15 01:46:52,942 INFO:Forward pass for validation completed
2024-11-15 01:46:52,949 INFO:Validating Batch 203
2024-11-15 01:47:07,790 INFO:Forward pass for validation completed
2024-11-15 01:47:07,804 INFO:Validating Batch 204
2024-11-15 01:47:21,098 INFO:Forward pass for validation completed
2024-11-15 01:47:21,105 INFO:Validating Batch 205
2024-11-15 01:47:35,027 INFO:Forward pass for validation completed
2024-11-15 01:47:35,037 INFO:Validating Batch 206
2024-11-15 01:47:48,438 INFO:Forward pass for validation completed
2024-11-15 01:47:48,444 INFO:Validating Batch 207
2024-11-15 01:48:01,735 INFO:Forward pass for validation completed
2024-11-15 01:48:01,742 INFO:Validating Batch 208
2024-11-15 01:48:16,365 INFO:Forward pass for validation completed
2024-11-15 01:48:16,377 INFO:Validating Batch 209
2024-11-15 01:48:30,271 INFO:Forward pass for validation completed
2024-11-15 01:48:30,282 INFO:Validating Batch 210
2024-11-15 01:48:44,536 INFO:Forward pass for validation completed
2024-11-15 01:48:44,547 INFO:Validating Batch 211
2024-11-15 01:48:58,313 INFO:Forward pass for validation completed
2024-11-15 01:48:58,322 INFO:Validating Batch 212
2024-11-15 01:49:11,468 INFO:Forward pass for validation completed
2024-11-15 01:49:11,473 INFO:Validating Batch 213
2024-11-15 01:49:25,055 INFO:Forward pass for validation completed
2024-11-15 01:49:25,062 INFO:Validating Batch 214
2024-11-15 01:49:37,975 INFO:Forward pass for validation completed
2024-11-15 01:49:37,981 INFO:Validating Batch 215
2024-11-15 01:49:54,233 INFO:Forward pass for validation completed
2024-11-15 01:49:54,252 INFO:Validating Batch 216
2024-11-15 01:50:08,843 INFO:Forward pass for validation completed
2024-11-15 01:50:08,855 INFO:Validating Batch 217
2024-11-15 01:50:23,684 INFO:Forward pass for validation completed
2024-11-15 01:50:23,697 INFO:Validating Batch 218
2024-11-15 01:50:37,097 INFO:Forward pass for validation completed
2024-11-15 01:50:37,104 INFO:Validating Batch 219
2024-11-15 01:50:50,486 INFO:Forward pass for validation completed
2024-11-15 01:50:50,492 INFO:Validating Batch 220
2024-11-15 01:51:03,863 INFO:Forward pass for validation completed
2024-11-15 01:51:03,869 INFO:Validating Batch 221
2024-11-15 01:51:17,653 INFO:Forward pass for validation completed
2024-11-15 01:51:17,662 INFO:Validating Batch 222
2024-11-15 01:51:33,106 INFO:Forward pass for validation completed
2024-11-15 01:51:33,122 INFO:Validating Batch 223
2024-11-15 01:51:49,399 INFO:Forward pass for validation completed
2024-11-15 01:51:49,418 INFO:Validating Batch 224
2024-11-15 01:52:04,303 INFO:Forward pass for validation completed
2024-11-15 01:52:04,317 INFO:Validating Batch 225
2024-11-15 01:52:19,109 INFO:Forward pass for validation completed
2024-11-15 01:52:19,121 INFO:Validating Batch 226
2024-11-15 01:52:32,113 INFO:Forward pass for validation completed
2024-11-15 01:52:32,119 INFO:Validating Batch 227
2024-11-15 01:52:48,397 INFO:Forward pass for validation completed
2024-11-15 01:52:48,416 INFO:Validating Batch 228
2024-11-15 01:53:01,438 INFO:Forward pass for validation completed
2024-11-15 01:53:01,443 INFO:Validating Batch 229
2024-11-15 01:53:14,594 INFO:Forward pass for validation completed
2024-11-15 01:53:14,599 INFO:Validating Batch 230
2024-11-15 01:53:28,330 INFO:Forward pass for validation completed
2024-11-15 01:53:28,337 INFO:Validating Batch 231
2024-11-15 01:53:41,861 INFO:Forward pass for validation completed
2024-11-15 01:53:41,869 INFO:Validating Batch 232
2024-11-15 01:53:55,722 INFO:Forward pass for validation completed
2024-11-15 01:53:55,730 INFO:Validating Batch 233
2024-11-15 01:54:09,084 INFO:Forward pass for validation completed
2024-11-15 01:54:09,090 INFO:Validating Batch 234
2024-11-15 01:54:23,088 INFO:Forward pass for validation completed
2024-11-15 01:54:23,099 INFO:Validating Batch 235
2024-11-15 01:54:36,493 INFO:Forward pass for validation completed
2024-11-15 01:54:36,500 INFO:Validating Batch 236
2024-11-15 01:54:51,720 INFO:Forward pass for validation completed
2024-11-15 01:54:51,736 INFO:Validating Batch 237
2024-11-15 01:55:05,374 INFO:Forward pass for validation completed
2024-11-15 01:55:05,382 INFO:Validating Batch 238
2024-11-15 01:55:18,547 INFO:Forward pass for validation completed
2024-11-15 01:55:18,553 INFO:Validating Batch 239
2024-11-15 01:55:34,870 INFO:Forward pass for validation completed
2024-11-15 01:55:34,890 INFO:Validating Batch 240
2024-11-15 01:55:48,846 INFO:Forward pass for validation completed
2024-11-15 01:55:48,856 INFO:Validating Batch 241
2024-11-15 01:56:05,083 INFO:Forward pass for validation completed
2024-11-15 01:56:05,102 INFO:Validating Batch 242
2024-11-15 01:56:18,331 INFO:Forward pass for validation completed
2024-11-15 01:56:18,337 INFO:Validating Batch 243
2024-11-15 01:56:31,519 INFO:Forward pass for validation completed
2024-11-15 01:56:31,525 INFO:Validating Batch 244
2024-11-15 01:56:45,473 INFO:Forward pass for validation completed
2024-11-15 01:56:45,484 INFO:Validating Batch 245
2024-11-15 01:56:58,622 INFO:Forward pass for validation completed
2024-11-15 01:56:58,627 INFO:Validating Batch 246
2024-11-15 01:57:14,377 INFO:Forward pass for validation completed
2024-11-15 01:57:14,395 INFO:Validating Batch 247
2024-11-15 01:57:27,505 INFO:Forward pass for validation completed
2024-11-15 01:57:27,510 INFO:Validating Batch 248
2024-11-15 01:57:40,932 INFO:Forward pass for validation completed
2024-11-15 01:57:40,938 INFO:Validating Batch 249
2024-11-15 01:57:54,167 INFO:Forward pass for validation completed
2024-11-15 01:57:54,173 INFO:Validating Batch 250
2024-11-15 01:58:09,959 INFO:Forward pass for validation completed
2024-11-15 01:58:09,977 INFO:Validating Batch 251
2024-11-15 01:58:23,499 INFO:Forward pass for validation completed
2024-11-15 01:58:23,507 INFO:Validating Batch 252
2024-11-15 01:58:36,599 INFO:Forward pass for validation completed
2024-11-15 01:58:36,604 INFO:Validating Batch 253
2024-11-15 01:58:50,698 INFO:Forward pass for validation completed
2024-11-15 01:58:50,710 INFO:Validating Batch 254
2024-11-15 01:59:05,136 INFO:Forward pass for validation completed
2024-11-15 01:59:05,149 INFO:Validating Batch 255
2024-11-15 01:59:21,390 INFO:Forward pass for validation completed
2024-11-15 01:59:21,409 INFO:Validating Batch 256
2024-11-15 01:59:34,447 INFO:Forward pass for validation completed
2024-11-15 01:59:34,452 INFO:Validating Batch 257
2024-11-15 01:59:47,452 INFO:Forward pass for validation completed
2024-11-15 01:59:47,456 INFO:Validating Batch 258
2024-11-15 02:00:00,700 INFO:Forward pass for validation completed
2024-11-15 02:00:00,706 INFO:Validating Batch 259
2024-11-15 02:00:14,137 INFO:Forward pass for validation completed
2024-11-15 02:00:14,144 INFO:Validating Batch 260
2024-11-15 02:00:28,832 INFO:Forward pass for validation completed
2024-11-15 02:00:28,845 INFO:Validating Batch 261
2024-11-15 02:00:41,721 INFO:Forward pass for validation completed
2024-11-15 02:00:41,728 INFO:Validating Batch 262
2024-11-15 02:00:58,061 INFO:Forward pass for validation completed
2024-11-15 02:00:58,081 INFO:Validating Batch 263
2024-11-15 02:01:11,118 INFO:Forward pass for validation completed
2024-11-15 02:01:11,123 INFO:Validating Batch 264
2024-11-15 02:01:24,153 INFO:Forward pass for validation completed
2024-11-15 02:01:24,159 INFO:Validating Batch 265
2024-11-15 02:01:39,616 INFO:Forward pass for validation completed
2024-11-15 02:01:39,635 INFO:Validating Batch 266
2024-11-15 02:01:54,210 INFO:Forward pass for validation completed
2024-11-15 02:01:54,224 INFO:Validating Batch 267
2024-11-15 02:02:09,061 INFO:Forward pass for validation completed
2024-11-15 02:02:09,074 INFO:Validating Batch 268
2024-11-15 02:02:22,222 INFO:Forward pass for validation completed
2024-11-15 02:02:22,227 INFO:Validating Batch 269
2024-11-15 02:02:35,158 INFO:Forward pass for validation completed
2024-11-15 02:02:35,163 INFO:Validating Batch 270
2024-11-15 02:02:50,144 INFO:Forward pass for validation completed
2024-11-15 02:02:50,159 INFO:Validating Batch 271
2024-11-15 02:03:03,125 INFO:Forward pass for validation completed
2024-11-15 02:03:03,129 INFO:Validating Batch 272
2024-11-15 02:03:16,368 INFO:Forward pass for validation completed
2024-11-15 02:03:16,375 INFO:Validating Batch 273
2024-11-15 02:03:30,549 INFO:Forward pass for validation completed
2024-11-15 02:03:30,561 INFO:Validating Batch 274
2024-11-15 02:03:46,003 INFO:Forward pass for validation completed
2024-11-15 02:03:46,021 INFO:Validating Batch 275
2024-11-15 02:04:02,226 INFO:Forward pass for validation completed
2024-11-15 02:04:02,245 INFO:Validating Batch 276
2024-11-15 02:04:16,838 INFO:Forward pass for validation completed
2024-11-15 02:04:16,850 INFO:Validating Batch 277
2024-11-15 02:04:30,219 INFO:Forward pass for validation completed
2024-11-15 02:04:30,225 INFO:Validating Batch 278
2024-11-15 02:04:43,632 INFO:Forward pass for validation completed
2024-11-15 02:04:43,640 INFO:Validating Batch 279
2024-11-15 02:04:58,586 INFO:Forward pass for validation completed
2024-11-15 02:04:58,601 INFO:Validating Batch 280
2024-11-15 02:05:12,133 INFO:Forward pass for validation completed
2024-11-15 02:05:12,141 INFO:Validating Batch 281
2024-11-15 02:05:26,137 INFO:Forward pass for validation completed
2024-11-15 02:05:26,148 INFO:Validating Batch 282
2024-11-15 02:05:40,911 INFO:Forward pass for validation completed
2024-11-15 02:05:40,925 INFO:Validating Batch 283
2024-11-15 02:05:54,312 INFO:Forward pass for validation completed
2024-11-15 02:05:54,328 INFO:Validating Batch 284
2024-11-15 02:06:07,997 INFO:Forward pass for validation completed
2024-11-15 02:06:08,005 INFO:Validating Batch 285
2024-11-15 02:06:21,135 INFO:Forward pass for validation completed
2024-11-15 02:06:21,139 INFO:Validation - Average Total Loss: 6842.8588, Average AA Loss: 3.2610, Average KL Loss: 6839.5979
2024-11-15 02:06:21,140 INFO:
Starting Epoch 4/10
2024-11-15 02:06:21,142 INFO:Processing Batch 1
2024-11-15 02:06:21,144 INFO:Data moved to device
2024-11-15 02:06:51,651 ERROR:Error during forward pass: CUDA out of memory. Tried to allocate 2.00 MiB (GPU 0; 39.50 GiB total capacity; 32.91 GiB already allocated; 1.81 MiB free; 33.10 GiB reserved in total by PyTorch) If reserved memory is >> allocated memory try setting max_split_size_mb to avoid fragmentation.  See documentation for Memory Management and PYTORCH_CUDA_ALLOC_CONF
2024-11-15 02:06:52,048 INFO:Epoch 4 completed - Average Total Loss: 0.0000, Average AA Loss: 0.0000, Average KL Loss: 0.0000
2024-11-15 02:06:52,064 INFO:Validating Batch 1
2024-11-15 02:07:06,863 INFO:Forward pass for validation completed
2024-11-15 02:07:06,876 INFO:Validating Batch 2
2024-11-15 02:07:21,298 INFO:Forward pass for validation completed
2024-11-15 02:07:21,309 INFO:Validating Batch 3
2024-11-15 02:07:35,144 INFO:Forward pass for validation completed
2024-11-15 02:07:35,153 INFO:Validating Batch 4
2024-11-15 02:07:50,141 INFO:Forward pass for validation completed
2024-11-15 02:07:50,155 INFO:Validating Batch 5
2024-11-15 02:08:03,388 INFO:Forward pass for validation completed
2024-11-15 02:08:03,395 INFO:Validating Batch 6
2024-11-15 02:08:18,380 INFO:Forward pass for validation completed
2024-11-15 02:08:18,392 INFO:Validating Batch 7
2024-11-15 02:08:33,217 INFO:Forward pass for validation completed
2024-11-15 02:08:33,229 INFO:Validating Batch 8
2024-11-15 02:08:46,791 INFO:Forward pass for validation completed
2024-11-15 02:08:46,797 INFO:Validating Batch 9
2024-11-15 02:09:03,121 INFO:Forward pass for validation completed
2024-11-15 02:09:03,140 INFO:Validating Batch 10
2024-11-15 02:09:16,267 INFO:Forward pass for validation completed
2024-11-15 02:09:16,272 INFO:Validating Batch 11
2024-11-15 02:09:29,575 INFO:Forward pass for validation completed
2024-11-15 02:09:29,580 INFO:Validating Batch 12
2024-11-15 02:09:43,830 INFO:Forward pass for validation completed
2024-11-15 02:09:43,840 INFO:Validating Batch 13
2024-11-15 02:09:58,130 INFO:Forward pass for validation completed
2024-11-15 02:09:58,141 INFO:Validating Batch 14
2024-11-15 02:10:11,071 INFO:Forward pass for validation completed
2024-11-15 02:10:11,074 INFO:Validating Batch 15
2024-11-15 02:10:25,223 INFO:Forward pass for validation completed
2024-11-15 02:10:25,234 INFO:Validating Batch 16
2024-11-15 02:10:40,244 INFO:Forward pass for validation completed
2024-11-15 02:10:40,258 INFO:Validating Batch 17
2024-11-15 02:10:55,175 INFO:Forward pass for validation completed
2024-11-15 02:10:55,188 INFO:Validating Batch 18
2024-11-15 02:11:09,324 INFO:Forward pass for validation completed
2024-11-15 02:11:09,334 INFO:Validating Batch 19
2024-11-15 02:11:22,450 INFO:Forward pass for validation completed
2024-11-15 02:11:22,458 INFO:Validating Batch 20
2024-11-15 02:11:38,640 INFO:Forward pass for validation completed
2024-11-15 02:11:38,657 INFO:Validating Batch 21
2024-11-15 02:11:52,326 INFO:Forward pass for validation completed
2024-11-15 02:11:52,333 INFO:Validating Batch 22
2024-11-15 02:12:07,262 INFO:Forward pass for validation completed
2024-11-15 02:12:07,274 INFO:Validating Batch 23
2024-11-15 02:12:22,809 INFO:Forward pass for validation completed
2024-11-15 02:12:22,824 INFO:Validating Batch 24
2024-11-15 02:12:36,536 INFO:Forward pass for validation completed
2024-11-15 02:12:36,543 INFO:Validating Batch 25
2024-11-15 02:12:49,953 INFO:Forward pass for validation completed
2024-11-15 02:12:49,959 INFO:Validating Batch 26
2024-11-15 02:13:03,959 INFO:Forward pass for validation completed
2024-11-15 02:13:03,967 INFO:Validating Batch 27
2024-11-15 02:13:18,563 INFO:Forward pass for validation completed
2024-11-15 02:13:18,574 INFO:Validating Batch 28
2024-11-15 02:13:31,878 INFO:Forward pass for validation completed
2024-11-15 02:13:31,883 INFO:Validating Batch 29
2024-11-15 02:13:45,137 INFO:Forward pass for validation completed
2024-11-15 02:13:45,142 INFO:Validating Batch 30
2024-11-15 02:14:01,718 INFO:Forward pass for validation completed
2024-11-15 02:14:01,757 INFO:Validating Batch 31
2024-11-15 02:14:15,928 INFO:Forward pass for validation completed
2024-11-15 02:14:15,956 INFO:Validating Batch 32
2024-11-15 02:14:27,805 INFO:Forward pass for validation completed
2024-11-15 02:14:27,810 INFO:Validating Batch 33
2024-11-15 02:14:37,631 INFO:Forward pass for validation completed
2024-11-15 02:14:37,634 INFO:Validating Batch 34
2024-11-15 02:14:48,526 INFO:Forward pass for validation completed
2024-11-15 02:14:48,534 INFO:Validating Batch 35
2024-11-15 02:14:58,624 INFO:Forward pass for validation completed
2024-11-15 02:14:58,628 INFO:Validating Batch 36
2024-11-15 02:15:10,243 INFO:Forward pass for validation completed
2024-11-15 02:15:10,255 INFO:Validating Batch 37
2024-11-15 02:15:21,528 INFO:Forward pass for validation completed
2024-11-15 02:15:21,538 INFO:Validating Batch 38
2024-11-15 02:15:32,447 INFO:Forward pass for validation completed
2024-11-15 02:15:32,456 INFO:Validating Batch 39
2024-11-15 02:15:43,373 INFO:Forward pass for validation completed
2024-11-15 02:15:43,381 INFO:Validating Batch 40
2024-11-15 02:15:53,618 INFO:Forward pass for validation completed
2024-11-15 02:15:53,623 INFO:Validating Batch 41
2024-11-15 02:16:04,229 INFO:Forward pass for validation completed
2024-11-15 02:16:04,236 INFO:Validating Batch 42
2024-11-15 02:16:17,495 INFO:Forward pass for validation completed
2024-11-15 02:16:17,514 INFO:Validating Batch 43
2024-11-15 02:16:27,699 INFO:Forward pass for validation completed
2024-11-15 02:16:27,704 INFO:Validating Batch 44
2024-11-15 02:16:37,657 INFO:Forward pass for validation completed
2024-11-15 02:16:37,661 INFO:Validating Batch 45
2024-11-15 02:16:49,754 INFO:Forward pass for validation completed
2024-11-15 02:16:49,766 INFO:Validating Batch 46
2024-11-15 02:16:59,783 INFO:Forward pass for validation completed
2024-11-15 02:16:59,787 INFO:Validating Batch 47
2024-11-15 02:17:09,938 INFO:Forward pass for validation completed
2024-11-15 02:17:09,942 INFO:Validating Batch 48
2024-11-15 02:17:20,625 INFO:Forward pass for validation completed
2024-11-15 02:17:20,633 INFO:Validating Batch 49
2024-11-15 02:17:31,055 INFO:Forward pass for validation completed
2024-11-15 02:17:31,061 INFO:Validating Batch 50
2024-11-15 02:17:42,096 INFO:Forward pass for validation completed
2024-11-15 02:17:42,105 INFO:Validating Batch 51
2024-11-15 02:17:53,759 INFO:Forward pass for validation completed
2024-11-15 02:17:53,770 INFO:Validating Batch 52
2024-11-15 02:18:06,941 INFO:Forward pass for validation completed
2024-11-15 02:18:06,959 INFO:Validating Batch 53
2024-11-15 02:18:17,019 INFO:Forward pass for validation completed
2024-11-15 02:18:17,023 INFO:Validating Batch 54
2024-11-15 02:18:27,007 INFO:Forward pass for validation completed
2024-11-15 02:18:27,011 INFO:Validating Batch 55
2024-11-15 02:18:37,035 INFO:Forward pass for validation completed
2024-11-15 02:18:37,040 INFO:Validating Batch 56
2024-11-15 02:18:47,388 INFO:Forward pass for validation completed
2024-11-15 02:18:47,395 INFO:Validating Batch 57
2024-11-15 02:18:59,108 INFO:Forward pass for validation completed
2024-11-15 02:18:59,120 INFO:Validating Batch 58
2024-11-15 02:19:09,824 INFO:Forward pass for validation completed
2024-11-15 02:19:09,831 INFO:Validating Batch 59
2024-11-15 02:19:20,449 INFO:Forward pass for validation completed
2024-11-15 02:19:20,455 INFO:Validating Batch 60
2024-11-15 02:19:33,707 INFO:Forward pass for validation completed
2024-11-15 02:19:33,726 INFO:Validating Batch 61
2024-11-15 02:19:45,349 INFO:Forward pass for validation completed
2024-11-15 02:19:45,360 INFO:Validating Batch 62
2024-11-15 02:19:57,068 INFO:Forward pass for validation completed
2024-11-15 02:19:57,080 INFO:Validating Batch 63
2024-11-15 02:20:07,175 INFO:Forward pass for validation completed
2024-11-15 02:20:07,180 INFO:Validating Batch 64
2024-11-15 02:20:19,780 INFO:Forward pass for validation completed
2024-11-15 02:20:19,796 INFO:Validating Batch 65
2024-11-15 02:20:32,405 INFO:Forward pass for validation completed
2024-11-15 02:20:32,421 INFO:Validating Batch 66
2024-11-15 02:20:44,546 INFO:Forward pass for validation completed
2024-11-15 02:20:44,560 INFO:Validating Batch 67
2024-11-15 02:20:54,626 INFO:Forward pass for validation completed
2024-11-15 02:20:54,631 INFO:Validating Batch 68
2024-11-15 02:21:06,110 INFO:Forward pass for validation completed
2024-11-15 02:21:06,120 INFO:Validating Batch 69
2024-11-15 02:21:17,084 INFO:Forward pass for validation completed
2024-11-15 02:21:17,094 INFO:Validating Batch 70
2024-11-15 02:21:28,979 INFO:Forward pass for validation completed
2024-11-15 02:21:28,991 INFO:Validating Batch 71
2024-11-15 02:21:39,458 INFO:Forward pass for validation completed
2024-11-15 02:21:39,464 INFO:Validating Batch 72
2024-11-15 02:21:51,944 INFO:Forward pass for validation completed
2024-11-15 02:21:51,961 INFO:Validating Batch 73
2024-11-15 02:22:04,382 INFO:Forward pass for validation completed
2024-11-15 02:22:04,397 INFO:Validating Batch 74
2024-11-15 02:22:14,629 INFO:Forward pass for validation completed
2024-11-15 02:22:14,634 INFO:Validating Batch 75
2024-11-15 02:22:25,131 INFO:Forward pass for validation completed
2024-11-15 02:22:25,138 INFO:Validating Batch 76
2024-11-15 02:22:35,801 INFO:Forward pass for validation completed
2024-11-15 02:22:35,808 INFO:Validating Batch 77
2024-11-15 02:22:46,612 INFO:Forward pass for validation completed
2024-11-15 02:22:46,620 INFO:Validating Batch 78
2024-11-15 02:22:56,509 INFO:Forward pass for validation completed
2024-11-15 02:22:56,513 INFO:Validating Batch 79
2024-11-15 02:23:07,833 INFO:Forward pass for validation completed
2024-11-15 02:23:07,843 INFO:Validating Batch 80
2024-11-15 02:23:20,055 INFO:Forward pass for validation completed
2024-11-15 02:23:20,069 INFO:Validating Batch 81
2024-11-15 02:23:32,667 INFO:Forward pass for validation completed
2024-11-15 02:23:32,684 INFO:Validating Batch 82
2024-11-15 02:23:43,466 INFO:Forward pass for validation completed
2024-11-15 02:23:43,475 INFO:Validating Batch 83
2024-11-15 02:23:54,872 INFO:Forward pass for validation completed
2024-11-15 02:23:54,882 INFO:Validating Batch 84
2024-11-15 02:24:05,779 INFO:Forward pass for validation completed
2024-11-15 02:24:05,788 INFO:Validating Batch 85
2024-11-15 02:24:16,381 INFO:Forward pass for validation completed
2024-11-15 02:24:16,387 INFO:Validating Batch 86
2024-11-15 02:24:28,179 INFO:Forward pass for validation completed
2024-11-15 02:24:28,192 INFO:Validating Batch 87
2024-11-15 02:24:39,085 INFO:Forward pass for validation completed
2024-11-15 02:24:39,092 INFO:Validating Batch 88
2024-11-15 02:24:49,183 INFO:Forward pass for validation completed
2024-11-15 02:24:49,187 INFO:Validating Batch 89
2024-11-15 02:24:59,205 INFO:Forward pass for validation completed
2024-11-15 02:24:59,209 INFO:Validating Batch 90
2024-11-15 02:25:09,493 INFO:Forward pass for validation completed
2024-11-15 02:25:09,498 INFO:Validating Batch 91
2024-11-15 02:25:21,530 INFO:Forward pass for validation completed
2024-11-15 02:25:21,541 INFO:Validating Batch 92
2024-11-15 02:25:32,898 INFO:Forward pass for validation completed
2024-11-15 02:25:32,908 INFO:Validating Batch 93
2024-11-15 02:25:44,693 INFO:Forward pass for validation completed
2024-11-15 02:25:44,705 INFO:Validating Batch 94
2024-11-15 02:25:55,710 INFO:Forward pass for validation completed
2024-11-15 02:25:55,720 INFO:Validating Batch 95
2024-11-15 02:26:06,522 INFO:Forward pass for validation completed
2024-11-15 02:26:06,529 INFO:Validating Batch 96
2024-11-15 02:26:16,645 INFO:Forward pass for validation completed
2024-11-15 02:26:16,650 INFO:Validating Batch 97
2024-11-15 02:26:29,099 INFO:Forward pass for validation completed
2024-11-15 02:26:29,115 INFO:Validating Batch 98
2024-11-15 02:26:39,481 INFO:Forward pass for validation completed
2024-11-15 02:26:39,487 INFO:Validating Batch 99
2024-11-15 02:26:50,842 INFO:Forward pass for validation completed
2024-11-15 02:26:50,852 INFO:Validating Batch 100
2024-11-15 02:27:02,654 INFO:Forward pass for validation completed
2024-11-15 02:27:02,665 INFO:Validating Batch 101
2024-11-15 02:27:14,449 INFO:Forward pass for validation completed
2024-11-15 02:27:14,462 INFO:Validating Batch 102
2024-11-15 02:27:24,976 INFO:Forward pass for validation completed
2024-11-15 02:27:24,982 INFO:Validating Batch 103
2024-11-15 02:27:36,581 INFO:Forward pass for validation completed
2024-11-15 02:27:36,593 INFO:Validating Batch 104
2024-11-15 02:27:46,670 INFO:Forward pass for validation completed
2024-11-15 02:27:46,674 INFO:Validating Batch 105
2024-11-15 02:27:57,406 INFO:Forward pass for validation completed
2024-11-15 02:27:57,413 INFO:Validating Batch 106
2024-11-15 02:28:08,401 INFO:Forward pass for validation completed
2024-11-15 02:28:08,410 INFO:Validating Batch 107
2024-11-15 02:28:21,785 INFO:Forward pass for validation completed
2024-11-15 02:28:21,803 INFO:Validating Batch 108
2024-11-15 02:28:33,159 INFO:Forward pass for validation completed
2024-11-15 02:28:33,170 INFO:Validating Batch 109
2024-11-15 02:28:44,875 INFO:Forward pass for validation completed
2024-11-15 02:28:44,887 INFO:Validating Batch 110
2024-11-15 02:28:57,567 INFO:Forward pass for validation completed
2024-11-15 02:28:57,584 INFO:Validating Batch 111
2024-11-15 02:29:08,508 INFO:Forward pass for validation completed
2024-11-15 02:29:08,518 INFO:Validating Batch 112
2024-11-15 02:29:19,370 INFO:Forward pass for validation completed
2024-11-15 02:29:19,380 INFO:Validating Batch 113
2024-11-15 02:29:29,991 INFO:Forward pass for validation completed
2024-11-15 02:29:29,999 INFO:Validating Batch 114
2024-11-15 02:29:42,205 INFO:Forward pass for validation completed
2024-11-15 02:29:42,219 INFO:Validating Batch 115
2024-11-15 02:29:54,520 INFO:Forward pass for validation completed
2024-11-15 02:29:54,534 INFO:Validating Batch 116
2024-11-15 02:30:04,812 INFO:Forward pass for validation completed
2024-11-15 02:30:04,818 INFO:Validating Batch 117
2024-11-15 02:30:15,320 INFO:Forward pass for validation completed
2024-11-15 02:30:15,327 INFO:Validating Batch 118
2024-11-15 02:30:25,847 INFO:Forward pass for validation completed
2024-11-15 02:30:25,853 INFO:Validating Batch 119
2024-11-15 02:30:37,657 INFO:Forward pass for validation completed
2024-11-15 02:30:37,670 INFO:Validating Batch 120
2024-11-15 02:30:50,938 INFO:Forward pass for validation completed
2024-11-15 02:30:50,957 INFO:Validating Batch 121
2024-11-15 02:31:02,973 INFO:Forward pass for validation completed
2024-11-15 02:31:02,988 INFO:Validating Batch 122
2024-11-15 02:31:15,013 INFO:Forward pass for validation completed
2024-11-15 02:31:15,026 INFO:Validating Batch 123
2024-11-15 02:31:26,368 INFO:Forward pass for validation completed
2024-11-15 02:31:26,379 INFO:Validating Batch 124
2024-11-15 02:31:36,751 INFO:Forward pass for validation completed
2024-11-15 02:31:36,761 INFO:Validating Batch 125
2024-11-15 02:31:49,992 INFO:Forward pass for validation completed
2024-11-15 02:31:50,011 INFO:Validating Batch 126
2024-11-15 02:32:02,068 INFO:Forward pass for validation completed
2024-11-15 02:32:02,082 INFO:Validating Batch 127
2024-11-15 02:32:15,493 INFO:Forward pass for validation completed
2024-11-15 02:32:15,511 INFO:Validating Batch 128
2024-11-15 02:32:25,405 INFO:Forward pass for validation completed
2024-11-15 02:32:25,410 INFO:Validating Batch 129
2024-11-15 02:32:37,794 INFO:Forward pass for validation completed
2024-11-15 02:32:37,810 INFO:Validating Batch 130
2024-11-15 02:32:51,141 INFO:Forward pass for validation completed
2024-11-15 02:32:51,160 INFO:Validating Batch 131
2024-11-15 02:33:01,257 INFO:Forward pass for validation completed
2024-11-15 02:33:01,262 INFO:Validating Batch 132
2024-11-15 02:33:11,391 INFO:Forward pass for validation completed
2024-11-15 02:33:11,398 INFO:Validating Batch 133
2024-11-15 02:33:22,215 INFO:Forward pass for validation completed
2024-11-15 02:33:22,225 INFO:Validating Batch 134
2024-11-15 02:33:32,374 INFO:Forward pass for validation completed
2024-11-15 02:33:32,380 INFO:Validating Batch 135
2024-11-15 02:33:44,272 INFO:Forward pass for validation completed
2024-11-15 02:33:44,284 INFO:Validating Batch 136
2024-11-15 02:33:54,997 INFO:Forward pass for validation completed
2024-11-15 02:33:55,005 INFO:Validating Batch 137
2024-11-15 02:34:04,799 INFO:Forward pass for validation completed
2024-11-15 02:34:04,803 INFO:Validating Batch 138
2024-11-15 02:34:15,397 INFO:Forward pass for validation completed
2024-11-15 02:34:15,405 INFO:Validating Batch 139
2024-11-15 02:34:25,764 INFO:Forward pass for validation completed
2024-11-15 02:34:25,772 INFO:Validating Batch 140
2024-11-15 02:34:36,756 INFO:Forward pass for validation completed
2024-11-15 02:34:36,765 INFO:Validating Batch 141
2024-11-15 02:34:49,429 INFO:Forward pass for validation completed
2024-11-15 02:34:49,444 INFO:Validating Batch 142
2024-11-15 02:35:02,007 INFO:Forward pass for validation completed
2024-11-15 02:35:02,024 INFO:Validating Batch 143
2024-11-15 02:35:13,027 INFO:Forward pass for validation completed
2024-11-15 02:35:13,037 INFO:Validating Batch 144
2024-11-15 02:35:23,662 INFO:Forward pass for validation completed
2024-11-15 02:35:23,670 INFO:Validating Batch 145
2024-11-15 02:35:33,862 INFO:Forward pass for validation completed
2024-11-15 02:35:33,868 INFO:Validating Batch 146
2024-11-15 02:35:43,654 INFO:Forward pass for validation completed
2024-11-15 02:35:43,658 INFO:Validating Batch 147
2024-11-15 02:35:53,809 INFO:Forward pass for validation completed
2024-11-15 02:35:53,814 INFO:Validating Batch 148
2024-11-15 02:36:04,020 INFO:Forward pass for validation completed
2024-11-15 02:36:04,025 INFO:Validating Batch 149
2024-11-15 02:36:15,679 INFO:Forward pass for validation completed
2024-11-15 02:36:15,692 INFO:Validating Batch 150
2024-11-15 02:36:27,345 INFO:Forward pass for validation completed
2024-11-15 02:36:27,356 INFO:Validating Batch 151
2024-11-15 02:36:37,359 INFO:Forward pass for validation completed
2024-11-15 02:36:37,365 INFO:Validating Batch 152
2024-11-15 02:36:48,319 INFO:Forward pass for validation completed
2024-11-15 02:36:48,329 INFO:Validating Batch 153
2024-11-15 02:36:58,965 INFO:Forward pass for validation completed
2024-11-15 02:36:58,975 INFO:Validating Batch 154
2024-11-15 02:37:09,141 INFO:Forward pass for validation completed
2024-11-15 02:37:09,147 INFO:Validating Batch 155
2024-11-15 02:37:19,102 INFO:Forward pass for validation completed
2024-11-15 02:37:19,106 INFO:Validating Batch 156
2024-11-15 02:37:29,515 INFO:Forward pass for validation completed
2024-11-15 02:37:29,521 INFO:Validating Batch 157
2024-11-15 02:37:39,570 INFO:Forward pass for validation completed
2024-11-15 02:37:39,575 INFO:Validating Batch 158
2024-11-15 02:37:49,370 INFO:Forward pass for validation completed
2024-11-15 02:37:49,375 INFO:Validating Batch 159
2024-11-15 02:38:01,904 INFO:Forward pass for validation completed
2024-11-15 02:38:01,920 INFO:Validating Batch 160
2024-11-15 02:38:12,786 INFO:Forward pass for validation completed
2024-11-15 02:38:12,796 INFO:Validating Batch 161
2024-11-15 02:38:23,445 INFO:Forward pass for validation completed
2024-11-15 02:38:23,453 INFO:Validating Batch 162
2024-11-15 02:38:33,589 INFO:Forward pass for validation completed
2024-11-15 02:38:33,596 INFO:Validating Batch 163
2024-11-15 02:38:43,739 INFO:Forward pass for validation completed
2024-11-15 02:38:43,744 INFO:Validating Batch 164
2024-11-15 02:38:53,493 INFO:Forward pass for validation completed
2024-11-15 02:38:53,498 INFO:Validating Batch 165
2024-11-15 02:39:03,802 INFO:Forward pass for validation completed
2024-11-15 02:39:03,809 INFO:Validating Batch 166
2024-11-15 02:39:15,296 INFO:Forward pass for validation completed
2024-11-15 02:39:15,308 INFO:Validating Batch 167
2024-11-15 02:39:26,132 INFO:Forward pass for validation completed
2024-11-15 02:39:26,142 INFO:Validating Batch 168
2024-11-15 02:39:36,014 INFO:Forward pass for validation completed
2024-11-15 02:39:36,020 INFO:Validating Batch 169
2024-11-15 02:39:47,413 INFO:Forward pass for validation completed
2024-11-15 02:39:47,423 INFO:Validating Batch 170
2024-11-15 02:39:57,143 INFO:Forward pass for validation completed
2024-11-15 02:39:57,147 INFO:Validating Batch 171
2024-11-15 02:40:06,854 INFO:Forward pass for validation completed
2024-11-15 02:40:06,858 INFO:Validating Batch 172
2024-11-15 02:40:17,766 INFO:Forward pass for validation completed
2024-11-15 02:40:17,776 INFO:Validating Batch 173
2024-11-15 02:40:27,626 INFO:Forward pass for validation completed
2024-11-15 02:40:27,631 INFO:Validating Batch 174
2024-11-15 02:40:38,359 INFO:Forward pass for validation completed
2024-11-15 02:40:38,368 INFO:Validating Batch 175
2024-11-15 02:40:48,128 INFO:Forward pass for validation completed
2024-11-15 02:40:48,132 INFO:Validating Batch 176
2024-11-15 02:40:58,647 INFO:Forward pass for validation completed
2024-11-15 02:40:58,656 INFO:Validating Batch 177
2024-11-15 02:41:11,679 INFO:Forward pass for validation completed
2024-11-15 02:41:11,698 INFO:Validating Batch 178
2024-11-15 02:41:23,024 INFO:Forward pass for validation completed
2024-11-15 02:41:23,035 INFO:Validating Batch 179
2024-11-15 02:41:33,372 INFO:Forward pass for validation completed
2024-11-15 02:41:33,381 INFO:Validating Batch 180
2024-11-15 02:41:46,389 INFO:Forward pass for validation completed
2024-11-15 02:41:46,407 INFO:Validating Batch 181
2024-11-15 02:41:56,931 INFO:Forward pass for validation completed
2024-11-15 02:41:56,939 INFO:Validating Batch 182
2024-11-15 02:42:08,344 INFO:Forward pass for validation completed
2024-11-15 02:42:08,357 INFO:Validating Batch 183
2024-11-15 02:42:21,208 INFO:Forward pass for validation completed
2024-11-15 02:42:21,226 INFO:Validating Batch 184
2024-11-15 02:42:31,114 INFO:Forward pass for validation completed
2024-11-15 02:42:31,121 INFO:Validating Batch 185
2024-11-15 02:42:43,605 INFO:Forward pass for validation completed
2024-11-15 02:42:43,623 INFO:Validating Batch 186
2024-11-15 02:42:55,186 INFO:Forward pass for validation completed
2024-11-15 02:42:55,197 INFO:Validating Batch 187
2024-11-15 02:43:06,617 INFO:Forward pass for validation completed
2024-11-15 02:43:06,628 INFO:Validating Batch 188
2024-11-15 02:43:18,898 INFO:Forward pass for validation completed
2024-11-15 02:43:18,914 INFO:Validating Batch 189
2024-11-15 02:43:29,674 INFO:Forward pass for validation completed
2024-11-15 02:43:29,683 INFO:Validating Batch 190
2024-11-15 02:43:39,634 INFO:Forward pass for validation completed
2024-11-15 02:43:39,639 INFO:Validating Batch 191
2024-11-15 02:43:50,261 INFO:Forward pass for validation completed
2024-11-15 02:43:50,268 INFO:Validating Batch 192
2024-11-15 02:44:00,034 INFO:Forward pass for validation completed
2024-11-15 02:44:00,039 INFO:Validating Batch 193
2024-11-15 02:44:11,825 INFO:Forward pass for validation completed
2024-11-15 02:44:11,836 INFO:Validating Batch 194
2024-11-15 02:44:25,032 INFO:Forward pass for validation completed
2024-11-15 02:44:25,050 INFO:Validating Batch 195
2024-11-15 02:44:35,611 INFO:Forward pass for validation completed
2024-11-15 02:44:35,618 INFO:Validating Batch 196
2024-11-15 02:44:48,754 INFO:Forward pass for validation completed
2024-11-15 02:44:48,772 INFO:Validating Batch 197
2024-11-15 02:44:58,549 INFO:Forward pass for validation completed
2024-11-15 02:44:58,553 INFO:Validating Batch 198
2024-11-15 02:45:08,936 INFO:Forward pass for validation completed
2024-11-15 02:45:08,942 INFO:Validating Batch 199
2024-11-15 02:45:20,407 INFO:Forward pass for validation completed
2024-11-15 02:45:20,419 INFO:Validating Batch 200
2024-11-15 02:45:31,144 INFO:Forward pass for validation completed
2024-11-15 02:45:31,153 INFO:Validating Batch 201
2024-11-15 02:45:41,819 INFO:Forward pass for validation completed
2024-11-15 02:45:41,828 INFO:Validating Batch 202
2024-11-15 02:45:51,809 INFO:Forward pass for validation completed
2024-11-15 02:45:51,814 INFO:Validating Batch 203
2024-11-15 02:46:03,405 INFO:Forward pass for validation completed
2024-11-15 02:46:03,417 INFO:Validating Batch 204
2024-11-15 02:46:13,458 INFO:Forward pass for validation completed
2024-11-15 02:46:13,464 INFO:Validating Batch 205
2024-11-15 02:46:24,155 INFO:Forward pass for validation completed
2024-11-15 02:46:24,163 INFO:Validating Batch 206
2024-11-15 02:46:34,310 INFO:Forward pass for validation completed
2024-11-15 02:46:34,315 INFO:Validating Batch 207
2024-11-15 02:46:44,396 INFO:Forward pass for validation completed
2024-11-15 02:46:44,401 INFO:Validating Batch 208
2024-11-15 02:46:55,816 INFO:Forward pass for validation completed
2024-11-15 02:46:55,827 INFO:Validating Batch 209
2024-11-15 02:47:06,498 INFO:Forward pass for validation completed
2024-11-15 02:47:06,506 INFO:Validating Batch 210
2024-11-15 02:47:17,648 INFO:Forward pass for validation completed
2024-11-15 02:47:17,658 INFO:Validating Batch 211
2024-11-15 02:47:28,180 INFO:Forward pass for validation completed
2024-11-15 02:47:28,187 INFO:Validating Batch 212
2024-11-15 02:47:38,108 INFO:Forward pass for validation completed
2024-11-15 02:47:38,113 INFO:Validating Batch 213
2024-11-15 02:47:48,454 INFO:Forward pass for validation completed
2024-11-15 02:47:48,461 INFO:Validating Batch 214
2024-11-15 02:47:58,226 INFO:Forward pass for validation completed
2024-11-15 02:47:58,232 INFO:Validating Batch 215
2024-11-15 02:48:11,432 INFO:Forward pass for validation completed
2024-11-15 02:48:11,451 INFO:Validating Batch 216
2024-11-15 02:48:22,928 INFO:Forward pass for validation completed
2024-11-15 02:48:22,939 INFO:Validating Batch 217
2024-11-15 02:48:34,576 INFO:Forward pass for validation completed
2024-11-15 02:48:34,588 INFO:Validating Batch 218
2024-11-15 02:48:44,738 INFO:Forward pass for validation completed
2024-11-15 02:48:44,744 INFO:Validating Batch 219
2024-11-15 02:48:54,881 INFO:Forward pass for validation completed
2024-11-15 02:48:54,887 INFO:Validating Batch 220
2024-11-15 02:49:04,987 INFO:Forward pass for validation completed
2024-11-15 02:49:04,993 INFO:Validating Batch 221
2024-11-15 02:49:15,546 INFO:Forward pass for validation completed
2024-11-15 02:49:15,553 INFO:Validating Batch 222
2024-11-15 02:49:27,910 INFO:Forward pass for validation completed
2024-11-15 02:49:27,926 INFO:Validating Batch 223
2024-11-15 02:49:41,179 INFO:Forward pass for validation completed
2024-11-15 02:49:41,198 INFO:Validating Batch 224
2024-11-15 02:49:53,018 INFO:Forward pass for validation completed
2024-11-15 02:49:53,030 INFO:Validating Batch 225
2024-11-15 02:50:04,729 INFO:Forward pass for validation completed
2024-11-15 02:50:04,739 INFO:Validating Batch 226
2024-11-15 02:50:14,551 INFO:Forward pass for validation completed
2024-11-15 02:50:14,556 INFO:Validating Batch 227
2024-11-15 02:50:27,726 INFO:Forward pass for validation completed
2024-11-15 02:50:27,744 INFO:Validating Batch 228
2024-11-15 02:50:37,669 INFO:Forward pass for validation completed
2024-11-15 02:50:37,674 INFO:Validating Batch 229
2024-11-15 02:50:47,629 INFO:Forward pass for validation completed
2024-11-15 02:50:47,634 INFO:Validating Batch 230
2024-11-15 02:50:58,014 INFO:Forward pass for validation completed
2024-11-15 02:50:58,020 INFO:Validating Batch 231
2024-11-15 02:51:08,261 INFO:Forward pass for validation completed
2024-11-15 02:51:08,267 INFO:Validating Batch 232
2024-11-15 02:51:18,787 INFO:Forward pass for validation completed
2024-11-15 02:51:18,794 INFO:Validating Batch 233
2024-11-15 02:51:28,871 INFO:Forward pass for validation completed
2024-11-15 02:51:28,878 INFO:Validating Batch 234
2024-11-15 02:51:39,571 INFO:Forward pass for validation completed
2024-11-15 02:51:39,580 INFO:Validating Batch 235
2024-11-15 02:51:49,669 INFO:Forward pass for validation completed
2024-11-15 02:51:49,675 INFO:Validating Batch 236
2024-11-15 02:52:01,790 INFO:Forward pass for validation completed
2024-11-15 02:52:01,805 INFO:Validating Batch 237
2024-11-15 02:52:12,186 INFO:Forward pass for validation completed
2024-11-15 02:52:12,193 INFO:Validating Batch 238
2024-11-15 02:52:22,093 INFO:Forward pass for validation completed
2024-11-15 02:52:22,098 INFO:Validating Batch 239
2024-11-15 02:52:35,255 INFO:Forward pass for validation completed
2024-11-15 02:52:35,273 INFO:Validating Batch 240
2024-11-15 02:52:45,999 INFO:Forward pass for validation completed
2024-11-15 02:52:46,010 INFO:Validating Batch 241
2024-11-15 02:52:59,098 INFO:Forward pass for validation completed
2024-11-15 02:52:59,116 INFO:Validating Batch 242
2024-11-15 02:53:09,112 INFO:Forward pass for validation completed
2024-11-15 02:53:09,118 INFO:Validating Batch 243
2024-11-15 02:53:19,018 INFO:Forward pass for validation completed
2024-11-15 02:53:19,023 INFO:Validating Batch 244
2024-11-15 02:53:29,703 INFO:Forward pass for validation completed
2024-11-15 02:53:29,712 INFO:Validating Batch 245
2024-11-15 02:53:39,618 INFO:Forward pass for validation completed
2024-11-15 02:53:39,623 INFO:Validating Batch 246
2024-11-15 02:53:52,278 INFO:Forward pass for validation completed
2024-11-15 02:53:52,296 INFO:Validating Batch 247
2024-11-15 02:54:02,186 INFO:Forward pass for validation completed
2024-11-15 02:54:02,192 INFO:Validating Batch 248
2024-11-15 02:54:12,303 INFO:Forward pass for validation completed
2024-11-15 02:54:12,310 INFO:Validating Batch 249
2024-11-15 02:54:22,243 INFO:Forward pass for validation completed
2024-11-15 02:54:22,249 INFO:Validating Batch 250
2024-11-15 02:54:34,921 INFO:Forward pass for validation completed
2024-11-15 02:54:34,939 INFO:Validating Batch 251
2024-11-15 02:54:45,210 INFO:Forward pass for validation completed
2024-11-15 02:54:45,216 INFO:Validating Batch 252
2024-11-15 02:54:55,085 INFO:Forward pass for validation completed
2024-11-15 02:54:55,090 INFO:Validating Batch 253
2024-11-15 02:55:05,955 INFO:Forward pass for validation completed
2024-11-15 02:55:05,964 INFO:Validating Batch 254
2024-11-15 02:55:17,098 INFO:Forward pass for validation completed
2024-11-15 02:55:17,108 INFO:Validating Batch 255
2024-11-15 02:55:30,241 INFO:Forward pass for validation completed
2024-11-15 02:55:30,260 INFO:Validating Batch 256
2024-11-15 02:55:40,085 INFO:Forward pass for validation completed
2024-11-15 02:55:40,090 INFO:Validating Batch 257
2024-11-15 02:55:49,846 INFO:Forward pass for validation completed
2024-11-15 02:55:49,850 INFO:Validating Batch 258
2024-11-15 02:55:59,807 INFO:Forward pass for validation completed
2024-11-15 02:55:59,813 INFO:Validating Batch 259
2024-11-15 02:56:09,971 INFO:Forward pass for validation completed
2024-11-15 02:56:09,989 INFO:Validating Batch 260
2024-11-15 02:56:24,536 INFO:Forward pass for validation completed
2024-11-15 02:56:24,549 INFO:Validating Batch 261
2024-11-15 02:56:37,260 INFO:Forward pass for validation completed
2024-11-15 02:56:37,266 INFO:Validating Batch 262
2024-11-15 02:56:53,348 INFO:Forward pass for validation completed
2024-11-15 02:56:53,367 INFO:Validating Batch 263
2024-11-15 02:57:06,238 INFO:Forward pass for validation completed
2024-11-15 02:57:06,244 INFO:Validating Batch 264
2024-11-15 02:57:19,185 INFO:Forward pass for validation completed
2024-11-15 02:57:19,191 INFO:Validating Batch 265
2024-11-15 02:57:34,606 INFO:Forward pass for validation completed
2024-11-15 02:57:34,626 INFO:Validating Batch 266
2024-11-15 02:57:49,081 INFO:Forward pass for validation completed
2024-11-15 02:57:49,096 INFO:Validating Batch 267
2024-11-15 02:58:03,863 INFO:Forward pass for validation completed
2024-11-15 02:58:03,877 INFO:Validating Batch 268
2024-11-15 02:58:16,928 INFO:Forward pass for validation completed
2024-11-15 02:58:16,933 INFO:Validating Batch 269
2024-11-15 02:58:29,822 INFO:Forward pass for validation completed
2024-11-15 02:58:29,826 INFO:Validating Batch 270
2024-11-15 02:58:44,831 INFO:Forward pass for validation completed
2024-11-15 02:58:44,846 INFO:Validating Batch 271
2024-11-15 02:58:57,695 INFO:Forward pass for validation completed
2024-11-15 02:58:57,699 INFO:Validating Batch 272
2024-11-15 02:59:10,812 INFO:Forward pass for validation completed
2024-11-15 02:59:10,818 INFO:Validating Batch 273
2024-11-15 02:59:24,853 INFO:Forward pass for validation completed
2024-11-15 02:59:24,864 INFO:Validating Batch 274
2024-11-15 02:59:40,249 INFO:Forward pass for validation completed
2024-11-15 02:59:40,266 INFO:Validating Batch 275
2024-11-15 02:59:56,385 INFO:Forward pass for validation completed
2024-11-15 02:59:56,404 INFO:Validating Batch 276
2024-11-15 03:00:10,779 INFO:Forward pass for validation completed
2024-11-15 03:00:10,791 INFO:Validating Batch 277
2024-11-15 03:00:23,816 INFO:Forward pass for validation completed
2024-11-15 03:00:23,821 INFO:Validating Batch 278
2024-11-15 03:00:37,077 INFO:Forward pass for validation completed
2024-11-15 03:00:37,084 INFO:Validating Batch 279
2024-11-15 03:00:51,926 INFO:Forward pass for validation completed
2024-11-15 03:00:51,941 INFO:Validating Batch 280
2024-11-15 03:01:05,362 INFO:Forward pass for validation completed
2024-11-15 03:01:05,369 INFO:Validating Batch 281
2024-11-15 03:01:19,187 INFO:Forward pass for validation completed
2024-11-15 03:01:19,199 INFO:Validating Batch 282
2024-11-15 03:01:33,797 INFO:Forward pass for validation completed
2024-11-15 03:01:33,811 INFO:Validating Batch 283
2024-11-15 03:01:47,027 INFO:Forward pass for validation completed
2024-11-15 03:01:47,033 INFO:Validating Batch 284
2024-11-15 03:02:00,518 INFO:Forward pass for validation completed
2024-11-15 03:02:00,526 INFO:Validating Batch 285
2024-11-15 03:02:13,470 INFO:Forward pass for validation completed
2024-11-15 03:02:13,475 INFO:Validation - Average Total Loss: 6842.8588, Average AA Loss: 3.2610, Average KL Loss: 6839.5979
2024-11-15 03:02:13,496 INFO:Model checkpoint saved at ./MAIN_checkpoints/ProAutoMD_epoch_4.pt
2024-11-15 03:02:13,496 INFO:
Starting Epoch 5/10
2024-11-15 03:02:13,498 INFO:Processing Batch 1
2024-11-15 03:02:13,499 INFO:Data moved to device
2024-11-15 03:02:29,421 INFO:Forward pass completed
2024-11-15 03:02:29,423 INFO:aa_pred_valid shape: torch.Size([191000, 26])
2024-11-15 03:02:29,423 INFO:x_valid shape: torch.Size([191000])
2024-11-15 03:02:29,430 INFO:AA Prediction Loss: 3.2696
2024-11-15 03:02:29,431 INFO:Total Loss: 6511.5156
2024-11-15 03:02:46,118 INFO:Backward pass completed
2024-11-15 03:02:46,156 INFO:Gradient clipping applied
2024-11-15 03:02:46,187 INFO:Optimizer step completed
2024-11-15 03:02:46,209 INFO:Processing Batch 2
2024-11-15 03:02:46,213 INFO:Data moved to device
2024-11-15 03:03:02,278 INFO:Forward pass completed
2024-11-15 03:03:02,296 INFO:aa_pred_valid shape: torch.Size([227000, 26])
2024-11-15 03:03:02,298 INFO:x_valid shape: torch.Size([227000])
2024-11-15 03:03:02,308 INFO:AA Prediction Loss: 3.2679
2024-11-15 03:03:02,545 INFO:Total Loss: 6032.4185
2024-11-15 03:03:22,153 INFO:Backward pass completed
2024-11-15 03:03:22,188 INFO:Gradient clipping applied
2024-11-15 03:03:22,205 INFO:Optimizer step completed
2024-11-15 03:03:22,223 INFO:Processing Batch 3
2024-11-15 03:03:22,227 INFO:Data moved to device
2024-11-15 03:03:51,703 ERROR:Error during forward pass: CUDA out of memory. Tried to allocate 2.00 MiB (GPU 0; 39.50 GiB total capacity; 32.99 GiB already allocated; 1.81 MiB free; 33.10 GiB reserved in total by PyTorch) If reserved memory is >> allocated memory try setting max_split_size_mb to avoid fragmentation.  See documentation for Memory Management and PYTORCH_CUDA_ALLOC_CONF
2024-11-15 03:03:52,241 INFO:Epoch 5 completed - Average Total Loss: 4181.3114, Average AA Loss: 2.1792, Average KL Loss: 4179.1323
2024-11-15 03:03:52,272 INFO:Validating Batch 1
2024-11-15 03:04:07,392 INFO:Forward pass for validation completed
2024-11-15 03:04:07,833 INFO:Validating Batch 2
2024-11-15 03:04:21,649 INFO:Forward pass for validation completed
2024-11-15 03:04:21,660 INFO:Validating Batch 3
2024-11-15 03:04:34,976 INFO:Forward pass for validation completed
2024-11-15 03:04:34,985 INFO:Validating Batch 4
2024-11-15 03:04:49,626 INFO:Forward pass for validation completed
2024-11-15 03:04:49,639 INFO:Validating Batch 5
2024-11-15 03:05:02,375 INFO:Forward pass for validation completed
2024-11-15 03:05:02,383 INFO:Validating Batch 6
2024-11-15 03:05:16,866 INFO:Forward pass for validation completed
2024-11-15 03:05:16,878 INFO:Validating Batch 7
2024-11-15 03:05:31,149 INFO:Forward pass for validation completed
2024-11-15 03:05:31,161 INFO:Validating Batch 8
2024-11-15 03:05:44,090 INFO:Forward pass for validation completed
2024-11-15 03:05:44,098 INFO:Validating Batch 9
2024-11-15 03:05:59,973 INFO:Forward pass for validation completed
2024-11-15 03:05:59,992 INFO:Validating Batch 10
2024-11-15 03:06:12,617 INFO:Forward pass for validation completed
2024-11-15 03:06:12,621 INFO:Validating Batch 11
2024-11-15 03:06:25,446 INFO:Forward pass for validation completed
2024-11-15 03:06:25,451 INFO:Validating Batch 12
2024-11-15 03:06:38,979 INFO:Forward pass for validation completed
2024-11-15 03:06:38,988 INFO:Validating Batch 13
2024-11-15 03:06:52,721 INFO:Forward pass for validation completed
2024-11-15 03:06:52,731 INFO:Validating Batch 14
2024-11-15 03:07:05,152 INFO:Forward pass for validation completed
2024-11-15 03:07:05,155 INFO:Validating Batch 15
2024-11-15 03:07:18,780 INFO:Forward pass for validation completed
2024-11-15 03:07:18,790 INFO:Validating Batch 16
2024-11-15 03:07:33,259 INFO:Forward pass for validation completed
2024-11-15 03:07:33,272 INFO:Validating Batch 17
2024-11-15 03:07:47,602 INFO:Forward pass for validation completed
2024-11-15 03:07:47,614 INFO:Validating Batch 18
2024-11-15 03:08:01,208 INFO:Forward pass for validation completed
2024-11-15 03:08:01,218 INFO:Validating Batch 19
2024-11-15 03:08:13,831 INFO:Forward pass for validation completed
2024-11-15 03:08:13,835 INFO:Validating Batch 20
2024-11-15 03:08:29,536 INFO:Forward pass for validation completed
2024-11-15 03:08:29,554 INFO:Validating Batch 21
2024-11-15 03:08:42,709 INFO:Forward pass for validation completed
2024-11-15 03:08:42,717 INFO:Validating Batch 22
2024-11-15 03:08:57,128 INFO:Forward pass for validation completed
2024-11-15 03:08:57,140 INFO:Validating Batch 23
2024-11-15 03:09:12,102 INFO:Forward pass for validation completed
2024-11-15 03:09:12,117 INFO:Validating Batch 24
2024-11-15 03:09:25,243 INFO:Forward pass for validation completed
2024-11-15 03:09:25,249 INFO:Validating Batch 25
2024-11-15 03:09:38,194 INFO:Forward pass for validation completed
2024-11-15 03:09:38,200 INFO:Validating Batch 26
2024-11-15 03:09:51,661 INFO:Forward pass for validation completed
2024-11-15 03:09:51,669 INFO:Validating Batch 27
2024-11-15 03:10:05,711 INFO:Forward pass for validation completed
2024-11-15 03:10:05,722 INFO:Validating Batch 28
2024-11-15 03:10:18,512 INFO:Forward pass for validation completed
2024-11-15 03:10:18,517 INFO:Validating Batch 29
2024-11-15 03:10:31,273 INFO:Forward pass for validation completed
2024-11-15 03:10:31,279 INFO:Validating Batch 30
2024-11-15 03:10:47,326 INFO:Forward pass for validation completed
2024-11-15 03:10:47,345 INFO:Validating Batch 31
2024-11-15 03:11:00,935 INFO:Forward pass for validation completed
2024-11-15 03:11:00,945 INFO:Validating Batch 32
2024-11-15 03:11:13,802 INFO:Forward pass for validation completed
2024-11-15 03:11:13,808 INFO:Validating Batch 33
2024-11-15 03:11:26,234 INFO:Forward pass for validation completed
2024-11-15 03:11:26,239 INFO:Validating Batch 34
2024-11-15 03:11:39,837 INFO:Forward pass for validation completed
2024-11-15 03:11:39,846 INFO:Validating Batch 35
2024-11-15 03:11:52,689 INFO:Forward pass for validation completed
2024-11-15 03:11:52,695 INFO:Validating Batch 36
2024-11-15 03:12:07,015 INFO:Forward pass for validation completed
2024-11-15 03:12:07,028 INFO:Validating Batch 37
2024-11-15 03:12:20,862 INFO:Forward pass for validation completed
2024-11-15 03:12:20,874 INFO:Validating Batch 38
2024-11-15 03:12:34,479 INFO:Forward pass for validation completed
2024-11-15 03:12:34,490 INFO:Validating Batch 39
2024-11-15 03:12:48,193 INFO:Forward pass for validation completed
2024-11-15 03:12:48,202 INFO:Validating Batch 40
2024-11-15 03:13:01,343 INFO:Forward pass for validation completed
2024-11-15 03:13:01,350 INFO:Validating Batch 41
2024-11-15 03:13:14,757 INFO:Forward pass for validation completed
2024-11-15 03:13:14,766 INFO:Validating Batch 42
2024-11-15 03:13:30,589 INFO:Forward pass for validation completed
2024-11-15 03:13:30,608 INFO:Validating Batch 43
2024-11-15 03:13:43,469 INFO:Forward pass for validation completed
2024-11-15 03:13:43,475 INFO:Validating Batch 44
2024-11-15 03:13:56,114 INFO:Forward pass for validation completed
2024-11-15 03:13:56,118 INFO:Validating Batch 45
2024-11-15 03:14:10,875 INFO:Forward pass for validation completed
2024-11-15 03:14:10,889 INFO:Validating Batch 46
2024-11-15 03:14:23,616 INFO:Forward pass for validation completed
2024-11-15 03:14:23,621 INFO:Validating Batch 47
2024-11-15 03:14:36,558 INFO:Forward pass for validation completed
2024-11-15 03:14:36,564 INFO:Validating Batch 48
2024-11-15 03:14:50,049 INFO:Forward pass for validation completed
2024-11-15 03:14:50,058 INFO:Validating Batch 49
2024-11-15 03:15:03,313 INFO:Forward pass for validation completed
2024-11-15 03:15:03,319 INFO:Validating Batch 50
2024-11-15 03:15:17,222 INFO:Forward pass for validation completed
2024-11-15 03:15:17,233 INFO:Validating Batch 51
2024-11-15 03:15:31,571 INFO:Forward pass for validation completed
2024-11-15 03:15:31,583 INFO:Validating Batch 52
2024-11-15 03:15:47,405 INFO:Forward pass for validation completed
2024-11-15 03:15:47,424 INFO:Validating Batch 53
2024-11-15 03:16:00,232 INFO:Forward pass for validation completed
2024-11-15 03:16:00,237 INFO:Validating Batch 54
2024-11-15 03:16:12,998 INFO:Forward pass for validation completed
2024-11-15 03:16:13,002 INFO:Validating Batch 55
2024-11-15 03:16:24,532 INFO:Forward pass for validation completed
2024-11-15 03:16:24,559 INFO:Validating Batch 56
2024-11-15 03:16:36,729 INFO:Forward pass for validation completed
2024-11-15 03:16:36,739 INFO:Validating Batch 57
2024-11-15 03:16:51,331 INFO:Forward pass for validation completed
2024-11-15 03:16:51,346 INFO:Validating Batch 58
2024-11-15 03:17:04,890 INFO:Forward pass for validation completed
2024-11-15 03:17:04,900 INFO:Validating Batch 59
2024-11-15 03:17:18,335 INFO:Forward pass for validation completed
2024-11-15 03:17:18,342 INFO:Validating Batch 60
2024-11-15 03:17:34,247 INFO:Forward pass for validation completed
2024-11-15 03:17:34,266 INFO:Validating Batch 61
2024-11-15 03:17:48,643 INFO:Forward pass for validation completed
2024-11-15 03:17:48,656 INFO:Validating Batch 62
2024-11-15 03:18:03,084 INFO:Forward pass for validation completed
2024-11-15 03:18:03,097 INFO:Validating Batch 63
2024-11-15 03:18:15,920 INFO:Forward pass for validation completed
2024-11-15 03:18:15,927 INFO:Validating Batch 64
2024-11-15 03:18:31,140 INFO:Forward pass for validation completed
2024-11-15 03:18:31,157 INFO:Validating Batch 65
2024-11-15 03:18:46,403 INFO:Forward pass for validation completed
2024-11-15 03:18:46,421 INFO:Validating Batch 66
2024-11-15 03:19:01,174 INFO:Forward pass for validation completed
2024-11-15 03:19:01,190 INFO:Validating Batch 67
2024-11-15 03:19:13,926 INFO:Forward pass for validation completed
2024-11-15 03:19:13,931 INFO:Validating Batch 68
2024-11-15 03:19:28,117 INFO:Forward pass for validation completed
2024-11-15 03:19:28,128 INFO:Validating Batch 69
2024-11-15 03:19:41,831 INFO:Forward pass for validation completed
2024-11-15 03:19:41,842 INFO:Validating Batch 70
2024-11-15 03:19:56,350 INFO:Forward pass for validation completed
2024-11-15 03:19:56,363 INFO:Validating Batch 71
2024-11-15 03:20:09,622 INFO:Forward pass for validation completed
2024-11-15 03:20:09,629 INFO:Validating Batch 72
2024-11-15 03:20:24,725 INFO:Forward pass for validation completed
2024-11-15 03:20:24,742 INFO:Validating Batch 73
2024-11-15 03:20:39,773 INFO:Forward pass for validation completed
2024-11-15 03:20:39,789 INFO:Validating Batch 74
2024-11-15 03:20:52,774 INFO:Forward pass for validation completed
2024-11-15 03:20:52,780 INFO:Validating Batch 75
2024-11-15 03:21:06,127 INFO:Forward pass for validation completed
2024-11-15 03:21:06,136 INFO:Validating Batch 76
2024-11-15 03:21:19,595 INFO:Forward pass for validation completed
2024-11-15 03:21:19,605 INFO:Validating Batch 77
2024-11-15 03:21:33,190 INFO:Forward pass for validation completed
2024-11-15 03:21:33,199 INFO:Validating Batch 78
2024-11-15 03:21:45,797 INFO:Forward pass for validation completed
2024-11-15 03:21:45,801 INFO:Validating Batch 79
2024-11-15 03:21:59,942 INFO:Forward pass for validation completed
2024-11-15 03:21:59,953 INFO:Validating Batch 80
2024-11-15 03:22:14,833 INFO:Forward pass for validation completed
2024-11-15 03:22:14,847 INFO:Validating Batch 81
2024-11-15 03:22:30,051 INFO:Forward pass for validation completed
2024-11-15 03:22:30,069 INFO:Validating Batch 82
2024-11-15 03:22:43,657 INFO:Forward pass for validation completed
2024-11-15 03:22:43,667 INFO:Validating Batch 83
2024-11-15 03:22:57,789 INFO:Forward pass for validation completed
2024-11-15 03:22:57,800 INFO:Validating Batch 84
2024-11-15 03:23:11,479 INFO:Forward pass for validation completed
2024-11-15 03:23:11,489 INFO:Validating Batch 85
2024-11-15 03:23:24,892 INFO:Forward pass for validation completed
2024-11-15 03:23:24,918 INFO:Validating Batch 86
2024-11-15 03:23:39,414 INFO:Forward pass for validation completed
2024-11-15 03:23:39,446 INFO:Validating Batch 87
2024-11-15 03:23:53,187 INFO:Forward pass for validation completed
2024-11-15 03:23:53,214 INFO:Validating Batch 88
2024-11-15 03:24:06,164 INFO:Forward pass for validation completed
2024-11-15 03:24:06,188 INFO:Validating Batch 89
2024-11-15 03:24:19,077 INFO:Forward pass for validation completed
2024-11-15 03:24:19,100 INFO:Validating Batch 90
2024-11-15 03:24:30,706 INFO:Forward pass for validation completed
2024-11-15 03:24:30,742 INFO:Validating Batch 91
2024-11-15 03:24:42,463 INFO:Forward pass for validation completed
2024-11-15 03:24:42,493 INFO:Validating Batch 92
2024-11-15 03:24:53,534 INFO:Forward pass for validation completed
2024-11-15 03:24:53,564 INFO:Validating Batch 93
2024-11-15 03:25:05,035 INFO:Forward pass for validation completed
2024-11-15 03:25:05,066 INFO:Validating Batch 94
2024-11-15 03:25:15,666 INFO:Forward pass for validation completed
2024-11-15 03:25:15,691 INFO:Validating Batch 95
2024-11-15 03:25:26,058 INFO:Forward pass for validation completed
2024-11-15 03:25:26,083 INFO:Validating Batch 96
2024-11-15 03:25:35,825 INFO:Forward pass for validation completed
2024-11-15 03:25:35,849 INFO:Validating Batch 97
2024-11-15 03:25:47,969 INFO:Forward pass for validation completed
2024-11-15 03:25:48,003 INFO:Validating Batch 98
2024-11-15 03:25:58,001 INFO:Forward pass for validation completed
2024-11-15 03:25:58,023 INFO:Validating Batch 99
2024-11-15 03:26:08,990 INFO:Forward pass for validation completed
2024-11-15 03:26:09,004 INFO:Validating Batch 100
2024-11-15 03:26:20,419 INFO:Forward pass for validation completed
2024-11-15 03:26:20,429 INFO:Validating Batch 101
2024-11-15 03:26:31,898 INFO:Forward pass for validation completed
2024-11-15 03:26:31,910 INFO:Validating Batch 102
2024-11-15 03:26:41,969 INFO:Forward pass for validation completed
2024-11-15 03:26:41,975 INFO:Validating Batch 103
2024-11-15 03:26:53,242 INFO:Forward pass for validation completed
2024-11-15 03:26:53,255 INFO:Validating Batch 104
2024-11-15 03:27:02,959 INFO:Forward pass for validation completed
2024-11-15 03:27:02,965 INFO:Validating Batch 105
2024-11-15 03:27:13,283 INFO:Forward pass for validation completed
2024-11-15 03:27:13,290 INFO:Validating Batch 106
2024-11-15 03:27:23,899 INFO:Forward pass for validation completed
2024-11-15 03:27:23,908 INFO:Validating Batch 107
2024-11-15 03:27:36,854 INFO:Forward pass for validation completed
2024-11-15 03:27:36,872 INFO:Validating Batch 108
2024-11-15 03:27:47,839 INFO:Forward pass for validation completed
2024-11-15 03:27:47,848 INFO:Validating Batch 109
2024-11-15 03:27:59,125 INFO:Forward pass for validation completed
2024-11-15 03:27:59,138 INFO:Validating Batch 110
2024-11-15 03:28:11,464 INFO:Forward pass for validation completed
2024-11-15 03:28:11,482 INFO:Validating Batch 111
2024-11-15 03:28:22,013 INFO:Forward pass for validation completed
2024-11-15 03:28:22,022 INFO:Validating Batch 112
2024-11-15 03:28:32,484 INFO:Forward pass for validation completed
2024-11-15 03:28:32,492 INFO:Validating Batch 113
2024-11-15 03:28:42,839 INFO:Forward pass for validation completed
2024-11-15 03:28:42,846 INFO:Validating Batch 114
2024-11-15 03:28:54,767 INFO:Forward pass for validation completed
2024-11-15 03:28:54,781 INFO:Validating Batch 115
2024-11-15 03:29:06,593 INFO:Forward pass for validation completed
2024-11-15 03:29:06,607 INFO:Validating Batch 116
2024-11-15 03:29:16,514 INFO:Forward pass for validation completed
2024-11-15 03:29:16,520 INFO:Validating Batch 117
2024-11-15 03:29:26,625 INFO:Forward pass for validation completed
2024-11-15 03:29:26,630 INFO:Validating Batch 118
2024-11-15 03:29:36,768 INFO:Forward pass for validation completed
2024-11-15 03:29:36,779 INFO:Validating Batch 119
2024-11-15 03:29:48,268 INFO:Forward pass for validation completed
2024-11-15 03:29:48,280 INFO:Validating Batch 120
2024-11-15 03:30:01,293 INFO:Forward pass for validation completed
2024-11-15 03:30:01,311 INFO:Validating Batch 121
2024-11-15 03:30:12,988 INFO:Forward pass for validation completed
2024-11-15 03:30:13,001 INFO:Validating Batch 122
2024-11-15 03:30:24,691 INFO:Forward pass for validation completed
2024-11-15 03:30:24,703 INFO:Validating Batch 123
2024-11-15 03:30:35,722 INFO:Forward pass for validation completed
2024-11-15 03:30:35,732 INFO:Validating Batch 124
2024-11-15 03:30:45,798 INFO:Forward pass for validation completed
2024-11-15 03:30:45,805 INFO:Validating Batch 125
2024-11-15 03:30:58,639 INFO:Forward pass for validation completed
2024-11-15 03:30:58,657 INFO:Validating Batch 126
2024-11-15 03:31:10,391 INFO:Forward pass for validation completed
2024-11-15 03:31:10,404 INFO:Validating Batch 127
2024-11-15 03:31:23,420 INFO:Forward pass for validation completed
2024-11-15 03:31:23,438 INFO:Validating Batch 128
2024-11-15 03:31:32,991 INFO:Forward pass for validation completed
2024-11-15 03:31:32,995 INFO:Validating Batch 129
2024-11-15 03:31:45,113 INFO:Forward pass for validation completed
2024-11-15 03:31:45,143 INFO:Validating Batch 130
2024-11-15 03:31:58,097 INFO:Forward pass for validation completed
2024-11-15 03:31:58,115 INFO:Validating Batch 131
2024-11-15 03:32:07,912 INFO:Forward pass for validation completed
2024-11-15 03:32:07,917 INFO:Validating Batch 132
2024-11-15 03:32:17,771 INFO:Forward pass for validation completed
2024-11-15 03:32:17,777 INFO:Validating Batch 133
2024-11-15 03:32:28,253 INFO:Forward pass for validation completed
2024-11-15 03:32:28,262 INFO:Validating Batch 134
2024-11-15 03:32:37,991 INFO:Forward pass for validation completed
2024-11-15 03:32:37,996 INFO:Validating Batch 135
2024-11-15 03:32:49,592 INFO:Forward pass for validation completed
2024-11-15 03:32:49,604 INFO:Validating Batch 136
2024-11-15 03:33:00,015 INFO:Forward pass for validation completed
2024-11-15 03:33:00,023 INFO:Validating Batch 137
2024-11-15 03:33:09,523 INFO:Forward pass for validation completed
2024-11-15 03:33:09,527 INFO:Validating Batch 138
2024-11-15 03:33:19,856 INFO:Forward pass for validation completed
2024-11-15 03:33:19,865 INFO:Validating Batch 139
2024-11-15 03:33:29,901 INFO:Forward pass for validation completed
2024-11-15 03:33:29,907 INFO:Validating Batch 140
2024-11-15 03:33:40,390 INFO:Forward pass for validation completed
2024-11-15 03:33:40,398 INFO:Validating Batch 141
2024-11-15 03:33:52,680 INFO:Forward pass for validation completed
2024-11-15 03:33:52,695 INFO:Validating Batch 142
2024-11-15 03:34:04,896 INFO:Forward pass for validation completed
2024-11-15 03:34:04,912 INFO:Validating Batch 143
2024-11-15 03:34:15,621 INFO:Forward pass for validation completed
2024-11-15 03:34:15,629 INFO:Validating Batch 144
2024-11-15 03:34:25,995 INFO:Forward pass for validation completed
2024-11-15 03:34:26,003 INFO:Validating Batch 145
2024-11-15 03:34:35,916 INFO:Forward pass for validation completed
2024-11-15 03:34:35,921 INFO:Validating Batch 146
2024-11-15 03:34:45,417 INFO:Forward pass for validation completed
2024-11-15 03:34:45,421 INFO:Validating Batch 147
2024-11-15 03:34:55,147 INFO:Forward pass for validation completed
2024-11-15 03:34:55,151 INFO:Validating Batch 148
2024-11-15 03:35:04,862 INFO:Forward pass for validation completed
2024-11-15 03:35:04,866 INFO:Validating Batch 149
2024-11-15 03:35:16,116 INFO:Forward pass for validation completed
2024-11-15 03:35:16,128 INFO:Validating Batch 150
2024-11-15 03:35:27,487 INFO:Forward pass for validation completed
2024-11-15 03:35:27,498 INFO:Validating Batch 151
2024-11-15 03:35:37,268 INFO:Forward pass for validation completed
2024-11-15 03:35:37,273 INFO:Validating Batch 152
2024-11-15 03:35:48,014 INFO:Forward pass for validation completed
2024-11-15 03:35:48,024 INFO:Validating Batch 153
2024-11-15 03:35:58,454 INFO:Forward pass for validation completed
2024-11-15 03:35:58,463 INFO:Validating Batch 154
2024-11-15 03:36:08,423 INFO:Forward pass for validation completed
2024-11-15 03:36:08,429 INFO:Validating Batch 155
2024-11-15 03:36:18,183 INFO:Forward pass for validation completed
2024-11-15 03:36:18,187 INFO:Validating Batch 156
2024-11-15 03:36:28,445 INFO:Forward pass for validation completed
2024-11-15 03:36:28,452 INFO:Validating Batch 157
2024-11-15 03:36:38,254 INFO:Forward pass for validation completed
2024-11-15 03:36:38,260 INFO:Validating Batch 158
2024-11-15 03:36:47,861 INFO:Forward pass for validation completed
2024-11-15 03:36:47,864 INFO:Validating Batch 159
2024-11-15 03:36:59,979 INFO:Forward pass for validation completed
2024-11-15 03:36:59,995 INFO:Validating Batch 160
2024-11-15 03:37:10,650 INFO:Forward pass for validation completed
2024-11-15 03:37:10,659 INFO:Validating Batch 161
2024-11-15 03:37:21,127 INFO:Forward pass for validation completed
2024-11-15 03:37:21,134 INFO:Validating Batch 162
2024-11-15 03:37:31,112 INFO:Forward pass for validation completed
2024-11-15 03:37:31,118 INFO:Validating Batch 163
2024-11-15 03:37:41,071 INFO:Forward pass for validation completed
2024-11-15 03:37:41,077 INFO:Validating Batch 164
2024-11-15 03:37:50,626 INFO:Forward pass for validation completed
2024-11-15 03:37:50,630 INFO:Validating Batch 165
2024-11-15 03:38:00,667 INFO:Forward pass for validation completed
2024-11-15 03:38:00,673 INFO:Validating Batch 166
2024-11-15 03:38:11,960 INFO:Forward pass for validation completed
2024-11-15 03:38:11,971 INFO:Validating Batch 167
2024-11-15 03:38:22,609 INFO:Forward pass for validation completed
2024-11-15 03:38:22,617 INFO:Validating Batch 168
2024-11-15 03:38:32,314 INFO:Forward pass for validation completed
2024-11-15 03:38:32,318 INFO:Validating Batch 169
2024-11-15 03:38:43,564 INFO:Forward pass for validation completed
2024-11-15 03:38:43,574 INFO:Validating Batch 170
2024-11-15 03:38:53,140 INFO:Forward pass for validation completed
2024-11-15 03:38:53,144 INFO:Validating Batch 171
2024-11-15 03:39:02,654 INFO:Forward pass for validation completed
2024-11-15 03:39:02,657 INFO:Validating Batch 172
2024-11-15 03:39:13,397 INFO:Forward pass for validation completed
2024-11-15 03:39:13,407 INFO:Validating Batch 173
2024-11-15 03:39:23,074 INFO:Forward pass for validation completed
2024-11-15 03:39:23,079 INFO:Validating Batch 174
2024-11-15 03:39:33,614 INFO:Forward pass for validation completed
2024-11-15 03:39:33,623 INFO:Validating Batch 175
2024-11-15 03:39:43,245 INFO:Forward pass for validation completed
2024-11-15 03:39:43,249 INFO:Validating Batch 176
2024-11-15 03:39:53,655 INFO:Forward pass for validation completed
2024-11-15 03:39:53,662 INFO:Validating Batch 177
2024-11-15 03:40:06,490 INFO:Forward pass for validation completed
2024-11-15 03:40:06,508 INFO:Validating Batch 178
2024-11-15 03:40:17,639 INFO:Forward pass for validation completed
2024-11-15 03:40:17,650 INFO:Validating Batch 179
2024-11-15 03:40:27,812 INFO:Forward pass for validation completed
2024-11-15 03:40:27,819 INFO:Validating Batch 180
2024-11-15 03:40:40,668 INFO:Forward pass for validation completed
2024-11-15 03:40:40,686 INFO:Validating Batch 181
2024-11-15 03:40:51,062 INFO:Forward pass for validation completed
2024-11-15 03:40:51,069 INFO:Validating Batch 182
2024-11-15 03:41:02,303 INFO:Forward pass for validation completed
2024-11-15 03:41:02,315 INFO:Validating Batch 183
2024-11-15 03:41:14,922 INFO:Forward pass for validation completed
2024-11-15 03:41:14,940 INFO:Validating Batch 184
2024-11-15 03:41:24,617 INFO:Forward pass for validation completed
2024-11-15 03:41:24,622 INFO:Validating Batch 185
2024-11-15 03:41:36,916 INFO:Forward pass for validation completed
2024-11-15 03:41:36,933 INFO:Validating Batch 186
2024-11-15 03:41:48,154 INFO:Forward pass for validation completed
2024-11-15 03:41:48,165 INFO:Validating Batch 187
2024-11-15 03:41:59,346 INFO:Forward pass for validation completed
2024-11-15 03:41:59,356 INFO:Validating Batch 188
2024-11-15 03:42:11,446 INFO:Forward pass for validation completed
2024-11-15 03:42:11,462 INFO:Validating Batch 189
2024-11-15 03:42:22,029 INFO:Forward pass for validation completed
2024-11-15 03:42:22,037 INFO:Validating Batch 190
2024-11-15 03:42:31,786 INFO:Forward pass for validation completed
2024-11-15 03:42:31,790 INFO:Validating Batch 191
2024-11-15 03:42:42,209 INFO:Forward pass for validation completed
2024-11-15 03:42:42,217 INFO:Validating Batch 192
2024-11-15 03:42:51,829 INFO:Forward pass for validation completed
2024-11-15 03:42:51,833 INFO:Validating Batch 193
2024-11-15 03:43:03,210 INFO:Forward pass for validation completed
2024-11-15 03:43:03,222 INFO:Validating Batch 194
2024-11-15 03:43:16,150 INFO:Forward pass for validation completed
2024-11-15 03:43:16,168 INFO:Validating Batch 195
2024-11-15 03:43:26,472 INFO:Forward pass for validation completed
2024-11-15 03:43:26,479 INFO:Validating Batch 196
2024-11-15 03:43:39,317 INFO:Forward pass for validation completed
2024-11-15 03:43:39,335 INFO:Validating Batch 197
2024-11-15 03:43:48,900 INFO:Forward pass for validation completed
2024-11-15 03:43:48,903 INFO:Validating Batch 198
2024-11-15 03:43:59,067 INFO:Forward pass for validation completed
2024-11-15 03:43:59,073 INFO:Validating Batch 199
2024-11-15 03:44:10,313 INFO:Forward pass for validation completed
2024-11-15 03:44:10,325 INFO:Validating Batch 200
2024-11-15 03:44:20,819 INFO:Forward pass for validation completed
2024-11-15 03:44:20,828 INFO:Validating Batch 201
2024-11-15 03:44:31,260 INFO:Forward pass for validation completed
2024-11-15 03:44:31,268 INFO:Validating Batch 202
2024-11-15 03:44:41,016 INFO:Forward pass for validation completed
2024-11-15 03:44:41,021 INFO:Validating Batch 203
2024-11-15 03:44:52,358 INFO:Forward pass for validation completed
2024-11-15 03:44:52,370 INFO:Validating Batch 204
2024-11-15 03:45:02,172 INFO:Forward pass for validation completed
2024-11-15 03:45:02,177 INFO:Validating Batch 205
2024-11-15 03:45:12,582 INFO:Forward pass for validation completed
2024-11-15 03:45:12,590 INFO:Validating Batch 206
2024-11-15 03:45:22,477 INFO:Forward pass for validation completed
2024-11-15 03:45:22,482 INFO:Validating Batch 207
2024-11-15 03:45:32,289 INFO:Forward pass for validation completed
2024-11-15 03:45:32,294 INFO:Validating Batch 208
2024-11-15 03:45:43,539 INFO:Forward pass for validation completed
2024-11-15 03:45:43,550 INFO:Validating Batch 209
2024-11-15 03:45:54,017 INFO:Forward pass for validation completed
2024-11-15 03:45:54,026 INFO:Validating Batch 210
2024-11-15 03:46:04,975 INFO:Forward pass for validation completed
2024-11-15 03:46:04,984 INFO:Validating Batch 211
2024-11-15 03:46:15,311 INFO:Forward pass for validation completed
2024-11-15 03:46:15,318 INFO:Validating Batch 212
2024-11-15 03:46:25,027 INFO:Forward pass for validation completed
2024-11-15 03:46:25,031 INFO:Validating Batch 213
2024-11-15 03:46:35,120 INFO:Forward pass for validation completed
2024-11-15 03:46:35,126 INFO:Validating Batch 214
2024-11-15 03:46:44,676 INFO:Forward pass for validation completed
2024-11-15 03:46:44,680 INFO:Validating Batch 215
2024-11-15 03:46:57,662 INFO:Forward pass for validation completed
2024-11-15 03:46:57,681 INFO:Validating Batch 216
2024-11-15 03:47:08,970 INFO:Forward pass for validation completed
2024-11-15 03:47:08,980 INFO:Validating Batch 217
2024-11-15 03:47:20,390 INFO:Forward pass for validation completed
2024-11-15 03:47:20,402 INFO:Validating Batch 218
2024-11-15 03:47:30,309 INFO:Forward pass for validation completed
2024-11-15 03:47:30,315 INFO:Validating Batch 219
2024-11-15 03:47:40,201 INFO:Forward pass for validation completed
2024-11-15 03:47:40,206 INFO:Validating Batch 220
2024-11-15 03:47:50,077 INFO:Forward pass for validation completed
2024-11-15 03:47:50,082 INFO:Validating Batch 221
2024-11-15 03:48:00,393 INFO:Forward pass for validation completed
2024-11-15 03:48:00,400 INFO:Validating Batch 222
2024-11-15 03:48:12,534 INFO:Forward pass for validation completed
2024-11-15 03:48:12,551 INFO:Validating Batch 223
2024-11-15 03:48:25,566 INFO:Forward pass for validation completed
2024-11-15 03:48:25,584 INFO:Validating Batch 224
2024-11-15 03:48:37,164 INFO:Forward pass for validation completed
2024-11-15 03:48:37,176 INFO:Validating Batch 225
2024-11-15 03:48:48,629 INFO:Forward pass for validation completed
2024-11-15 03:48:48,640 INFO:Validating Batch 226
2024-11-15 03:48:58,230 INFO:Forward pass for validation completed
2024-11-15 03:48:58,234 INFO:Validating Batch 227
2024-11-15 03:49:11,234 INFO:Forward pass for validation completed
2024-11-15 03:49:11,271 INFO:Validating Batch 228
2024-11-15 03:49:20,895 INFO:Forward pass for validation completed
2024-11-15 03:49:20,917 INFO:Validating Batch 229
2024-11-15 03:49:30,606 INFO:Forward pass for validation completed
2024-11-15 03:49:30,628 INFO:Validating Batch 230
2024-11-15 03:49:40,789 INFO:Forward pass for validation completed
2024-11-15 03:49:40,814 INFO:Validating Batch 231
2024-11-15 03:49:50,838 INFO:Forward pass for validation completed
2024-11-15 03:49:50,862 INFO:Validating Batch 232
2024-11-15 03:50:01,181 INFO:Forward pass for validation completed
2024-11-15 03:50:01,205 INFO:Validating Batch 233
2024-11-15 03:50:11,083 INFO:Forward pass for validation completed
2024-11-15 03:50:11,106 INFO:Validating Batch 234
2024-11-15 03:50:21,646 INFO:Forward pass for validation completed
2024-11-15 03:50:21,675 INFO:Validating Batch 235
2024-11-15 03:50:31,619 INFO:Forward pass for validation completed
2024-11-15 03:50:31,644 INFO:Validating Batch 236
2024-11-15 03:50:43,632 INFO:Forward pass for validation completed
2024-11-15 03:50:43,666 INFO:Validating Batch 237
2024-11-15 03:50:53,923 INFO:Forward pass for validation completed
2024-11-15 03:50:53,947 INFO:Validating Batch 238
2024-11-15 03:51:03,765 INFO:Forward pass for validation completed
2024-11-15 03:51:03,789 INFO:Validating Batch 239
2024-11-15 03:51:16,847 INFO:Forward pass for validation completed
2024-11-15 03:51:16,884 INFO:Validating Batch 240
2024-11-15 03:51:27,577 INFO:Forward pass for validation completed
2024-11-15 03:51:27,605 INFO:Validating Batch 241
2024-11-15 03:51:40,611 INFO:Forward pass for validation completed
2024-11-15 03:51:40,648 INFO:Validating Batch 242
2024-11-15 03:51:50,534 INFO:Forward pass for validation completed
2024-11-15 03:51:50,540 INFO:Validating Batch 243
2024-11-15 03:52:00,336 INFO:Forward pass for validation completed
2024-11-15 03:52:00,340 INFO:Validating Batch 244
2024-11-15 03:52:10,952 INFO:Forward pass for validation completed
2024-11-15 03:52:10,962 INFO:Validating Batch 245
2024-11-15 03:52:20,742 INFO:Forward pass for validation completed
2024-11-15 03:52:20,746 INFO:Validating Batch 246
2024-11-15 03:52:33,288 INFO:Forward pass for validation completed
2024-11-15 03:52:33,306 INFO:Validating Batch 247
2024-11-15 03:52:43,093 INFO:Forward pass for validation completed
2024-11-15 03:52:43,098 INFO:Validating Batch 248
2024-11-15 03:52:53,108 INFO:Forward pass for validation completed
2024-11-15 03:52:53,113 INFO:Validating Batch 249
2024-11-15 03:53:02,971 INFO:Forward pass for validation completed
2024-11-15 03:53:02,975 INFO:Validating Batch 250
2024-11-15 03:53:15,568 INFO:Forward pass for validation completed
2024-11-15 03:53:15,586 INFO:Validating Batch 251
2024-11-15 03:53:25,742 INFO:Forward pass for validation completed
2024-11-15 03:53:25,749 INFO:Validating Batch 252
2024-11-15 03:53:35,462 INFO:Forward pass for validation completed
2024-11-15 03:53:35,466 INFO:Validating Batch 253
2024-11-15 03:53:46,214 INFO:Forward pass for validation completed
2024-11-15 03:53:46,223 INFO:Validating Batch 254
2024-11-15 03:53:57,290 INFO:Forward pass for validation completed
2024-11-15 03:53:57,300 INFO:Validating Batch 255
2024-11-15 03:54:10,403 INFO:Forward pass for validation completed
2024-11-15 03:54:10,421 INFO:Validating Batch 256
2024-11-15 03:54:20,165 INFO:Forward pass for validation completed
2024-11-15 03:54:20,169 INFO:Validating Batch 257
2024-11-15 03:54:29,823 INFO:Forward pass for validation completed
2024-11-15 03:54:29,826 INFO:Validating Batch 258
2024-11-15 03:54:39,652 INFO:Forward pass for validation completed
2024-11-15 03:54:39,657 INFO:Validating Batch 259
2024-11-15 03:54:49,658 INFO:Forward pass for validation completed
2024-11-15 03:54:49,664 INFO:Validating Batch 260
2024-11-15 03:55:00,991 INFO:Forward pass for validation completed
2024-11-15 03:55:01,003 INFO:Validating Batch 261
2024-11-15 03:55:10,605 INFO:Forward pass for validation completed
2024-11-15 03:55:10,608 INFO:Validating Batch 262
2024-11-15 03:55:23,607 INFO:Forward pass for validation completed
2024-11-15 03:55:23,625 INFO:Validating Batch 263
2024-11-15 03:55:33,333 INFO:Forward pass for validation completed
2024-11-15 03:55:33,336 INFO:Validating Batch 264
2024-11-15 03:55:43,051 INFO:Forward pass for validation completed
2024-11-15 03:55:43,056 INFO:Validating Batch 265
2024-11-15 03:55:55,377 INFO:Forward pass for validation completed
2024-11-15 03:55:55,393 INFO:Validating Batch 266
2024-11-15 03:56:06,772 INFO:Forward pass for validation completed
2024-11-15 03:56:06,784 INFO:Validating Batch 267
2024-11-15 03:56:18,478 INFO:Forward pass for validation completed
2024-11-15 03:56:18,504 INFO:Validating Batch 268
2024-11-15 03:56:28,369 INFO:Forward pass for validation completed
2024-11-15 03:56:28,391 INFO:Validating Batch 269
2024-11-15 03:56:38,079 INFO:Forward pass for validation completed
2024-11-15 03:56:38,101 INFO:Validating Batch 270
2024-11-15 03:56:49,918 INFO:Forward pass for validation completed
2024-11-15 03:56:49,950 INFO:Validating Batch 271
2024-11-15 03:56:59,757 INFO:Forward pass for validation completed
2024-11-15 03:56:59,779 INFO:Validating Batch 272
2024-11-15 03:57:09,719 INFO:Forward pass for validation completed
2024-11-15 03:57:09,743 INFO:Validating Batch 273
2024-11-15 03:57:20,757 INFO:Forward pass for validation completed
2024-11-15 03:57:20,785 INFO:Validating Batch 274
2024-11-15 03:57:33,132 INFO:Forward pass for validation completed
2024-11-15 03:57:33,167 INFO:Validating Batch 275
2024-11-15 03:57:46,287 INFO:Forward pass for validation completed
2024-11-15 03:57:46,323 INFO:Validating Batch 276
2024-11-15 03:57:57,684 INFO:Forward pass for validation completed
2024-11-15 03:57:57,712 INFO:Validating Batch 277
2024-11-15 03:58:07,555 INFO:Forward pass for validation completed
2024-11-15 03:58:07,580 INFO:Validating Batch 278
2024-11-15 03:58:17,565 INFO:Forward pass for validation completed
2024-11-15 03:58:17,589 INFO:Validating Batch 279
2024-11-15 03:58:29,269 INFO:Forward pass for validation completed
2024-11-15 03:58:29,300 INFO:Validating Batch 280
2024-11-15 03:58:39,439 INFO:Forward pass for validation completed
2024-11-15 03:58:39,463 INFO:Validating Batch 281
2024-11-15 03:58:50,091 INFO:Forward pass for validation completed
2024-11-15 03:58:50,118 INFO:Validating Batch 282
2024-11-15 03:59:01,593 INFO:Forward pass for validation completed
2024-11-15 03:59:01,624 INFO:Validating Batch 283
2024-11-15 03:59:11,604 INFO:Forward pass for validation completed
2024-11-15 03:59:11,610 INFO:Validating Batch 284
2024-11-15 03:59:21,803 INFO:Forward pass for validation completed
2024-11-15 03:59:21,810 INFO:Validating Batch 285
2024-11-15 03:59:31,535 INFO:Forward pass for validation completed
2024-11-15 03:59:31,539 INFO:Validation - Average Total Loss: 5852.3812, Average AA Loss: 3.2581, Average KL Loss: 5849.1233
2024-11-15 03:59:31,539 INFO:
Starting Epoch 6/10
2024-11-15 03:59:31,540 INFO:Processing Batch 1
2024-11-15 03:59:31,542 INFO:Data moved to device
2024-11-15 03:59:42,934 INFO:Forward pass completed
2024-11-15 03:59:42,935 INFO:aa_pred_valid shape: torch.Size([76000, 26])
2024-11-15 03:59:42,936 INFO:x_valid shape: torch.Size([76000])
2024-11-15 03:59:42,937 INFO:AA Prediction Loss: 3.2667
2024-11-15 03:59:42,937 INFO:Total Loss: 6622.1890
2024-11-15 03:59:56,378 INFO:Backward pass completed
2024-11-15 03:59:56,422 INFO:Gradient clipping applied
2024-11-15 03:59:56,443 INFO:Optimizer step completed
2024-11-15 03:59:56,468 INFO:Processing Batch 2
2024-11-15 03:59:56,472 INFO:Data moved to device
2024-11-15 04:00:09,147 INFO:Forward pass completed
2024-11-15 04:00:09,166 INFO:aa_pred_valid shape: torch.Size([213000, 26])
2024-11-15 04:00:09,167 INFO:x_valid shape: torch.Size([213000])
2024-11-15 04:00:09,175 INFO:AA Prediction Loss: 3.2528
2024-11-15 04:00:09,476 INFO:Total Loss: 5213.2637
2024-11-15 04:00:28,219 INFO:Backward pass completed
2024-11-15 04:00:28,251 INFO:Gradient clipping applied
2024-11-15 04:00:28,264 INFO:Optimizer step completed
2024-11-15 04:00:28,283 INFO:Processing Batch 3
2024-11-15 04:00:28,287 INFO:Data moved to device
2024-11-15 04:00:40,792 INFO:Forward pass completed
2024-11-15 04:00:40,795 INFO:aa_pred_valid shape: torch.Size([213000, 26])
2024-11-15 04:00:40,796 INFO:x_valid shape: torch.Size([213000])
2024-11-15 04:00:40,804 INFO:AA Prediction Loss: 3.2541
2024-11-15 04:00:41,153 INFO:Total Loss: 4858.2139
2024-11-15 04:00:59,998 INFO:Backward pass completed
2024-11-15 04:01:00,029 INFO:Gradient clipping applied
2024-11-15 04:01:00,053 INFO:Optimizer step completed
2024-11-15 04:01:00,079 INFO:Processing Batch 4
2024-11-15 04:01:00,083 INFO:Data moved to device
2024-11-15 04:01:14,993 INFO:Forward pass completed
2024-11-15 04:01:15,002 INFO:aa_pred_valid shape: torch.Size([295000, 26])
2024-11-15 04:01:15,004 INFO:x_valid shape: torch.Size([295000])
2024-11-15 04:01:15,019 INFO:AA Prediction Loss: 3.2476
2024-11-15 04:01:15,429 INFO:Total Loss: 4546.5366
2024-11-15 04:01:38,635 INFO:Backward pass completed
2024-11-15 04:01:38,663 INFO:Gradient clipping applied
2024-11-15 04:01:38,677 INFO:Optimizer step completed
2024-11-15 04:01:38,695 INFO:Processing Batch 5
2024-11-15 04:01:38,698 INFO:Data moved to device
2024-11-15 04:01:52,041 INFO:Forward pass completed
2024-11-15 04:01:52,063 INFO:aa_pred_valid shape: torch.Size([291000, 26])
2024-11-15 04:01:52,065 INFO:x_valid shape: torch.Size([291000])
2024-11-15 04:01:52,075 INFO:AA Prediction Loss: 3.2526
2024-11-15 04:01:52,491 INFO:Total Loss: 4160.1230
2024-11-15 04:02:15,641 INFO:Backward pass completed
2024-11-15 04:02:15,654 INFO:Gradient clipping applied
2024-11-15 04:02:15,668 INFO:Optimizer step completed
2024-11-15 04:02:15,707 INFO:Processing Batch 6
2024-11-15 04:02:15,711 INFO:Data moved to device
2024-11-15 04:02:40,414 ERROR:Error during forward pass: CUDA out of memory. Tried to allocate 2.00 MiB (GPU 0; 39.50 GiB total capacity; 32.91 GiB already allocated; 1.81 MiB free; 33.10 GiB reserved in total by PyTorch) If reserved memory is >> allocated memory try setting max_split_size_mb to avoid fragmentation.  See documentation for Memory Management and PYTORCH_CUDA_ALLOC_CONF
2024-11-15 04:02:40,885 INFO:Epoch 6 completed - Average Total Loss: 4233.3877, Average AA Loss: 2.7123, Average KL Loss: 4230.6755
2024-11-15 04:02:40,933 INFO:Validating Batch 1
2024-11-15 04:02:53,058 INFO:Forward pass for validation completed
2024-11-15 04:02:53,637 INFO:Validating Batch 2
2024-11-15 04:03:04,495 INFO:Forward pass for validation completed
2024-11-15 04:03:04,507 INFO:Validating Batch 3
2024-11-15 04:03:14,865 INFO:Forward pass for validation completed
2024-11-15 04:03:14,873 INFO:Validating Batch 4
2024-11-15 04:03:26,403 INFO:Forward pass for validation completed
2024-11-15 04:03:26,416 INFO:Validating Batch 5
2024-11-15 04:03:36,146 INFO:Forward pass for validation completed
2024-11-15 04:03:36,149 INFO:Validating Batch 6
2024-11-15 04:03:47,686 INFO:Forward pass for validation completed
2024-11-15 04:03:47,698 INFO:Validating Batch 7
2024-11-15 04:03:59,051 INFO:Forward pass for validation completed
2024-11-15 04:03:59,061 INFO:Validating Batch 8
2024-11-15 04:04:09,052 INFO:Forward pass for validation completed
2024-11-15 04:04:09,058 INFO:Validating Batch 9
2024-11-15 04:04:22,107 INFO:Forward pass for validation completed
2024-11-15 04:04:22,126 INFO:Validating Batch 10
2024-11-15 04:04:31,849 INFO:Forward pass for validation completed
2024-11-15 04:04:31,853 INFO:Validating Batch 11
2024-11-15 04:04:41,650 INFO:Forward pass for validation completed
2024-11-15 04:04:41,654 INFO:Validating Batch 12
2024-11-15 04:04:52,287 INFO:Forward pass for validation completed
2024-11-15 04:04:52,295 INFO:Validating Batch 13
2024-11-15 04:05:03,083 INFO:Forward pass for validation completed
2024-11-15 04:05:03,092 INFO:Validating Batch 14
2024-11-15 04:05:12,680 INFO:Forward pass for validation completed
2024-11-15 04:05:12,683 INFO:Validating Batch 15
2024-11-15 04:05:23,353 INFO:Forward pass for validation completed
2024-11-15 04:05:23,362 INFO:Validating Batch 16
2024-11-15 04:05:34,870 INFO:Forward pass for validation completed
2024-11-15 04:05:34,881 INFO:Validating Batch 17
2024-11-15 04:05:46,314 INFO:Forward pass for validation completed
2024-11-15 04:05:46,324 INFO:Validating Batch 18
2024-11-15 04:05:56,912 INFO:Forward pass for validation completed
2024-11-15 04:05:56,920 INFO:Validating Batch 19
2024-11-15 04:06:06,618 INFO:Forward pass for validation completed
2024-11-15 04:06:06,622 INFO:Validating Batch 20
2024-11-15 04:06:19,448 INFO:Forward pass for validation completed
2024-11-15 04:06:19,464 INFO:Validating Batch 21
2024-11-15 04:06:29,625 INFO:Forward pass for validation completed
2024-11-15 04:06:29,631 INFO:Validating Batch 22
2024-11-15 04:06:41,131 INFO:Forward pass for validation completed
2024-11-15 04:06:41,141 INFO:Validating Batch 23
2024-11-15 04:06:53,248 INFO:Forward pass for validation completed
2024-11-15 04:06:53,262 INFO:Validating Batch 24
2024-11-15 04:07:03,465 INFO:Forward pass for validation completed
2024-11-15 04:07:03,470 INFO:Validating Batch 25
2024-11-15 04:07:13,356 INFO:Forward pass for validation completed
2024-11-15 04:07:13,361 INFO:Validating Batch 26
2024-11-15 04:07:23,824 INFO:Forward pass for validation completed
2024-11-15 04:07:23,831 INFO:Validating Batch 27
2024-11-15 04:07:34,893 INFO:Forward pass for validation completed
2024-11-15 04:07:34,904 INFO:Validating Batch 28
2024-11-15 04:07:44,708 INFO:Forward pass for validation completed
2024-11-15 04:07:44,713 INFO:Validating Batch 29
2024-11-15 04:07:54,550 INFO:Forward pass for validation completed
2024-11-15 04:07:54,554 INFO:Validating Batch 30
2024-11-15 04:08:07,749 INFO:Forward pass for validation completed
2024-11-15 04:08:07,786 INFO:Validating Batch 31
2024-11-15 04:08:18,452 INFO:Forward pass for validation completed
2024-11-15 04:08:18,479 INFO:Validating Batch 32
2024-11-15 04:08:28,305 INFO:Forward pass for validation completed
2024-11-15 04:08:28,325 INFO:Validating Batch 33
2024-11-15 04:08:37,811 INFO:Forward pass for validation completed
2024-11-15 04:08:37,815 INFO:Validating Batch 34
2024-11-15 04:08:48,441 INFO:Forward pass for validation completed
2024-11-15 04:08:48,449 INFO:Validating Batch 35
2024-11-15 04:08:58,277 INFO:Forward pass for validation completed
2024-11-15 04:08:58,283 INFO:Validating Batch 36
2024-11-15 04:09:09,606 INFO:Forward pass for validation completed
2024-11-15 04:09:09,618 INFO:Validating Batch 37
2024-11-15 04:09:20,585 INFO:Forward pass for validation completed
2024-11-15 04:09:20,595 INFO:Validating Batch 38
2024-11-15 04:09:31,190 INFO:Forward pass for validation completed
2024-11-15 04:09:31,199 INFO:Validating Batch 39
2024-11-15 04:09:41,688 INFO:Forward pass for validation completed
2024-11-15 04:09:41,696 INFO:Validating Batch 40
2024-11-15 04:09:51,629 INFO:Forward pass for validation completed
2024-11-15 04:09:51,636 INFO:Validating Batch 41
2024-11-15 04:10:01,890 INFO:Forward pass for validation completed
2024-11-15 04:10:01,899 INFO:Validating Batch 42
2024-11-15 04:10:14,775 INFO:Forward pass for validation completed
2024-11-15 04:10:14,793 INFO:Validating Batch 43
2024-11-15 04:10:24,582 INFO:Forward pass for validation completed
2024-11-15 04:10:24,586 INFO:Validating Batch 44
2024-11-15 04:10:34,158 INFO:Forward pass for validation completed
2024-11-15 04:10:34,162 INFO:Validating Batch 45
2024-11-15 04:10:45,932 INFO:Forward pass for validation completed
2024-11-15 04:10:45,945 INFO:Validating Batch 46
2024-11-15 04:10:55,653 INFO:Forward pass for validation completed
2024-11-15 04:10:55,657 INFO:Validating Batch 47
2024-11-15 04:11:05,545 INFO:Forward pass for validation completed
2024-11-15 04:11:05,549 INFO:Validating Batch 48
2024-11-15 04:11:15,904 INFO:Forward pass for validation completed
2024-11-15 04:11:15,912 INFO:Validating Batch 49
2024-11-15 04:11:26,009 INFO:Forward pass for validation completed
2024-11-15 04:11:26,014 INFO:Validating Batch 50
2024-11-15 04:11:36,770 INFO:Forward pass for validation completed
2024-11-15 04:11:36,778 INFO:Validating Batch 51
2024-11-15 04:11:48,143 INFO:Forward pass for validation completed
2024-11-15 04:11:48,154 INFO:Validating Batch 52
2024-11-15 04:12:01,026 INFO:Forward pass for validation completed
2024-11-15 04:12:01,044 INFO:Validating Batch 53
2024-11-15 04:12:10,766 INFO:Forward pass for validation completed
2024-11-15 04:12:10,770 INFO:Validating Batch 54
2024-11-15 04:12:20,417 INFO:Forward pass for validation completed
2024-11-15 04:12:20,421 INFO:Validating Batch 55
2024-11-15 04:12:30,108 INFO:Forward pass for validation completed
2024-11-15 04:12:30,112 INFO:Validating Batch 56
2024-11-15 04:12:40,147 INFO:Forward pass for validation completed
2024-11-15 04:12:40,154 INFO:Validating Batch 57
2024-11-15 04:12:51,556 INFO:Forward pass for validation completed
2024-11-15 04:12:51,567 INFO:Validating Batch 58
2024-11-15 04:13:01,959 INFO:Forward pass for validation completed
2024-11-15 04:13:01,966 INFO:Validating Batch 59
2024-11-15 04:13:12,250 INFO:Forward pass for validation completed
2024-11-15 04:13:12,256 INFO:Validating Batch 60
2024-11-15 04:13:25,199 INFO:Forward pass for validation completed
2024-11-15 04:13:25,217 INFO:Validating Batch 61
2024-11-15 04:13:36,566 INFO:Forward pass for validation completed
2024-11-15 04:13:36,578 INFO:Validating Batch 62
2024-11-15 04:13:47,952 INFO:Forward pass for validation completed
2024-11-15 04:13:47,964 INFO:Validating Batch 63
2024-11-15 04:13:57,712 INFO:Forward pass for validation completed
2024-11-15 04:13:57,716 INFO:Validating Batch 64
2024-11-15 04:14:09,975 INFO:Forward pass for validation completed
2024-11-15 04:14:09,991 INFO:Validating Batch 65
2024-11-15 04:14:22,276 INFO:Forward pass for validation completed
2024-11-15 04:14:22,293 INFO:Validating Batch 66
2024-11-15 04:14:34,096 INFO:Forward pass for validation completed
2024-11-15 04:14:34,110 INFO:Validating Batch 67
2024-11-15 04:14:43,785 INFO:Forward pass for validation completed
2024-11-15 04:14:43,789 INFO:Validating Batch 68
2024-11-15 04:14:54,921 INFO:Forward pass for validation completed
2024-11-15 04:14:54,931 INFO:Validating Batch 69
2024-11-15 04:15:05,550 INFO:Forward pass for validation completed
2024-11-15 04:15:05,558 INFO:Validating Batch 70
2024-11-15 04:15:17,026 INFO:Forward pass for validation completed
2024-11-15 04:15:17,037 INFO:Validating Batch 71
2024-11-15 04:15:27,191 INFO:Forward pass for validation completed
2024-11-15 04:15:27,217 INFO:Validating Batch 72
2024-11-15 04:15:39,369 INFO:Forward pass for validation completed
2024-11-15 04:15:39,403 INFO:Validating Batch 73
2024-11-15 04:15:51,499 INFO:Forward pass for validation completed
2024-11-15 04:15:51,532 INFO:Validating Batch 74
2024-11-15 04:16:01,426 INFO:Forward pass for validation completed
2024-11-15 04:16:01,449 INFO:Validating Batch 75
2024-11-15 04:16:11,622 INFO:Forward pass for validation completed
2024-11-15 04:16:11,646 INFO:Validating Batch 76
2024-11-15 04:16:22,069 INFO:Forward pass for validation completed
2024-11-15 04:16:22,091 INFO:Validating Batch 77
2024-11-15 04:16:32,601 INFO:Forward pass for validation completed
2024-11-15 04:16:32,628 INFO:Validating Batch 78
2024-11-15 04:16:42,320 INFO:Forward pass for validation completed
2024-11-15 04:16:42,342 INFO:Validating Batch 79
2024-11-15 04:16:53,352 INFO:Forward pass for validation completed
2024-11-15 04:16:53,381 INFO:Validating Batch 80
2024-11-15 04:17:05,260 INFO:Forward pass for validation completed
2024-11-15 04:17:05,291 INFO:Validating Batch 81
2024-11-15 04:17:17,601 INFO:Forward pass for validation completed
2024-11-15 04:17:17,638 INFO:Validating Batch 82
2024-11-15 04:17:28,079 INFO:Forward pass for validation completed
2024-11-15 04:17:28,105 INFO:Validating Batch 83
2024-11-15 04:17:39,120 INFO:Forward pass for validation completed
2024-11-15 04:17:39,148 INFO:Validating Batch 84
2024-11-15 04:17:49,684 INFO:Forward pass for validation completed
2024-11-15 04:17:49,710 INFO:Validating Batch 85
2024-11-15 04:17:59,945 INFO:Forward pass for validation completed
2024-11-15 04:17:59,952 INFO:Validating Batch 86
2024-11-15 04:18:11,430 INFO:Forward pass for validation completed
2024-11-15 04:18:11,443 INFO:Validating Batch 87
2024-11-15 04:18:21,982 INFO:Forward pass for validation completed
2024-11-15 04:18:21,990 INFO:Validating Batch 88
2024-11-15 04:18:31,718 INFO:Forward pass for validation completed
2024-11-15 04:18:31,722 INFO:Validating Batch 89
2024-11-15 04:18:41,372 INFO:Forward pass for validation completed
2024-11-15 04:18:41,376 INFO:Validating Batch 90
2024-11-15 04:18:51,287 INFO:Forward pass for validation completed
2024-11-15 04:18:51,292 INFO:Validating Batch 91
2024-11-15 04:19:02,914 INFO:Forward pass for validation completed
2024-11-15 04:19:02,925 INFO:Validating Batch 92
2024-11-15 04:19:13,939 INFO:Forward pass for validation completed
2024-11-15 04:19:13,950 INFO:Validating Batch 93
2024-11-15 04:19:25,378 INFO:Forward pass for validation completed
2024-11-15 04:19:25,392 INFO:Validating Batch 94
2024-11-15 04:19:35,998 INFO:Forward pass for validation completed
2024-11-15 04:19:36,007 INFO:Validating Batch 95
2024-11-15 04:19:46,362 INFO:Forward pass for validation completed
2024-11-15 04:19:46,370 INFO:Validating Batch 96
2024-11-15 04:19:56,147 INFO:Forward pass for validation completed
2024-11-15 04:19:56,152 INFO:Validating Batch 97
2024-11-15 04:20:08,257 INFO:Forward pass for validation completed
2024-11-15 04:20:08,292 INFO:Validating Batch 98
2024-11-15 04:20:18,434 INFO:Forward pass for validation completed
2024-11-15 04:20:18,458 INFO:Validating Batch 99
2024-11-15 04:20:29,446 INFO:Forward pass for validation completed
2024-11-15 04:20:29,474 INFO:Validating Batch 100
2024-11-15 04:20:40,883 INFO:Forward pass for validation completed
2024-11-15 04:20:40,912 INFO:Validating Batch 101
2024-11-15 04:20:52,376 INFO:Forward pass for validation completed
2024-11-15 04:20:52,407 INFO:Validating Batch 102
2024-11-15 04:21:02,455 INFO:Forward pass for validation completed
2024-11-15 04:21:02,465 INFO:Validating Batch 103
2024-11-15 04:21:13,659 INFO:Forward pass for validation completed
2024-11-15 04:21:13,672 INFO:Validating Batch 104
2024-11-15 04:21:23,347 INFO:Forward pass for validation completed
2024-11-15 04:21:23,351 INFO:Validating Batch 105
2024-11-15 04:21:33,566 INFO:Forward pass for validation completed
2024-11-15 04:21:33,573 INFO:Validating Batch 106
2024-11-15 04:21:44,141 INFO:Forward pass for validation completed
2024-11-15 04:21:44,151 INFO:Validating Batch 107
2024-11-15 04:21:57,108 INFO:Forward pass for validation completed
2024-11-15 04:21:57,127 INFO:Validating Batch 108
2024-11-15 04:22:08,050 INFO:Forward pass for validation completed
2024-11-15 04:22:08,060 INFO:Validating Batch 109
2024-11-15 04:22:19,424 INFO:Forward pass for validation completed
2024-11-15 04:22:19,436 INFO:Validating Batch 110
2024-11-15 04:22:31,738 INFO:Forward pass for validation completed
2024-11-15 04:22:31,754 INFO:Validating Batch 111
2024-11-15 04:22:42,275 INFO:Forward pass for validation completed
2024-11-15 04:22:42,284 INFO:Validating Batch 112
2024-11-15 04:22:52,732 INFO:Forward pass for validation completed
2024-11-15 04:22:52,740 INFO:Validating Batch 113
2024-11-15 04:23:03,076 INFO:Forward pass for validation completed
2024-11-15 04:23:03,083 INFO:Validating Batch 114
2024-11-15 04:23:15,095 INFO:Forward pass for validation completed
2024-11-15 04:23:15,108 INFO:Validating Batch 115
2024-11-15 04:23:27,133 INFO:Forward pass for validation completed
2024-11-15 04:23:27,147 INFO:Validating Batch 116
2024-11-15 04:23:37,018 INFO:Forward pass for validation completed
2024-11-15 04:23:37,023 INFO:Validating Batch 117
2024-11-15 04:23:47,192 INFO:Forward pass for validation completed
2024-11-15 04:23:47,198 INFO:Validating Batch 118
2024-11-15 04:23:57,353 INFO:Forward pass for validation completed
2024-11-15 04:23:57,359 INFO:Validating Batch 119
2024-11-15 04:24:08,844 INFO:Forward pass for validation completed
2024-11-15 04:24:08,855 INFO:Validating Batch 120
2024-11-15 04:24:21,802 INFO:Forward pass for validation completed
2024-11-15 04:24:21,820 INFO:Validating Batch 121
2024-11-15 04:24:33,497 INFO:Forward pass for validation completed
2024-11-15 04:24:33,511 INFO:Validating Batch 122
2024-11-15 04:24:45,185 INFO:Forward pass for validation completed
2024-11-15 04:24:45,198 INFO:Validating Batch 123
2024-11-15 04:24:56,187 INFO:Forward pass for validation completed
2024-11-15 04:24:56,198 INFO:Validating Batch 124
2024-11-15 04:25:06,234 INFO:Forward pass for validation completed
2024-11-15 04:25:06,241 INFO:Validating Batch 125
2024-11-15 04:25:19,007 INFO:Forward pass for validation completed
2024-11-15 04:25:19,025 INFO:Validating Batch 126
2024-11-15 04:25:30,667 INFO:Forward pass for validation completed
2024-11-15 04:25:30,679 INFO:Validating Batch 127
2024-11-15 04:25:43,597 INFO:Forward pass for validation completed
2024-11-15 04:25:43,615 INFO:Validating Batch 128
2024-11-15 04:25:53,085 INFO:Forward pass for validation completed
2024-11-15 04:25:53,088 INFO:Validating Batch 129
2024-11-15 04:26:05,131 INFO:Forward pass for validation completed
2024-11-15 04:26:05,146 INFO:Validating Batch 130
2024-11-15 04:26:18,118 INFO:Forward pass for validation completed
2024-11-15 04:26:18,136 INFO:Validating Batch 131
2024-11-15 04:26:27,869 INFO:Forward pass for validation completed
2024-11-15 04:26:27,874 INFO:Validating Batch 132
2024-11-15 04:26:37,670 INFO:Forward pass for validation completed
2024-11-15 04:26:37,675 INFO:Validating Batch 133
2024-11-15 04:26:48,125 INFO:Forward pass for validation completed
2024-11-15 04:26:48,134 INFO:Validating Batch 134
2024-11-15 04:26:57,818 INFO:Forward pass for validation completed
2024-11-15 04:26:57,822 INFO:Validating Batch 135
2024-11-15 04:27:09,368 INFO:Forward pass for validation completed
2024-11-15 04:27:09,380 INFO:Validating Batch 136
2024-11-15 04:27:19,741 INFO:Forward pass for validation completed
2024-11-15 04:27:19,748 INFO:Validating Batch 137
2024-11-15 04:27:29,201 INFO:Forward pass for validation completed
2024-11-15 04:27:29,205 INFO:Validating Batch 138
2024-11-15 04:27:39,444 INFO:Forward pass for validation completed
2024-11-15 04:27:39,451 INFO:Validating Batch 139
2024-11-15 04:27:49,437 INFO:Forward pass for validation completed
2024-11-15 04:27:49,443 INFO:Validating Batch 140
2024-11-15 04:27:59,948 INFO:Forward pass for validation completed
2024-11-15 04:27:59,957 INFO:Validating Batch 141
2024-11-15 04:28:12,195 INFO:Forward pass for validation completed
2024-11-15 04:28:12,210 INFO:Validating Batch 142
2024-11-15 04:28:24,354 INFO:Forward pass for validation completed
2024-11-15 04:28:24,371 INFO:Validating Batch 143
2024-11-15 04:28:35,040 INFO:Forward pass for validation completed
2024-11-15 04:28:35,067 INFO:Validating Batch 144
2024-11-15 04:28:45,348 INFO:Forward pass for validation completed
2024-11-15 04:28:45,374 INFO:Validating Batch 145
2024-11-15 04:28:55,252 INFO:Forward pass for validation completed
2024-11-15 04:28:55,276 INFO:Validating Batch 146
2024-11-15 04:29:04,724 INFO:Forward pass for validation completed
2024-11-15 04:29:04,746 INFO:Validating Batch 147
2024-11-15 04:29:14,460 INFO:Forward pass for validation completed
2024-11-15 04:29:14,464 INFO:Validating Batch 148
2024-11-15 04:29:24,140 INFO:Forward pass for validation completed
2024-11-15 04:29:24,144 INFO:Validating Batch 149
2024-11-15 04:29:35,427 INFO:Forward pass for validation completed
2024-11-15 04:29:35,439 INFO:Validating Batch 150
2024-11-15 04:29:46,742 INFO:Forward pass for validation completed
2024-11-15 04:29:46,752 INFO:Validating Batch 151
2024-11-15 04:29:56,507 INFO:Forward pass for validation completed
2024-11-15 04:29:56,512 INFO:Validating Batch 152
2024-11-15 04:30:07,243 INFO:Forward pass for validation completed
2024-11-15 04:30:07,252 INFO:Validating Batch 153
2024-11-15 04:30:17,659 INFO:Forward pass for validation completed
2024-11-15 04:30:17,668 INFO:Validating Batch 154
2024-11-15 04:30:27,615 INFO:Forward pass for validation completed
2024-11-15 04:30:27,621 INFO:Validating Batch 155
2024-11-15 04:30:37,366 INFO:Forward pass for validation completed
2024-11-15 04:30:37,370 INFO:Validating Batch 156
2024-11-15 04:30:47,569 INFO:Forward pass for validation completed
2024-11-15 04:30:47,575 INFO:Validating Batch 157
2024-11-15 04:30:57,409 INFO:Forward pass for validation completed
2024-11-15 04:30:57,415 INFO:Validating Batch 158
2024-11-15 04:31:07,003 INFO:Forward pass for validation completed
2024-11-15 04:31:07,007 INFO:Validating Batch 159
2024-11-15 04:31:19,290 INFO:Forward pass for validation completed
2024-11-15 04:31:19,306 INFO:Validating Batch 160
2024-11-15 04:31:29,993 INFO:Forward pass for validation completed
2024-11-15 04:31:30,002 INFO:Validating Batch 161
2024-11-15 04:31:40,482 INFO:Forward pass for validation completed
2024-11-15 04:31:40,489 INFO:Validating Batch 162
2024-11-15 04:31:50,472 INFO:Forward pass for validation completed
2024-11-15 04:31:50,477 INFO:Validating Batch 163
2024-11-15 04:32:00,427 INFO:Forward pass for validation completed
2024-11-15 04:32:00,433 INFO:Validating Batch 164
2024-11-15 04:32:09,988 INFO:Forward pass for validation completed
2024-11-15 04:32:09,991 INFO:Validating Batch 165
2024-11-15 04:32:20,022 INFO:Forward pass for validation completed
2024-11-15 04:32:20,028 INFO:Validating Batch 166
2024-11-15 04:32:31,228 INFO:Forward pass for validation completed
2024-11-15 04:32:31,239 INFO:Validating Batch 167
2024-11-15 04:32:41,849 INFO:Forward pass for validation completed
2024-11-15 04:32:41,857 INFO:Validating Batch 168
2024-11-15 04:32:51,540 INFO:Forward pass for validation completed
2024-11-15 04:32:51,544 INFO:Validating Batch 169
2024-11-15 04:33:02,764 INFO:Forward pass for validation completed
2024-11-15 04:33:02,774 INFO:Validating Batch 170
2024-11-15 04:33:12,284 INFO:Forward pass for validation completed
2024-11-15 04:33:12,288 INFO:Validating Batch 171
2024-11-15 04:33:21,749 INFO:Forward pass for validation completed
2024-11-15 04:33:21,752 INFO:Validating Batch 172
2024-11-15 04:33:32,477 INFO:Forward pass for validation completed
2024-11-15 04:33:32,486 INFO:Validating Batch 173
2024-11-15 04:33:42,202 INFO:Forward pass for validation completed
2024-11-15 04:33:42,206 INFO:Validating Batch 174
2024-11-15 04:33:52,718 INFO:Forward pass for validation completed
2024-11-15 04:33:52,728 INFO:Validating Batch 175
2024-11-15 04:34:02,311 INFO:Forward pass for validation completed
2024-11-15 04:34:02,314 INFO:Validating Batch 176
2024-11-15 04:34:12,636 INFO:Forward pass for validation completed
2024-11-15 04:34:12,643 INFO:Validating Batch 177
2024-11-15 04:34:25,437 INFO:Forward pass for validation completed
2024-11-15 04:34:25,454 INFO:Validating Batch 178
2024-11-15 04:34:36,568 INFO:Forward pass for validation completed
2024-11-15 04:34:36,579 INFO:Validating Batch 179
2024-11-15 04:34:46,706 INFO:Forward pass for validation completed
2024-11-15 04:34:46,713 INFO:Validating Batch 180
2024-11-15 04:34:59,529 INFO:Forward pass for validation completed
2024-11-15 04:34:59,547 INFO:Validating Batch 181
2024-11-15 04:35:09,872 INFO:Forward pass for validation completed
2024-11-15 04:35:09,879 INFO:Validating Batch 182
2024-11-15 04:35:21,075 INFO:Forward pass for validation completed
2024-11-15 04:35:21,087 INFO:Validating Batch 183
2024-11-15 04:35:33,718 INFO:Forward pass for validation completed
2024-11-15 04:35:33,736 INFO:Validating Batch 184
2024-11-15 04:35:43,405 INFO:Forward pass for validation completed
2024-11-15 04:35:43,427 INFO:Validating Batch 185
2024-11-15 04:35:55,715 INFO:Forward pass for validation completed
2024-11-15 04:35:55,751 INFO:Validating Batch 186
2024-11-15 04:36:06,936 INFO:Forward pass for validation completed
2024-11-15 04:36:06,965 INFO:Validating Batch 187
2024-11-15 04:36:18,109 INFO:Forward pass for validation completed
2024-11-15 04:36:18,119 INFO:Validating Batch 188
2024-11-15 04:36:30,178 INFO:Forward pass for validation completed
2024-11-15 04:36:30,193 INFO:Validating Batch 189
2024-11-15 04:36:40,735 INFO:Forward pass for validation completed
2024-11-15 04:36:40,744 INFO:Validating Batch 190
2024-11-15 04:36:50,486 INFO:Forward pass for validation completed
2024-11-15 04:36:50,491 INFO:Validating Batch 191
2024-11-15 04:37:00,914 INFO:Forward pass for validation completed
2024-11-15 04:37:00,922 INFO:Validating Batch 192
2024-11-15 04:37:10,496 INFO:Forward pass for validation completed
2024-11-15 04:37:10,500 INFO:Validating Batch 193
2024-11-15 04:37:21,847 INFO:Forward pass for validation completed
2024-11-15 04:37:21,858 INFO:Validating Batch 194
2024-11-15 04:37:34,774 INFO:Forward pass for validation completed
2024-11-15 04:37:34,811 INFO:Validating Batch 195
2024-11-15 04:37:45,116 INFO:Forward pass for validation completed
2024-11-15 04:37:45,123 INFO:Validating Batch 196
2024-11-15 04:37:57,946 INFO:Forward pass for validation completed
2024-11-15 04:37:57,964 INFO:Validating Batch 197
2024-11-15 04:38:07,502 INFO:Forward pass for validation completed
2024-11-15 04:38:07,506 INFO:Validating Batch 198
2024-11-15 04:38:17,633 INFO:Forward pass for validation completed
2024-11-15 04:38:17,639 INFO:Validating Batch 199
2024-11-15 04:38:28,856 INFO:Forward pass for validation completed
2024-11-15 04:38:28,887 INFO:Validating Batch 200
2024-11-15 04:38:39,388 INFO:Forward pass for validation completed
2024-11-15 04:38:39,396 INFO:Validating Batch 201
2024-11-15 04:38:49,845 INFO:Forward pass for validation completed
2024-11-15 04:38:49,854 INFO:Validating Batch 202
2024-11-15 04:38:59,617 INFO:Forward pass for validation completed
2024-11-15 04:38:59,621 INFO:Validating Batch 203
2024-11-15 04:39:10,968 INFO:Forward pass for validation completed
2024-11-15 04:39:10,980 INFO:Validating Batch 204
2024-11-15 04:39:20,845 INFO:Forward pass for validation completed
2024-11-15 04:39:20,851 INFO:Validating Batch 205
2024-11-15 04:39:31,250 INFO:Forward pass for validation completed
2024-11-15 04:39:31,257 INFO:Validating Batch 206
2024-11-15 04:39:41,150 INFO:Forward pass for validation completed
2024-11-15 04:39:41,155 INFO:Validating Batch 207
2024-11-15 04:39:50,945 INFO:Forward pass for validation completed
2024-11-15 04:39:50,950 INFO:Validating Batch 208
2024-11-15 04:40:02,113 INFO:Forward pass for validation completed
2024-11-15 04:40:02,124 INFO:Validating Batch 209
2024-11-15 04:40:12,551 INFO:Forward pass for validation completed
2024-11-15 04:40:12,560 INFO:Validating Batch 210
2024-11-15 04:40:23,480 INFO:Forward pass for validation completed
2024-11-15 04:40:23,508 INFO:Validating Batch 211
2024-11-15 04:40:33,812 INFO:Forward pass for validation completed
2024-11-15 04:40:33,837 INFO:Validating Batch 212
2024-11-15 04:40:43,520 INFO:Forward pass for validation completed
2024-11-15 04:40:43,541 INFO:Validating Batch 213
2024-11-15 04:40:53,639 INFO:Forward pass for validation completed
2024-11-15 04:40:53,663 INFO:Validating Batch 214
2024-11-15 04:41:03,211 INFO:Forward pass for validation completed
2024-11-15 04:41:03,232 INFO:Validating Batch 215
2024-11-15 04:41:16,164 INFO:Forward pass for validation completed
2024-11-15 04:41:16,183 INFO:Validating Batch 216
2024-11-15 04:41:27,412 INFO:Forward pass for validation completed
2024-11-15 04:41:27,423 INFO:Validating Batch 217
2024-11-15 04:41:38,802 INFO:Forward pass for validation completed
2024-11-15 04:41:38,813 INFO:Validating Batch 218
2024-11-15 04:41:48,721 INFO:Forward pass for validation completed
2024-11-15 04:41:48,726 INFO:Validating Batch 219
2024-11-15 04:41:58,613 INFO:Forward pass for validation completed
2024-11-15 04:41:58,619 INFO:Validating Batch 220
2024-11-15 04:42:08,495 INFO:Forward pass for validation completed
2024-11-15 04:42:08,500 INFO:Validating Batch 221
2024-11-15 04:42:18,772 INFO:Forward pass for validation completed
2024-11-15 04:42:18,778 INFO:Validating Batch 222
2024-11-15 04:42:30,888 INFO:Forward pass for validation completed
2024-11-15 04:42:30,903 INFO:Validating Batch 223
2024-11-15 04:42:43,893 INFO:Forward pass for validation completed
2024-11-15 04:42:43,911 INFO:Validating Batch 224
2024-11-15 04:42:55,483 INFO:Forward pass for validation completed
2024-11-15 04:42:55,514 INFO:Validating Batch 225
2024-11-15 04:43:06,969 INFO:Forward pass for validation completed
2024-11-15 04:43:06,998 INFO:Validating Batch 226
2024-11-15 04:43:16,594 INFO:Forward pass for validation completed
2024-11-15 04:43:16,616 INFO:Validating Batch 227
2024-11-15 04:43:29,549 INFO:Forward pass for validation completed
2024-11-15 04:43:29,585 INFO:Validating Batch 228
2024-11-15 04:43:39,198 INFO:Forward pass for validation completed
2024-11-15 04:43:39,220 INFO:Validating Batch 229
2024-11-15 04:43:48,908 INFO:Forward pass for validation completed
2024-11-15 04:43:48,931 INFO:Validating Batch 230
2024-11-15 04:43:59,071 INFO:Forward pass for validation completed
2024-11-15 04:43:59,077 INFO:Validating Batch 231
2024-11-15 04:44:09,080 INFO:Forward pass for validation completed
2024-11-15 04:44:09,086 INFO:Validating Batch 232
2024-11-15 04:44:19,372 INFO:Forward pass for validation completed
2024-11-15 04:44:19,379 INFO:Validating Batch 233
2024-11-15 04:44:29,203 INFO:Forward pass for validation completed
2024-11-15 04:44:29,208 INFO:Validating Batch 234
2024-11-15 04:44:39,713 INFO:Forward pass for validation completed
2024-11-15 04:44:39,722 INFO:Validating Batch 235
2024-11-15 04:44:49,700 INFO:Forward pass for validation completed
2024-11-15 04:44:49,706 INFO:Validating Batch 236
2024-11-15 04:45:01,642 INFO:Forward pass for validation completed
2024-11-15 04:45:01,657 INFO:Validating Batch 237
2024-11-15 04:45:11,842 INFO:Forward pass for validation completed
2024-11-15 04:45:11,848 INFO:Validating Batch 238
2024-11-15 04:45:21,520 INFO:Forward pass for validation completed
2024-11-15 04:45:21,524 INFO:Validating Batch 239
2024-11-15 04:45:34,502 INFO:Forward pass for validation completed
2024-11-15 04:45:34,538 INFO:Validating Batch 240
2024-11-15 04:45:45,079 INFO:Forward pass for validation completed
2024-11-15 04:45:45,088 INFO:Validating Batch 241
2024-11-15 04:45:57,990 INFO:Forward pass for validation completed
2024-11-15 04:45:58,008 INFO:Validating Batch 242
2024-11-15 04:46:07,828 INFO:Forward pass for validation completed
2024-11-15 04:46:07,834 INFO:Validating Batch 243
2024-11-15 04:46:17,565 INFO:Forward pass for validation completed
2024-11-15 04:46:17,570 INFO:Validating Batch 244
2024-11-15 04:46:28,080 INFO:Forward pass for validation completed
2024-11-15 04:46:28,089 INFO:Validating Batch 245
2024-11-15 04:46:37,795 INFO:Forward pass for validation completed
2024-11-15 04:46:37,800 INFO:Validating Batch 246
2024-11-15 04:46:50,271 INFO:Forward pass for validation completed
2024-11-15 04:46:50,288 INFO:Validating Batch 247
2024-11-15 04:46:59,986 INFO:Forward pass for validation completed
2024-11-15 04:46:59,991 INFO:Validating Batch 248
2024-11-15 04:47:09,916 INFO:Forward pass for validation completed
2024-11-15 04:47:09,921 INFO:Validating Batch 249
2024-11-15 04:47:19,656 INFO:Forward pass for validation completed
2024-11-15 04:47:19,661 INFO:Validating Batch 250
2024-11-15 04:47:32,132 INFO:Forward pass for validation completed
2024-11-15 04:47:32,149 INFO:Validating Batch 251
2024-11-15 04:47:42,225 INFO:Forward pass for validation completed
2024-11-15 04:47:42,231 INFO:Validating Batch 252
2024-11-15 04:47:51,864 INFO:Forward pass for validation completed
2024-11-15 04:47:51,868 INFO:Validating Batch 253
2024-11-15 04:48:02,514 INFO:Forward pass for validation completed
2024-11-15 04:48:02,524 INFO:Validating Batch 254
2024-11-15 04:48:13,468 INFO:Forward pass for validation completed
2024-11-15 04:48:13,478 INFO:Validating Batch 255
2024-11-15 04:48:26,415 INFO:Forward pass for validation completed
2024-11-15 04:48:26,433 INFO:Validating Batch 256
2024-11-15 04:48:36,073 INFO:Forward pass for validation completed
2024-11-15 04:48:36,077 INFO:Validating Batch 257
2024-11-15 04:48:45,643 INFO:Forward pass for validation completed
2024-11-15 04:48:45,647 INFO:Validating Batch 258
2024-11-15 04:48:55,390 INFO:Forward pass for validation completed
2024-11-15 04:48:55,395 INFO:Validating Batch 259
2024-11-15 04:49:05,336 INFO:Forward pass for validation completed
2024-11-15 04:49:05,342 INFO:Validating Batch 260
2024-11-15 04:49:16,573 INFO:Forward pass for validation completed
2024-11-15 04:49:16,603 INFO:Validating Batch 261
2024-11-15 04:49:26,120 INFO:Forward pass for validation completed
2024-11-15 04:49:26,142 INFO:Validating Batch 262
2024-11-15 04:49:39,079 INFO:Forward pass for validation completed
2024-11-15 04:49:39,115 INFO:Validating Batch 263
2024-11-15 04:49:48,771 INFO:Forward pass for validation completed
2024-11-15 04:49:48,793 INFO:Validating Batch 264
2024-11-15 04:49:58,449 INFO:Forward pass for validation completed
2024-11-15 04:49:58,472 INFO:Validating Batch 265
2024-11-15 04:50:10,716 INFO:Forward pass for validation completed
2024-11-15 04:50:10,751 INFO:Validating Batch 266
2024-11-15 04:50:22,077 INFO:Forward pass for validation completed
2024-11-15 04:50:22,089 INFO:Validating Batch 267
2024-11-15 04:50:33,685 INFO:Forward pass for validation completed
2024-11-15 04:50:33,698 INFO:Validating Batch 268
2024-11-15 04:50:43,464 INFO:Forward pass for validation completed
2024-11-15 04:50:43,468 INFO:Validating Batch 269
2024-11-15 04:50:53,055 INFO:Forward pass for validation completed
2024-11-15 04:50:53,058 INFO:Validating Batch 270
2024-11-15 04:51:04,833 INFO:Forward pass for validation completed
2024-11-15 04:51:04,847 INFO:Validating Batch 271
2024-11-15 04:51:14,543 INFO:Forward pass for validation completed
2024-11-15 04:51:14,547 INFO:Validating Batch 272
2024-11-15 04:51:24,487 INFO:Forward pass for validation completed
2024-11-15 04:51:24,492 INFO:Validating Batch 273
2024-11-15 04:51:35,359 INFO:Forward pass for validation completed
2024-11-15 04:51:35,369 INFO:Validating Batch 274
2024-11-15 04:51:47,599 INFO:Forward pass for validation completed
2024-11-15 04:51:47,616 INFO:Validating Batch 275
2024-11-15 04:52:00,548 INFO:Forward pass for validation completed
2024-11-15 04:52:00,567 INFO:Validating Batch 276
2024-11-15 04:52:11,821 INFO:Forward pass for validation completed
2024-11-15 04:52:11,831 INFO:Validating Batch 277
2024-11-15 04:52:21,539 INFO:Forward pass for validation completed
2024-11-15 04:52:21,543 INFO:Validating Batch 278
2024-11-15 04:52:31,377 INFO:Forward pass for validation completed
2024-11-15 04:52:31,383 INFO:Validating Batch 279
2024-11-15 04:52:43,069 INFO:Forward pass for validation completed
2024-11-15 04:52:43,083 INFO:Validating Batch 280
2024-11-15 04:52:53,134 INFO:Forward pass for validation completed
2024-11-15 04:52:53,140 INFO:Validating Batch 281
2024-11-15 04:53:03,687 INFO:Forward pass for validation completed
2024-11-15 04:53:03,715 INFO:Validating Batch 282
2024-11-15 04:53:15,049 INFO:Forward pass for validation completed
2024-11-15 04:53:15,080 INFO:Validating Batch 283
2024-11-15 04:53:24,974 INFO:Forward pass for validation completed
2024-11-15 04:53:24,997 INFO:Validating Batch 284
2024-11-15 04:53:35,147 INFO:Forward pass for validation completed
2024-11-15 04:53:35,171 INFO:Validating Batch 285
2024-11-15 04:53:44,849 INFO:Forward pass for validation completed
2024-11-15 04:53:44,852 INFO:Validation - Average Total Loss: 3931.5810, Average AA Loss: 3.2507, Average KL Loss: 3928.3304
2024-11-15 04:53:44,870 INFO:Model checkpoint saved at ./MAIN_checkpoints/ProAutoMD_epoch_6.pt
2024-11-15 04:53:44,870 INFO:
Starting Epoch 7/10
2024-11-15 04:53:44,890 INFO:Processing Batch 1
2024-11-15 04:53:44,892 INFO:Data moved to device
2024-11-15 04:53:57,718 INFO:Forward pass completed
2024-11-15 04:53:57,720 INFO:aa_pred_valid shape: torch.Size([296000, 26])
2024-11-15 04:53:57,720 INFO:x_valid shape: torch.Size([296000])
2024-11-15 04:53:57,729 INFO:AA Prediction Loss: 3.2461
2024-11-15 04:53:57,729 INFO:Total Loss: 3795.0671
2024-11-15 04:54:20,793 INFO:Backward pass completed
2024-11-15 04:54:20,830 INFO:Gradient clipping applied
2024-11-15 04:54:20,845 INFO:Optimizer step completed
2024-11-15 04:54:20,873 INFO:Processing Batch 2
2024-11-15 04:54:20,876 INFO:Data moved to device
2024-11-15 04:54:34,503 ERROR:Error during forward pass: CUDA out of memory. Tried to allocate 2.00 MiB (GPU 0; 39.50 GiB total capacity; 32.90 GiB already allocated; 1.81 MiB free; 33.10 GiB reserved in total by PyTorch) If reserved memory is >> allocated memory try setting max_split_size_mb to avoid fragmentation.  See documentation for Memory Management and PYTORCH_CUDA_ALLOC_CONF
2024-11-15 04:54:34,837 INFO:Epoch 7 completed - Average Total Loss: 1897.5336, Average AA Loss: 1.6231, Average KL Loss: 1895.9106
2024-11-15 04:54:34,857 INFO:Validating Batch 1
2024-11-15 04:54:46,061 INFO:Forward pass for validation completed
2024-11-15 04:54:46,354 INFO:Validating Batch 2
2024-11-15 04:54:57,173 INFO:Forward pass for validation completed
2024-11-15 04:54:57,183 INFO:Validating Batch 3
2024-11-15 04:55:07,344 INFO:Forward pass for validation completed
2024-11-15 04:55:07,351 INFO:Validating Batch 4
2024-11-15 04:55:18,719 INFO:Forward pass for validation completed
2024-11-15 04:55:18,731 INFO:Validating Batch 5
2024-11-15 04:55:28,311 INFO:Forward pass for validation completed
2024-11-15 04:55:28,315 INFO:Validating Batch 6
2024-11-15 04:55:39,701 INFO:Forward pass for validation completed
2024-11-15 04:55:39,712 INFO:Validating Batch 7
2024-11-15 04:55:50,902 INFO:Forward pass for validation completed
2024-11-15 04:55:50,912 INFO:Validating Batch 8
2024-11-15 04:56:00,704 INFO:Forward pass for validation completed
2024-11-15 04:56:00,709 INFO:Validating Batch 9
2024-11-15 04:56:13,557 INFO:Forward pass for validation completed
2024-11-15 04:56:13,575 INFO:Validating Batch 10
2024-11-15 04:56:23,102 INFO:Forward pass for validation completed
2024-11-15 04:56:23,106 INFO:Validating Batch 11
2024-11-15 04:56:32,749 INFO:Forward pass for validation completed
2024-11-15 04:56:32,754 INFO:Validating Batch 12
2024-11-15 04:56:43,243 INFO:Forward pass for validation completed
2024-11-15 04:56:43,258 INFO:Validating Batch 13
2024-11-15 04:56:53,873 INFO:Forward pass for validation completed
2024-11-15 04:56:53,882 INFO:Validating Batch 14
2024-11-15 04:57:03,271 INFO:Forward pass for validation completed
2024-11-15 04:57:03,275 INFO:Validating Batch 15
2024-11-15 04:57:13,792 INFO:Forward pass for validation completed
2024-11-15 04:57:13,801 INFO:Validating Batch 16
2024-11-15 04:57:25,166 INFO:Forward pass for validation completed
2024-11-15 04:57:25,177 INFO:Validating Batch 17
2024-11-15 04:57:36,486 INFO:Forward pass for validation completed
2024-11-15 04:57:36,496 INFO:Validating Batch 18
2024-11-15 04:57:46,927 INFO:Forward pass for validation completed
2024-11-15 04:57:46,936 INFO:Validating Batch 19
2024-11-15 04:57:56,476 INFO:Forward pass for validation completed
2024-11-15 04:57:56,479 INFO:Validating Batch 20
2024-11-15 04:58:09,147 INFO:Forward pass for validation completed
2024-11-15 04:58:09,163 INFO:Validating Batch 21
2024-11-15 04:58:19,183 INFO:Forward pass for validation completed
2024-11-15 04:58:19,189 INFO:Validating Batch 22
2024-11-15 04:58:30,602 INFO:Forward pass for validation completed
2024-11-15 04:58:30,613 INFO:Validating Batch 23
2024-11-15 04:58:42,572 INFO:Forward pass for validation completed
2024-11-15 04:58:42,586 INFO:Validating Batch 24
2024-11-15 04:58:52,594 INFO:Forward pass for validation completed
2024-11-15 04:58:52,600 INFO:Validating Batch 25
2024-11-15 04:59:02,345 INFO:Forward pass for validation completed
2024-11-15 04:59:02,349 INFO:Validating Batch 26
2024-11-15 04:59:12,655 INFO:Forward pass for validation completed
2024-11-15 04:59:12,661 INFO:Validating Batch 27
2024-11-15 04:59:23,578 INFO:Forward pass for validation completed
2024-11-15 04:59:23,608 INFO:Validating Batch 28
2024-11-15 04:59:33,264 INFO:Forward pass for validation completed
2024-11-15 04:59:33,287 INFO:Validating Batch 29
2024-11-15 04:59:42,928 INFO:Forward pass for validation completed
2024-11-15 04:59:42,950 INFO:Validating Batch 30
2024-11-15 04:59:55,971 INFO:Forward pass for validation completed
2024-11-15 04:59:56,007 INFO:Validating Batch 31
2024-11-15 05:00:06,517 INFO:Forward pass for validation completed
2024-11-15 05:00:06,542 INFO:Validating Batch 32
2024-11-15 05:00:16,268 INFO:Forward pass for validation completed
2024-11-15 05:00:16,291 INFO:Validating Batch 33
2024-11-15 05:00:25,690 INFO:Forward pass for validation completed
2024-11-15 05:00:25,711 INFO:Validating Batch 34
2024-11-15 05:00:36,170 INFO:Forward pass for validation completed
2024-11-15 05:00:36,196 INFO:Validating Batch 35
2024-11-15 05:00:45,850 INFO:Forward pass for validation completed
2024-11-15 05:00:45,872 INFO:Validating Batch 36
2024-11-15 05:00:57,062 INFO:Forward pass for validation completed
2024-11-15 05:00:57,092 INFO:Validating Batch 37
2024-11-15 05:01:07,935 INFO:Forward pass for validation completed
2024-11-15 05:01:07,963 INFO:Validating Batch 38
2024-11-15 05:01:18,469 INFO:Forward pass for validation completed
2024-11-15 05:01:18,495 INFO:Validating Batch 39
2024-11-15 05:01:28,889 INFO:Forward pass for validation completed
2024-11-15 05:01:28,915 INFO:Validating Batch 40
2024-11-15 05:01:38,716 INFO:Forward pass for validation completed
2024-11-15 05:01:38,739 INFO:Validating Batch 41
2024-11-15 05:01:48,882 INFO:Forward pass for validation completed
2024-11-15 05:01:48,889 INFO:Validating Batch 42
2024-11-15 05:02:01,671 INFO:Forward pass for validation completed
2024-11-15 05:02:01,689 INFO:Validating Batch 43
2024-11-15 05:02:11,390 INFO:Forward pass for validation completed
2024-11-15 05:02:11,412 INFO:Validating Batch 44
2024-11-15 05:02:20,887 INFO:Forward pass for validation completed
2024-11-15 05:02:20,908 INFO:Validating Batch 45
2024-11-15 05:02:32,528 INFO:Forward pass for validation completed
2024-11-15 05:02:32,559 INFO:Validating Batch 46
2024-11-15 05:02:42,131 INFO:Forward pass for validation completed
2024-11-15 05:02:42,154 INFO:Validating Batch 47
2024-11-15 05:02:51,854 INFO:Forward pass for validation completed
2024-11-15 05:02:51,876 INFO:Validating Batch 48
2024-11-15 05:03:02,124 INFO:Forward pass for validation completed
2024-11-15 05:03:02,150 INFO:Validating Batch 49
2024-11-15 05:03:12,136 INFO:Forward pass for validation completed
2024-11-15 05:03:12,142 INFO:Validating Batch 50
2024-11-15 05:03:22,724 INFO:Forward pass for validation completed
2024-11-15 05:03:22,733 INFO:Validating Batch 51
2024-11-15 05:03:33,956 INFO:Forward pass for validation completed
2024-11-15 05:03:33,966 INFO:Validating Batch 52
2024-11-15 05:03:46,708 INFO:Forward pass for validation completed
2024-11-15 05:03:46,726 INFO:Validating Batch 53
2024-11-15 05:03:56,412 INFO:Forward pass for validation completed
2024-11-15 05:03:56,417 INFO:Validating Batch 54
2024-11-15 05:04:05,952 INFO:Forward pass for validation completed
2024-11-15 05:04:05,956 INFO:Validating Batch 55
2024-11-15 05:04:15,497 INFO:Forward pass for validation completed
2024-11-15 05:04:15,501 INFO:Validating Batch 56
2024-11-15 05:04:25,387 INFO:Forward pass for validation completed
2024-11-15 05:04:25,393 INFO:Validating Batch 57
2024-11-15 05:04:36,681 INFO:Forward pass for validation completed
2024-11-15 05:04:36,692 INFO:Validating Batch 58
2024-11-15 05:04:46,951 INFO:Forward pass for validation completed
2024-11-15 05:04:46,973 INFO:Validating Batch 59
2024-11-15 05:04:57,162 INFO:Forward pass for validation completed
2024-11-15 05:04:57,187 INFO:Validating Batch 60
2024-11-15 05:05:10,005 INFO:Forward pass for validation completed
2024-11-15 05:05:10,042 INFO:Validating Batch 61
2024-11-15 05:05:21,221 INFO:Forward pass for validation completed
2024-11-15 05:05:21,250 INFO:Validating Batch 62
2024-11-15 05:05:32,508 INFO:Forward pass for validation completed
2024-11-15 05:05:32,538 INFO:Validating Batch 63
2024-11-15 05:05:42,176 INFO:Forward pass for validation completed
2024-11-15 05:05:42,198 INFO:Validating Batch 64
2024-11-15 05:05:54,339 INFO:Forward pass for validation completed
2024-11-15 05:05:54,355 INFO:Validating Batch 65
2024-11-15 05:06:06,511 INFO:Forward pass for validation completed
2024-11-15 05:06:06,528 INFO:Validating Batch 66
2024-11-15 05:06:18,187 INFO:Forward pass for validation completed
2024-11-15 05:06:18,201 INFO:Validating Batch 67
2024-11-15 05:06:27,764 INFO:Forward pass for validation completed
2024-11-15 05:06:27,767 INFO:Validating Batch 68
2024-11-15 05:06:38,778 INFO:Forward pass for validation completed
2024-11-15 05:06:38,788 INFO:Validating Batch 69
2024-11-15 05:06:49,297 INFO:Forward pass for validation completed
2024-11-15 05:06:49,306 INFO:Validating Batch 70
2024-11-15 05:07:00,661 INFO:Forward pass for validation completed
2024-11-15 05:07:00,672 INFO:Validating Batch 71
2024-11-15 05:07:10,679 INFO:Forward pass for validation completed
2024-11-15 05:07:10,685 INFO:Validating Batch 72
2024-11-15 05:07:22,793 INFO:Forward pass for validation completed
2024-11-15 05:07:22,808 INFO:Validating Batch 73
2024-11-15 05:07:34,843 INFO:Forward pass for validation completed
2024-11-15 05:07:34,858 INFO:Validating Batch 74
2024-11-15 05:07:44,618 INFO:Forward pass for validation completed
2024-11-15 05:07:44,623 INFO:Validating Batch 75
2024-11-15 05:07:54,660 INFO:Forward pass for validation completed
2024-11-15 05:07:54,667 INFO:Validating Batch 76
2024-11-15 05:08:04,874 INFO:Forward pass for validation completed
2024-11-15 05:08:04,881 INFO:Validating Batch 77
2024-11-15 05:08:15,220 INFO:Forward pass for validation completed
2024-11-15 05:08:15,228 INFO:Validating Batch 78
2024-11-15 05:08:24,654 INFO:Forward pass for validation completed
2024-11-15 05:08:24,673 INFO:Validating Batch 79
2024-11-15 05:08:35,560 INFO:Forward pass for validation completed
2024-11-15 05:08:35,589 INFO:Validating Batch 80
2024-11-15 05:08:47,350 INFO:Forward pass for validation completed
2024-11-15 05:08:47,380 INFO:Validating Batch 81
2024-11-15 05:08:59,558 INFO:Forward pass for validation completed
2024-11-15 05:08:59,593 INFO:Validating Batch 82
2024-11-15 05:09:09,951 INFO:Forward pass for validation completed
2024-11-15 05:09:09,977 INFO:Validating Batch 83
2024-11-15 05:09:20,905 INFO:Forward pass for validation completed
2024-11-15 05:09:20,933 INFO:Validating Batch 84
2024-11-15 05:09:31,429 INFO:Forward pass for validation completed
2024-11-15 05:09:31,455 INFO:Validating Batch 85
2024-11-15 05:09:41,579 INFO:Forward pass for validation completed
2024-11-15 05:09:41,604 INFO:Validating Batch 86
2024-11-15 05:09:52,958 INFO:Forward pass for validation completed
2024-11-15 05:09:52,989 INFO:Validating Batch 87
2024-11-15 05:10:03,442 INFO:Forward pass for validation completed
2024-11-15 05:10:03,467 INFO:Validating Batch 88
2024-11-15 05:10:13,085 INFO:Forward pass for validation completed
2024-11-15 05:10:13,107 INFO:Validating Batch 89
2024-11-15 05:10:22,623 INFO:Forward pass for validation completed
2024-11-15 05:10:22,646 INFO:Validating Batch 90
2024-11-15 05:10:32,420 INFO:Forward pass for validation completed
2024-11-15 05:10:32,443 INFO:Validating Batch 91
2024-11-15 05:10:43,897 INFO:Forward pass for validation completed
2024-11-15 05:10:43,908 INFO:Validating Batch 92
2024-11-15 05:10:54,748 INFO:Forward pass for validation completed
2024-11-15 05:10:54,758 INFO:Validating Batch 93
2024-11-15 05:11:06,045 INFO:Forward pass for validation completed
2024-11-15 05:11:06,058 INFO:Validating Batch 94
2024-11-15 05:11:16,517 INFO:Forward pass for validation completed
2024-11-15 05:11:16,527 INFO:Validating Batch 95
2024-11-15 05:11:26,742 INFO:Forward pass for validation completed
2024-11-15 05:11:26,749 INFO:Validating Batch 96
2024-11-15 05:11:36,398 INFO:Forward pass for validation completed
2024-11-15 05:11:36,402 INFO:Validating Batch 97
2024-11-15 05:11:48,340 INFO:Forward pass for validation completed
2024-11-15 05:11:48,355 INFO:Validating Batch 98
2024-11-15 05:11:58,204 INFO:Forward pass for validation completed
2024-11-15 05:11:58,209 INFO:Validating Batch 99
2024-11-15 05:12:09,029 INFO:Forward pass for validation completed
2024-11-15 05:12:09,039 INFO:Validating Batch 100
2024-11-15 05:12:20,315 INFO:Forward pass for validation completed
2024-11-15 05:12:20,325 INFO:Validating Batch 101
2024-11-15 05:12:31,670 INFO:Forward pass for validation completed
2024-11-15 05:12:31,683 INFO:Validating Batch 102
2024-11-15 05:12:41,563 INFO:Forward pass for validation completed
2024-11-15 05:12:41,569 INFO:Validating Batch 103
2024-11-15 05:12:52,652 INFO:Forward pass for validation completed
2024-11-15 05:12:52,663 INFO:Validating Batch 104
2024-11-15 05:13:02,245 INFO:Forward pass for validation completed
2024-11-15 05:13:02,250 INFO:Validating Batch 105
2024-11-15 05:13:12,361 INFO:Forward pass for validation completed
2024-11-15 05:13:12,368 INFO:Validating Batch 106
2024-11-15 05:13:22,830 INFO:Forward pass for validation completed
2024-11-15 05:13:22,840 INFO:Validating Batch 107
2024-11-15 05:13:35,663 INFO:Forward pass for validation completed
2024-11-15 05:13:35,681 INFO:Validating Batch 108
2024-11-15 05:13:46,501 INFO:Forward pass for validation completed
2024-11-15 05:13:46,511 INFO:Validating Batch 109
2024-11-15 05:13:57,712 INFO:Forward pass for validation completed
2024-11-15 05:13:57,723 INFO:Validating Batch 110
2024-11-15 05:14:09,932 INFO:Forward pass for validation completed
2024-11-15 05:14:09,948 INFO:Validating Batch 111
2024-11-15 05:14:20,369 INFO:Forward pass for validation completed
2024-11-15 05:14:20,378 INFO:Validating Batch 112
2024-11-15 05:14:30,702 INFO:Forward pass for validation completed
2024-11-15 05:14:30,711 INFO:Validating Batch 113
2024-11-15 05:14:40,958 INFO:Forward pass for validation completed
2024-11-15 05:14:40,965 INFO:Validating Batch 114
2024-11-15 05:14:52,886 INFO:Forward pass for validation completed
2024-11-15 05:14:52,900 INFO:Validating Batch 115
2024-11-15 05:15:04,852 INFO:Forward pass for validation completed
2024-11-15 05:15:04,866 INFO:Validating Batch 116
2024-11-15 05:15:14,654 INFO:Forward pass for validation completed
2024-11-15 05:15:14,660 INFO:Validating Batch 117
2024-11-15 05:15:24,748 INFO:Forward pass for validation completed
2024-11-15 05:15:24,754 INFO:Validating Batch 118
2024-11-15 05:15:34,777 INFO:Forward pass for validation completed
2024-11-15 05:15:34,783 INFO:Validating Batch 119
2024-11-15 05:15:46,163 INFO:Forward pass for validation completed
2024-11-15 05:15:46,174 INFO:Validating Batch 120
2024-11-15 05:15:59,034 INFO:Forward pass for validation completed
2024-11-15 05:15:59,052 INFO:Validating Batch 121
2024-11-15 05:16:10,646 INFO:Forward pass for validation completed
2024-11-15 05:16:10,660 INFO:Validating Batch 122
2024-11-15 05:16:22,277 INFO:Forward pass for validation completed
2024-11-15 05:16:22,289 INFO:Validating Batch 123
2024-11-15 05:16:33,228 INFO:Forward pass for validation completed
2024-11-15 05:16:33,257 INFO:Validating Batch 124
2024-11-15 05:16:43,274 INFO:Forward pass for validation completed
2024-11-15 05:16:43,298 INFO:Validating Batch 125
2024-11-15 05:16:56,043 INFO:Forward pass for validation completed
2024-11-15 05:16:56,080 INFO:Validating Batch 126
2024-11-15 05:17:07,673 INFO:Forward pass for validation completed
2024-11-15 05:17:07,703 INFO:Validating Batch 127
2024-11-15 05:17:20,573 INFO:Forward pass for validation completed
2024-11-15 05:17:20,609 INFO:Validating Batch 128
2024-11-15 05:17:30,035 INFO:Forward pass for validation completed
2024-11-15 05:17:30,057 INFO:Validating Batch 129
2024-11-15 05:17:42,039 INFO:Forward pass for validation completed
2024-11-15 05:17:42,071 INFO:Validating Batch 130
2024-11-15 05:17:55,019 INFO:Forward pass for validation completed
2024-11-15 05:17:55,055 INFO:Validating Batch 131
2024-11-15 05:18:04,739 INFO:Forward pass for validation completed
2024-11-15 05:18:04,762 INFO:Validating Batch 132
2024-11-15 05:18:14,486 INFO:Forward pass for validation completed
2024-11-15 05:18:14,509 INFO:Validating Batch 133
2024-11-15 05:18:24,893 INFO:Forward pass for validation completed
2024-11-15 05:18:24,919 INFO:Validating Batch 134
2024-11-15 05:18:34,543 INFO:Forward pass for validation completed
2024-11-15 05:18:34,566 INFO:Validating Batch 135
2024-11-15 05:18:46,057 INFO:Forward pass for validation completed
2024-11-15 05:18:46,087 INFO:Validating Batch 136
2024-11-15 05:18:56,431 INFO:Forward pass for validation completed
2024-11-15 05:18:56,456 INFO:Validating Batch 137
2024-11-15 05:19:05,861 INFO:Forward pass for validation completed
2024-11-15 05:19:05,882 INFO:Validating Batch 138
2024-11-15 05:19:16,068 INFO:Forward pass for validation completed
2024-11-15 05:19:16,094 INFO:Validating Batch 139
2024-11-15 05:19:26,022 INFO:Forward pass for validation completed
2024-11-15 05:19:26,046 INFO:Validating Batch 140
2024-11-15 05:19:36,426 INFO:Forward pass for validation completed
2024-11-15 05:19:36,442 INFO:Validating Batch 141
2024-11-15 05:19:48,600 INFO:Forward pass for validation completed
2024-11-15 05:19:48,615 INFO:Validating Batch 142
2024-11-15 05:20:00,697 INFO:Forward pass for validation completed
2024-11-15 05:20:00,713 INFO:Validating Batch 143
2024-11-15 05:20:11,311 INFO:Forward pass for validation completed
2024-11-15 05:20:11,337 INFO:Validating Batch 144
2024-11-15 05:20:21,543 INFO:Forward pass for validation completed
2024-11-15 05:20:21,569 INFO:Validating Batch 145
2024-11-15 05:20:31,364 INFO:Forward pass for validation completed
2024-11-15 05:20:31,387 INFO:Validating Batch 146
2024-11-15 05:20:40,769 INFO:Forward pass for validation completed
2024-11-15 05:20:40,790 INFO:Validating Batch 147
2024-11-15 05:20:50,423 INFO:Forward pass for validation completed
2024-11-15 05:20:50,446 INFO:Validating Batch 148
2024-11-15 05:21:00,114 INFO:Forward pass for validation completed
2024-11-15 05:21:00,136 INFO:Validating Batch 149
2024-11-15 05:21:11,335 INFO:Forward pass for validation completed
2024-11-15 05:21:11,364 INFO:Validating Batch 150
2024-11-15 05:21:22,594 INFO:Forward pass for validation completed
2024-11-15 05:21:22,605 INFO:Validating Batch 151
2024-11-15 05:21:32,261 INFO:Forward pass for validation completed
2024-11-15 05:21:32,266 INFO:Validating Batch 152
2024-11-15 05:21:42,891 INFO:Forward pass for validation completed
2024-11-15 05:21:42,901 INFO:Validating Batch 153
2024-11-15 05:21:53,204 INFO:Forward pass for validation completed
2024-11-15 05:21:53,213 INFO:Validating Batch 154
2024-11-15 05:22:03,064 INFO:Forward pass for validation completed
2024-11-15 05:22:03,070 INFO:Validating Batch 155
2024-11-15 05:22:12,707 INFO:Forward pass for validation completed
2024-11-15 05:22:12,712 INFO:Validating Batch 156
2024-11-15 05:22:22,817 INFO:Forward pass for validation completed
2024-11-15 05:22:22,823 INFO:Validating Batch 157
2024-11-15 05:22:32,567 INFO:Forward pass for validation completed
2024-11-15 05:22:32,573 INFO:Validating Batch 158
2024-11-15 05:22:42,060 INFO:Forward pass for validation completed
2024-11-15 05:22:42,064 INFO:Validating Batch 159
2024-11-15 05:22:54,226 INFO:Forward pass for validation completed
2024-11-15 05:22:54,242 INFO:Validating Batch 160
2024-11-15 05:23:04,821 INFO:Forward pass for validation completed
2024-11-15 05:23:04,830 INFO:Validating Batch 161
2024-11-15 05:23:15,168 INFO:Forward pass for validation completed
2024-11-15 05:23:15,175 INFO:Validating Batch 162
2024-11-15 05:23:25,045 INFO:Forward pass for validation completed
2024-11-15 05:23:25,051 INFO:Validating Batch 163
2024-11-15 05:23:34,892 INFO:Forward pass for validation completed
2024-11-15 05:23:34,897 INFO:Validating Batch 164
2024-11-15 05:23:44,347 INFO:Forward pass for validation completed
2024-11-15 05:23:44,350 INFO:Validating Batch 165
2024-11-15 05:23:54,321 INFO:Forward pass for validation completed
2024-11-15 05:23:54,327 INFO:Validating Batch 166
2024-11-15 05:24:05,457 INFO:Forward pass for validation completed
2024-11-15 05:24:05,468 INFO:Validating Batch 167
2024-11-15 05:24:16,020 INFO:Forward pass for validation completed
2024-11-15 05:24:16,028 INFO:Validating Batch 168
2024-11-15 05:24:25,623 INFO:Forward pass for validation completed
2024-11-15 05:24:25,627 INFO:Validating Batch 169
2024-11-15 05:24:36,750 INFO:Forward pass for validation completed
2024-11-15 05:24:36,779 INFO:Validating Batch 170
2024-11-15 05:24:46,290 INFO:Forward pass for validation completed
2024-11-15 05:24:46,312 INFO:Validating Batch 171
2024-11-15 05:24:55,866 INFO:Forward pass for validation completed
2024-11-15 05:24:55,887 INFO:Validating Batch 172
2024-11-15 05:25:06,693 INFO:Forward pass for validation completed
2024-11-15 05:25:06,720 INFO:Validating Batch 173
2024-11-15 05:25:16,434 INFO:Forward pass for validation completed
2024-11-15 05:25:16,456 INFO:Validating Batch 174
2024-11-15 05:25:27,049 INFO:Forward pass for validation completed
2024-11-15 05:25:27,077 INFO:Validating Batch 175
2024-11-15 05:25:36,730 INFO:Forward pass for validation completed
2024-11-15 05:25:36,752 INFO:Validating Batch 176
2024-11-15 05:25:47,121 INFO:Forward pass for validation completed
2024-11-15 05:25:47,128 INFO:Validating Batch 177
2024-11-15 05:26:00,012 INFO:Forward pass for validation completed
2024-11-15 05:26:00,030 INFO:Validating Batch 178
2024-11-15 05:26:11,205 INFO:Forward pass for validation completed
2024-11-15 05:26:11,216 INFO:Validating Batch 179
2024-11-15 05:26:21,469 INFO:Forward pass for validation completed
2024-11-15 05:26:21,476 INFO:Validating Batch 180
2024-11-15 05:26:34,344 INFO:Forward pass for validation completed
2024-11-15 05:26:34,362 INFO:Validating Batch 181
2024-11-15 05:26:44,742 INFO:Forward pass for validation completed
2024-11-15 05:26:44,748 INFO:Validating Batch 182
2024-11-15 05:26:56,016 INFO:Forward pass for validation completed
2024-11-15 05:26:56,028 INFO:Validating Batch 183
2024-11-15 05:27:08,687 INFO:Forward pass for validation completed
2024-11-15 05:27:08,705 INFO:Validating Batch 184
2024-11-15 05:27:18,446 INFO:Forward pass for validation completed
2024-11-15 05:27:18,469 INFO:Validating Batch 185
2024-11-15 05:27:30,819 INFO:Forward pass for validation completed
2024-11-15 05:27:30,855 INFO:Validating Batch 186
2024-11-15 05:27:42,078 INFO:Forward pass for validation completed
2024-11-15 05:27:42,089 INFO:Validating Batch 187
2024-11-15 05:27:53,288 INFO:Forward pass for validation completed
2024-11-15 05:27:53,298 INFO:Validating Batch 188
2024-11-15 05:28:05,435 INFO:Forward pass for validation completed
2024-11-15 05:28:05,451 INFO:Validating Batch 189
2024-11-15 05:28:16,058 INFO:Forward pass for validation completed
2024-11-15 05:28:16,066 INFO:Validating Batch 190
2024-11-15 05:28:25,864 INFO:Forward pass for validation completed
2024-11-15 05:28:25,869 INFO:Validating Batch 191
2024-11-15 05:28:36,350 INFO:Forward pass for validation completed
2024-11-15 05:28:36,358 INFO:Validating Batch 192
2024-11-15 05:28:45,986 INFO:Forward pass for validation completed
2024-11-15 05:28:45,989 INFO:Validating Batch 193
2024-11-15 05:28:57,394 INFO:Forward pass for validation completed
2024-11-15 05:28:57,405 INFO:Validating Batch 194
2024-11-15 05:29:10,384 INFO:Forward pass for validation completed
2024-11-15 05:29:10,403 INFO:Validating Batch 195
2024-11-15 05:29:20,772 INFO:Forward pass for validation completed
2024-11-15 05:29:20,779 INFO:Validating Batch 196
2024-11-15 05:29:33,645 INFO:Forward pass for validation completed
2024-11-15 05:29:33,663 INFO:Validating Batch 197
2024-11-15 05:29:43,259 INFO:Forward pass for validation completed
2024-11-15 05:29:43,262 INFO:Validating Batch 198
2024-11-15 05:29:53,446 INFO:Forward pass for validation completed
2024-11-15 05:29:53,452 INFO:Validating Batch 199
2024-11-15 05:30:04,743 INFO:Forward pass for validation completed
2024-11-15 05:30:04,755 INFO:Validating Batch 200
2024-11-15 05:30:15,297 INFO:Forward pass for validation completed
2024-11-15 05:30:15,306 INFO:Validating Batch 201
2024-11-15 05:30:25,784 INFO:Forward pass for validation completed
2024-11-15 05:30:25,792 INFO:Validating Batch 202
2024-11-15 05:30:35,599 INFO:Forward pass for validation completed
2024-11-15 05:30:35,604 INFO:Validating Batch 203
2024-11-15 05:30:46,969 INFO:Forward pass for validation completed
2024-11-15 05:30:46,981 INFO:Validating Batch 204
2024-11-15 05:30:56,821 INFO:Forward pass for validation completed
2024-11-15 05:30:56,826 INFO:Validating Batch 205
2024-11-15 05:31:07,301 INFO:Forward pass for validation completed
2024-11-15 05:31:07,309 INFO:Validating Batch 206
2024-11-15 05:31:17,289 INFO:Forward pass for validation completed
2024-11-15 05:31:17,294 INFO:Validating Batch 207
2024-11-15 05:31:27,178 INFO:Forward pass for validation completed
2024-11-15 05:31:27,183 INFO:Validating Batch 208
2024-11-15 05:31:38,436 INFO:Forward pass for validation completed
2024-11-15 05:31:38,446 INFO:Validating Batch 209
2024-11-15 05:31:48,946 INFO:Forward pass for validation completed
2024-11-15 05:31:48,955 INFO:Validating Batch 210
2024-11-15 05:32:00,000 INFO:Forward pass for validation completed
2024-11-15 05:32:00,010 INFO:Validating Batch 211
2024-11-15 05:32:10,344 INFO:Forward pass for validation completed
2024-11-15 05:32:10,367 INFO:Validating Batch 212
2024-11-15 05:32:19,942 INFO:Forward pass for validation completed
2024-11-15 05:32:19,946 INFO:Validating Batch 213
2024-11-15 05:32:29,873 INFO:Forward pass for validation completed
2024-11-15 05:32:29,879 INFO:Validating Batch 214
2024-11-15 05:32:39,238 INFO:Forward pass for validation completed
2024-11-15 05:32:39,241 INFO:Validating Batch 215
2024-11-15 05:32:52,022 INFO:Forward pass for validation completed
2024-11-15 05:32:52,040 INFO:Validating Batch 216
2024-11-15 05:33:03,144 INFO:Forward pass for validation completed
2024-11-15 05:33:03,154 INFO:Validating Batch 217
2024-11-15 05:33:14,390 INFO:Forward pass for validation completed
2024-11-15 05:33:14,402 INFO:Validating Batch 218
2024-11-15 05:33:24,152 INFO:Forward pass for validation completed
2024-11-15 05:33:24,157 INFO:Validating Batch 219
2024-11-15 05:33:33,890 INFO:Forward pass for validation completed
2024-11-15 05:33:33,895 INFO:Validating Batch 220
2024-11-15 05:33:43,589 INFO:Forward pass for validation completed
2024-11-15 05:33:43,594 INFO:Validating Batch 221
2024-11-15 05:33:53,704 INFO:Forward pass for validation completed
2024-11-15 05:33:53,711 INFO:Validating Batch 222
2024-11-15 05:34:05,667 INFO:Forward pass for validation completed
2024-11-15 05:34:05,682 INFO:Validating Batch 223
2024-11-15 05:34:18,524 INFO:Forward pass for validation completed
2024-11-15 05:34:18,542 INFO:Validating Batch 224
2024-11-15 05:34:29,955 INFO:Forward pass for validation completed
2024-11-15 05:34:29,968 INFO:Validating Batch 225
2024-11-15 05:34:41,262 INFO:Forward pass for validation completed
2024-11-15 05:34:41,273 INFO:Validating Batch 226
2024-11-15 05:34:50,682 INFO:Forward pass for validation completed
2024-11-15 05:34:50,702 INFO:Validating Batch 227
2024-11-15 05:35:03,517 INFO:Forward pass for validation completed
2024-11-15 05:35:03,535 INFO:Validating Batch 228
2024-11-15 05:35:13,020 INFO:Forward pass for validation completed
2024-11-15 05:35:13,023 INFO:Validating Batch 229
2024-11-15 05:35:22,575 INFO:Forward pass for validation completed
2024-11-15 05:35:22,579 INFO:Validating Batch 230
2024-11-15 05:35:32,591 INFO:Forward pass for validation completed
2024-11-15 05:35:32,597 INFO:Validating Batch 231
2024-11-15 05:35:42,481 INFO:Forward pass for validation completed
2024-11-15 05:35:42,487 INFO:Validating Batch 232
2024-11-15 05:35:52,686 INFO:Forward pass for validation completed
2024-11-15 05:35:52,710 INFO:Validating Batch 233
2024-11-15 05:36:02,441 INFO:Forward pass for validation completed
2024-11-15 05:36:02,446 INFO:Validating Batch 234
2024-11-15 05:36:12,824 INFO:Forward pass for validation completed
2024-11-15 05:36:12,833 INFO:Validating Batch 235
2024-11-15 05:36:22,620 INFO:Forward pass for validation completed
2024-11-15 05:36:22,625 INFO:Validating Batch 236
2024-11-15 05:36:34,440 INFO:Forward pass for validation completed
2024-11-15 05:36:34,455 INFO:Validating Batch 237
2024-11-15 05:36:44,517 INFO:Forward pass for validation completed
2024-11-15 05:36:44,523 INFO:Validating Batch 238
2024-11-15 05:36:54,077 INFO:Forward pass for validation completed
2024-11-15 05:36:54,082 INFO:Validating Batch 239
2024-11-15 05:37:06,939 INFO:Forward pass for validation completed
2024-11-15 05:37:06,957 INFO:Validating Batch 240
2024-11-15 05:37:17,371 INFO:Forward pass for validation completed
2024-11-15 05:37:17,379 INFO:Validating Batch 241
2024-11-15 05:37:30,160 INFO:Forward pass for validation completed
2024-11-15 05:37:30,178 INFO:Validating Batch 242
2024-11-15 05:37:39,882 INFO:Forward pass for validation completed
2024-11-15 05:37:39,888 INFO:Validating Batch 243
2024-11-15 05:37:49,541 INFO:Forward pass for validation completed
2024-11-15 05:37:49,545 INFO:Validating Batch 244
2024-11-15 05:37:59,916 INFO:Forward pass for validation completed
2024-11-15 05:37:59,925 INFO:Validating Batch 245
2024-11-15 05:38:09,492 INFO:Forward pass for validation completed
2024-11-15 05:38:09,497 INFO:Validating Batch 246
2024-11-15 05:38:21,846 INFO:Forward pass for validation completed
2024-11-15 05:38:21,863 INFO:Validating Batch 247
2024-11-15 05:38:31,452 INFO:Forward pass for validation completed
2024-11-15 05:38:31,457 INFO:Validating Batch 248
2024-11-15 05:38:41,275 INFO:Forward pass for validation completed
2024-11-15 05:38:41,280 INFO:Validating Batch 249
2024-11-15 05:38:50,919 INFO:Forward pass for validation completed
2024-11-15 05:38:50,923 INFO:Validating Batch 250
2024-11-15 05:39:03,292 INFO:Forward pass for validation completed
2024-11-15 05:39:03,309 INFO:Validating Batch 251
2024-11-15 05:39:13,289 INFO:Forward pass for validation completed
2024-11-15 05:39:13,296 INFO:Validating Batch 252
2024-11-15 05:39:22,804 INFO:Forward pass for validation completed
2024-11-15 05:39:22,808 INFO:Validating Batch 253
2024-11-15 05:39:33,341 INFO:Forward pass for validation completed
2024-11-15 05:39:33,351 INFO:Validating Batch 254
2024-11-15 05:39:44,178 INFO:Forward pass for validation completed
2024-11-15 05:39:44,188 INFO:Validating Batch 255
2024-11-15 05:39:57,016 INFO:Forward pass for validation completed
2024-11-15 05:39:57,034 INFO:Validating Batch 256
2024-11-15 05:40:06,555 INFO:Forward pass for validation completed
2024-11-15 05:40:06,559 INFO:Validating Batch 257
2024-11-15 05:40:16,006 INFO:Forward pass for validation completed
2024-11-15 05:40:16,010 INFO:Validating Batch 258
2024-11-15 05:40:25,633 INFO:Forward pass for validation completed
2024-11-15 05:40:25,638 INFO:Validating Batch 259
2024-11-15 05:40:35,447 INFO:Forward pass for validation completed
2024-11-15 05:40:35,452 INFO:Validating Batch 260
2024-11-15 05:40:46,560 INFO:Forward pass for validation completed
2024-11-15 05:40:46,571 INFO:Validating Batch 261
2024-11-15 05:40:55,942 INFO:Forward pass for validation completed
2024-11-15 05:40:55,946 INFO:Validating Batch 262
2024-11-15 05:41:08,758 INFO:Forward pass for validation completed
2024-11-15 05:41:08,777 INFO:Validating Batch 263
2024-11-15 05:41:18,286 INFO:Forward pass for validation completed
2024-11-15 05:41:18,291 INFO:Validating Batch 264
2024-11-15 05:41:27,801 INFO:Forward pass for validation completed
2024-11-15 05:41:27,806 INFO:Validating Batch 265
2024-11-15 05:41:39,918 INFO:Forward pass for validation completed
2024-11-15 05:41:39,935 INFO:Validating Batch 266
2024-11-15 05:41:51,076 INFO:Forward pass for validation completed
2024-11-15 05:41:51,087 INFO:Validating Batch 267
2024-11-15 05:42:02,567 INFO:Forward pass for validation completed
2024-11-15 05:42:02,580 INFO:Validating Batch 268
2024-11-15 05:42:12,220 INFO:Forward pass for validation completed
2024-11-15 05:42:12,224 INFO:Validating Batch 269
2024-11-15 05:42:21,682 INFO:Forward pass for validation completed
2024-11-15 05:42:21,686 INFO:Validating Batch 270
2024-11-15 05:42:33,332 INFO:Forward pass for validation completed
2024-11-15 05:42:33,345 INFO:Validating Batch 271
2024-11-15 05:42:42,852 INFO:Forward pass for validation completed
2024-11-15 05:42:42,856 INFO:Validating Batch 272
2024-11-15 05:42:52,521 INFO:Forward pass for validation completed
2024-11-15 05:42:52,526 INFO:Validating Batch 273
2024-11-15 05:43:03,251 INFO:Forward pass for validation completed
2024-11-15 05:43:03,261 INFO:Validating Batch 274
2024-11-15 05:43:15,434 INFO:Forward pass for validation completed
2024-11-15 05:43:15,450 INFO:Validating Batch 275
2024-11-15 05:43:28,255 INFO:Forward pass for validation completed
2024-11-15 05:43:28,274 INFO:Validating Batch 276
2024-11-15 05:43:39,417 INFO:Forward pass for validation completed
2024-11-15 05:43:39,427 INFO:Validating Batch 277
2024-11-15 05:43:49,011 INFO:Forward pass for validation completed
2024-11-15 05:43:49,016 INFO:Validating Batch 278
2024-11-15 05:43:58,734 INFO:Forward pass for validation completed
2024-11-15 05:43:58,740 INFO:Validating Batch 279
2024-11-15 05:44:10,308 INFO:Forward pass for validation completed
2024-11-15 05:44:10,322 INFO:Validating Batch 280
2024-11-15 05:44:20,245 INFO:Forward pass for validation completed
2024-11-15 05:44:20,251 INFO:Validating Batch 281
2024-11-15 05:44:30,645 INFO:Forward pass for validation completed
2024-11-15 05:44:30,654 INFO:Validating Batch 282
2024-11-15 05:44:41,860 INFO:Forward pass for validation completed
2024-11-15 05:44:41,872 INFO:Validating Batch 283
2024-11-15 05:44:51,639 INFO:Forward pass for validation completed
2024-11-15 05:44:51,644 INFO:Validating Batch 284
2024-11-15 05:45:01,664 INFO:Forward pass for validation completed
2024-11-15 05:45:01,671 INFO:Validating Batch 285
2024-11-15 05:45:11,190 INFO:Forward pass for validation completed
2024-11-15 05:45:11,194 INFO:Validation - Average Total Loss: 3617.7923, Average AA Loss: 3.2492, Average KL Loss: 3614.5431
2024-11-15 05:45:11,194 INFO:
Starting Epoch 8/10
2024-11-15 05:45:11,195 INFO:Processing Batch 1
2024-11-15 05:45:11,196 INFO:Data moved to device
2024-11-15 05:45:22,616 INFO:Forward pass completed
2024-11-15 05:45:22,618 INFO:aa_pred_valid shape: torch.Size([160000, 26])
2024-11-15 05:45:22,618 INFO:x_valid shape: torch.Size([160000])
2024-11-15 05:45:22,623 INFO:AA Prediction Loss: 3.2582
2024-11-15 05:45:22,623 INFO:Total Loss: 3462.3181
2024-11-15 05:45:40,180 INFO:Backward pass completed
2024-11-15 05:45:40,219 INFO:Gradient clipping applied
2024-11-15 05:45:40,240 INFO:Optimizer step completed
2024-11-15 05:45:40,262 INFO:Processing Batch 2
2024-11-15 05:45:40,266 INFO:Data moved to device
2024-11-15 05:45:52,087 INFO:Forward pass completed
2024-11-15 05:45:52,089 INFO:aa_pred_valid shape: torch.Size([184000, 26])
2024-11-15 05:45:52,090 INFO:x_valid shape: torch.Size([184000])
2024-11-15 05:45:52,096 INFO:AA Prediction Loss: 3.2381
2024-11-15 05:45:52,312 INFO:Total Loss: 3165.1489
2024-11-15 05:46:10,911 INFO:Backward pass completed
2024-11-15 05:46:10,944 INFO:Gradient clipping applied
2024-11-15 05:46:10,956 INFO:Optimizer step completed
2024-11-15 05:46:10,970 INFO:Processing Batch 3
2024-11-15 05:46:10,973 INFO:Data moved to device
2024-11-15 05:46:23,868 INFO:Forward pass completed
2024-11-15 05:46:23,870 INFO:aa_pred_valid shape: torch.Size([270000, 26])
2024-11-15 05:46:23,871 INFO:x_valid shape: torch.Size([270000])
2024-11-15 05:46:23,881 INFO:AA Prediction Loss: 3.2421
2024-11-15 05:46:24,121 INFO:Total Loss: 2869.0215
2024-11-15 05:46:46,493 INFO:Backward pass completed
2024-11-15 05:46:46,532 INFO:Gradient clipping applied
2024-11-15 05:46:46,543 INFO:Optimizer step completed
2024-11-15 05:46:46,560 INFO:Processing Batch 4
2024-11-15 05:46:46,563 INFO:Data moved to device
2024-11-15 05:46:57,904 INFO:Forward pass completed
2024-11-15 05:46:57,920 INFO:aa_pred_valid shape: torch.Size([102000, 26])
2024-11-15 05:46:57,921 INFO:x_valid shape: torch.Size([102000])
2024-11-15 05:46:57,924 INFO:AA Prediction Loss: 3.2461
2024-11-15 05:46:58,203 INFO:Total Loss: 2942.5835
2024-11-15 05:47:16,238 INFO:Backward pass completed
2024-11-15 05:47:16,273 INFO:Gradient clipping applied
2024-11-15 05:47:16,284 INFO:Optimizer step completed
2024-11-15 05:47:16,302 INFO:Processing Batch 5
2024-11-15 05:47:16,304 INFO:Data moved to device
2024-11-15 05:47:27,954 INFO:Forward pass completed
2024-11-15 05:47:27,969 INFO:aa_pred_valid shape: torch.Size([141000, 26])
2024-11-15 05:47:27,970 INFO:x_valid shape: torch.Size([141000])
2024-11-15 05:47:27,975 INFO:AA Prediction Loss: 3.2385
2024-11-15 05:47:28,258 INFO:Total Loss: 2422.7725
2024-11-15 05:47:46,343 INFO:Backward pass completed
2024-11-15 05:47:46,381 INFO:Gradient clipping applied
2024-11-15 05:47:46,394 INFO:Optimizer step completed
2024-11-15 05:47:46,413 INFO:Processing Batch 6
2024-11-15 05:47:46,416 INFO:Data moved to device
2024-11-15 05:47:57,914 INFO:Forward pass completed
2024-11-15 05:47:57,930 INFO:aa_pred_valid shape: torch.Size([118000, 26])
2024-11-15 05:47:57,931 INFO:x_valid shape: torch.Size([118000])
2024-11-15 05:47:57,935 INFO:AA Prediction Loss: 3.2218
2024-11-15 05:47:58,279 INFO:Total Loss: 2251.9602
2024-11-15 05:48:16,270 INFO:Backward pass completed
2024-11-15 05:48:16,293 INFO:Gradient clipping applied
2024-11-15 05:48:16,307 INFO:Optimizer step completed
2024-11-15 05:48:16,328 INFO:Processing Batch 7
2024-11-15 05:48:16,331 INFO:Data moved to device
2024-11-15 05:48:27,492 INFO:Forward pass completed
2024-11-15 05:48:27,507 INFO:aa_pred_valid shape: torch.Size([92000, 26])
2024-11-15 05:48:27,508 INFO:x_valid shape: torch.Size([92000])
2024-11-15 05:48:27,511 INFO:AA Prediction Loss: 3.2365
2024-11-15 05:48:27,805 INFO:Total Loss: 2212.3933
2024-11-15 05:48:45,862 INFO:Backward pass completed
2024-11-15 05:48:45,898 INFO:Gradient clipping applied
2024-11-15 05:48:45,912 INFO:Optimizer step completed
2024-11-15 05:48:45,941 INFO:Processing Batch 8
2024-11-15 05:48:45,944 INFO:Data moved to device
2024-11-15 05:48:59,791 INFO:Forward pass completed
2024-11-15 05:48:59,793 INFO:aa_pred_valid shape: torch.Size([410000, 26])
2024-11-15 05:48:59,794 INFO:x_valid shape: torch.Size([410000])
2024-11-15 05:48:59,808 INFO:AA Prediction Loss: 3.2471
2024-11-15 05:49:00,107 INFO:Total Loss: 1836.2489
2024-11-15 05:49:29,445 INFO:Backward pass completed
2024-11-15 05:49:29,483 INFO:Gradient clipping applied
2024-11-15 05:49:29,494 INFO:Optimizer step completed
2024-11-15 05:49:29,511 INFO:Processing Batch 9
2024-11-15 05:49:29,514 INFO:Data moved to device
2024-11-15 05:49:41,133 INFO:Forward pass completed
2024-11-15 05:49:41,149 INFO:aa_pred_valid shape: torch.Size([134000, 26])
2024-11-15 05:49:41,150 INFO:x_valid shape: torch.Size([134000])
2024-11-15 05:49:41,154 INFO:AA Prediction Loss: 3.2280
2024-11-15 05:49:41,508 INFO:Total Loss: 1606.1208
2024-11-15 05:49:59,485 INFO:Backward pass completed
2024-11-15 05:49:59,523 INFO:Gradient clipping applied
2024-11-15 05:49:59,536 INFO:Optimizer step completed
2024-11-15 05:49:59,554 INFO:Processing Batch 10
2024-11-15 05:49:59,557 INFO:Data moved to device
2024-11-15 05:50:11,566 INFO:Forward pass completed
2024-11-15 05:50:11,582 INFO:aa_pred_valid shape: torch.Size([199000, 26])
2024-11-15 05:50:11,583 INFO:x_valid shape: torch.Size([199000])
2024-11-15 05:50:11,590 INFO:AA Prediction Loss: 3.2419
2024-11-15 05:50:11,932 INFO:Total Loss: 1477.7971
2024-11-15 05:50:31,163 INFO:Backward pass completed
2024-11-15 05:50:31,201 INFO:Gradient clipping applied
2024-11-15 05:50:31,214 INFO:Optimizer step completed
2024-11-15 05:50:31,233 INFO:Processing Batch 11
2024-11-15 05:50:31,236 INFO:Data moved to device
2024-11-15 05:50:44,356 INFO:Forward pass completed
2024-11-15 05:50:44,373 INFO:aa_pred_valid shape: torch.Size([309000, 26])
2024-11-15 05:50:44,374 INFO:x_valid shape: torch.Size([309000])
2024-11-15 05:50:44,385 INFO:AA Prediction Loss: 3.2300
2024-11-15 05:50:44,740 INFO:Total Loss: 1393.8815
2024-11-15 05:51:08,610 INFO:Backward pass completed
2024-11-15 05:51:08,648 INFO:Gradient clipping applied
2024-11-15 05:51:08,661 INFO:Optimizer step completed
2024-11-15 05:51:08,679 INFO:Processing Batch 12
2024-11-15 05:51:08,683 INFO:Data moved to device
2024-11-15 05:51:20,437 INFO:Forward pass completed
2024-11-15 05:51:20,453 INFO:aa_pred_valid shape: torch.Size([166000, 26])
2024-11-15 05:51:20,454 INFO:x_valid shape: torch.Size([166000])
2024-11-15 05:51:20,460 INFO:AA Prediction Loss: 3.2215
2024-11-15 05:51:20,759 INFO:Total Loss: 1204.4343
2024-11-15 05:51:38,880 INFO:Backward pass completed
2024-11-15 05:51:38,918 INFO:Gradient clipping applied
2024-11-15 05:51:38,931 INFO:Optimizer step completed
2024-11-15 05:51:38,948 INFO:Processing Batch 13
2024-11-15 05:51:38,951 INFO:Data moved to device
2024-11-15 05:51:52,241 INFO:Forward pass completed
2024-11-15 05:51:52,258 INFO:aa_pred_valid shape: torch.Size([343000, 26])
2024-11-15 05:51:52,259 INFO:x_valid shape: torch.Size([343000])
2024-11-15 05:51:52,270 INFO:AA Prediction Loss: 3.2366
2024-11-15 05:51:52,612 INFO:Total Loss: 1161.1244
2024-11-15 05:52:18,346 INFO:Backward pass completed
2024-11-15 05:52:18,383 INFO:Gradient clipping applied
2024-11-15 05:52:18,397 INFO:Optimizer step completed
2024-11-15 05:52:18,417 INFO:Processing Batch 14
2024-11-15 05:52:18,420 INFO:Data moved to device
2024-11-15 05:52:32,056 ERROR:Error during forward pass: CUDA out of memory. Tried to allocate 2.00 MiB (GPU 0; 39.50 GiB total capacity; 32.91 GiB already allocated; 1.81 MiB free; 33.10 GiB reserved in total by PyTorch) If reserved memory is >> allocated memory try setting max_split_size_mb to avoid fragmentation.  See documentation for Memory Management and PYTORCH_CUDA_ALLOC_CONF
2024-11-15 05:52:32,456 INFO:Epoch 8 completed - Average Total Loss: 2000.4146, Average AA Loss: 3.0062, Average KL Loss: 1997.4085
2024-11-15 05:52:32,477 INFO:Validating Batch 1
2024-11-15 05:52:44,240 INFO:Forward pass for validation completed
2024-11-15 05:52:44,682 INFO:Validating Batch 2
2024-11-15 05:52:55,191 INFO:Forward pass for validation completed
2024-11-15 05:52:55,200 INFO:Validating Batch 3
2024-11-15 05:53:05,206 INFO:Forward pass for validation completed
2024-11-15 05:53:05,212 INFO:Validating Batch 4
2024-11-15 05:53:16,431 INFO:Forward pass for validation completed
2024-11-15 05:53:16,443 INFO:Validating Batch 5
2024-11-15 05:53:25,861 INFO:Forward pass for validation completed
2024-11-15 05:53:25,866 INFO:Validating Batch 6
2024-11-15 05:53:37,096 INFO:Forward pass for validation completed
2024-11-15 05:53:37,107 INFO:Validating Batch 7
2024-11-15 05:53:48,156 INFO:Forward pass for validation completed
2024-11-15 05:53:48,166 INFO:Validating Batch 8
2024-11-15 05:53:57,813 INFO:Forward pass for validation completed
2024-11-15 05:53:57,818 INFO:Validating Batch 9
2024-11-15 05:54:10,528 INFO:Forward pass for validation completed
2024-11-15 05:54:10,546 INFO:Validating Batch 10
2024-11-15 05:54:19,916 INFO:Forward pass for validation completed
2024-11-15 05:54:19,920 INFO:Validating Batch 11
2024-11-15 05:54:29,425 INFO:Forward pass for validation completed
2024-11-15 05:54:29,429 INFO:Validating Batch 12
2024-11-15 05:54:39,785 INFO:Forward pass for validation completed
2024-11-15 05:54:39,793 INFO:Validating Batch 13
2024-11-15 05:54:50,262 INFO:Forward pass for validation completed
2024-11-15 05:54:50,271 INFO:Validating Batch 14
2024-11-15 05:54:59,498 INFO:Forward pass for validation completed
2024-11-15 05:54:59,501 INFO:Validating Batch 15
2024-11-15 05:55:09,886 INFO:Forward pass for validation completed
2024-11-15 05:55:09,894 INFO:Validating Batch 16
2024-11-15 05:55:21,120 INFO:Forward pass for validation completed
2024-11-15 05:55:21,132 INFO:Validating Batch 17
2024-11-15 05:55:32,301 INFO:Forward pass for validation completed
2024-11-15 05:55:32,311 INFO:Validating Batch 18
2024-11-15 05:55:42,608 INFO:Forward pass for validation completed
2024-11-15 05:55:42,616 INFO:Validating Batch 19
2024-11-15 05:55:51,977 INFO:Forward pass for validation completed
2024-11-15 05:55:51,980 INFO:Validating Batch 20
2024-11-15 05:56:04,516 INFO:Forward pass for validation completed
2024-11-15 05:56:04,531 INFO:Validating Batch 21
2024-11-15 05:56:14,394 INFO:Forward pass for validation completed
2024-11-15 05:56:14,401 INFO:Validating Batch 22
2024-11-15 05:56:25,600 INFO:Forward pass for validation completed
2024-11-15 05:56:25,611 INFO:Validating Batch 23
2024-11-15 05:56:37,415 INFO:Forward pass for validation completed
2024-11-15 05:56:37,429 INFO:Validating Batch 24
2024-11-15 05:56:47,291 INFO:Forward pass for validation completed
2024-11-15 05:56:47,296 INFO:Validating Batch 25
2024-11-15 05:56:56,877 INFO:Forward pass for validation completed
2024-11-15 05:56:56,881 INFO:Validating Batch 26
2024-11-15 05:57:07,031 INFO:Forward pass for validation completed
2024-11-15 05:57:07,038 INFO:Validating Batch 27
2024-11-15 05:57:17,798 INFO:Forward pass for validation completed
2024-11-15 05:57:17,809 INFO:Validating Batch 28
2024-11-15 05:57:27,297 INFO:Forward pass for validation completed
2024-11-15 05:57:27,301 INFO:Validating Batch 29
2024-11-15 05:57:36,771 INFO:Forward pass for validation completed
2024-11-15 05:57:36,775 INFO:Validating Batch 30
2024-11-15 05:57:49,632 INFO:Forward pass for validation completed
2024-11-15 05:57:49,650 INFO:Validating Batch 31
2024-11-15 05:58:00,008 INFO:Forward pass for validation completed
2024-11-15 05:58:00,016 INFO:Validating Batch 32
2024-11-15 05:58:09,580 INFO:Forward pass for validation completed
2024-11-15 05:58:09,586 INFO:Validating Batch 33
2024-11-15 05:58:18,826 INFO:Forward pass for validation completed
2024-11-15 05:58:18,829 INFO:Validating Batch 34
2024-11-15 05:58:29,137 INFO:Forward pass for validation completed
2024-11-15 05:58:29,144 INFO:Validating Batch 35
2024-11-15 05:58:38,656 INFO:Forward pass for validation completed
2024-11-15 05:58:38,660 INFO:Validating Batch 36
2024-11-15 05:58:49,684 INFO:Forward pass for validation completed
2024-11-15 05:58:49,696 INFO:Validating Batch 37
2024-11-15 05:59:00,391 INFO:Forward pass for validation completed
2024-11-15 05:59:00,401 INFO:Validating Batch 38
2024-11-15 05:59:10,731 INFO:Forward pass for validation completed
2024-11-15 05:59:10,740 INFO:Validating Batch 39
2024-11-15 05:59:20,961 INFO:Forward pass for validation completed
2024-11-15 05:59:20,968 INFO:Validating Batch 40
2024-11-15 05:59:30,600 INFO:Forward pass for validation completed
2024-11-15 05:59:30,605 INFO:Validating Batch 41
2024-11-15 05:59:40,603 INFO:Forward pass for validation completed
2024-11-15 05:59:40,610 INFO:Validating Batch 42
2024-11-15 05:59:53,238 INFO:Forward pass for validation completed
2024-11-15 05:59:53,257 INFO:Validating Batch 43
2024-11-15 06:00:02,818 INFO:Forward pass for validation completed
2024-11-15 06:00:02,822 INFO:Validating Batch 44
2024-11-15 06:00:12,171 INFO:Forward pass for validation completed
2024-11-15 06:00:12,175 INFO:Validating Batch 45
2024-11-15 06:00:23,649 INFO:Forward pass for validation completed
2024-11-15 06:00:23,661 INFO:Validating Batch 46
2024-11-15 06:00:33,092 INFO:Forward pass for validation completed
2024-11-15 06:00:33,096 INFO:Validating Batch 47
2024-11-15 06:00:42,640 INFO:Forward pass for validation completed
2024-11-15 06:00:42,644 INFO:Validating Batch 48
2024-11-15 06:00:52,735 INFO:Forward pass for validation completed
2024-11-15 06:00:52,743 INFO:Validating Batch 49
2024-11-15 06:01:02,601 INFO:Forward pass for validation completed
2024-11-15 06:01:02,607 INFO:Validating Batch 50
2024-11-15 06:01:13,064 INFO:Forward pass for validation completed
2024-11-15 06:01:13,073 INFO:Validating Batch 51
2024-11-15 06:01:24,159 INFO:Forward pass for validation completed
2024-11-15 06:01:24,169 INFO:Validating Batch 52
2024-11-15 06:01:36,781 INFO:Forward pass for validation completed
2024-11-15 06:01:36,799 INFO:Validating Batch 53
2024-11-15 06:01:46,274 INFO:Forward pass for validation completed
2024-11-15 06:01:46,279 INFO:Validating Batch 54
2024-11-15 06:01:55,655 INFO:Forward pass for validation completed
2024-11-15 06:01:55,658 INFO:Validating Batch 55
2024-11-15 06:02:05,065 INFO:Forward pass for validation completed
2024-11-15 06:02:05,069 INFO:Validating Batch 56
2024-11-15 06:02:14,810 INFO:Forward pass for validation completed
2024-11-15 06:02:14,815 INFO:Validating Batch 57
2024-11-15 06:02:25,956 INFO:Forward pass for validation completed
2024-11-15 06:02:25,967 INFO:Validating Batch 58
2024-11-15 06:02:36,093 INFO:Forward pass for validation completed
2024-11-15 06:02:36,100 INFO:Validating Batch 59
2024-11-15 06:02:46,122 INFO:Forward pass for validation completed
2024-11-15 06:02:46,129 INFO:Validating Batch 60
2024-11-15 06:02:58,797 INFO:Forward pass for validation completed
2024-11-15 06:02:58,815 INFO:Validating Batch 61
2024-11-15 06:03:09,859 INFO:Forward pass for validation completed
2024-11-15 06:03:09,870 INFO:Validating Batch 62
2024-11-15 06:03:20,986 INFO:Forward pass for validation completed
2024-11-15 06:03:20,998 INFO:Validating Batch 63
2024-11-15 06:03:30,483 INFO:Forward pass for validation completed
2024-11-15 06:03:30,487 INFO:Validating Batch 64
2024-11-15 06:03:42,494 INFO:Forward pass for validation completed
2024-11-15 06:03:42,511 INFO:Validating Batch 65
2024-11-15 06:03:54,521 INFO:Forward pass for validation completed
2024-11-15 06:03:54,538 INFO:Validating Batch 66
2024-11-15 06:04:06,076 INFO:Forward pass for validation completed
2024-11-15 06:04:06,090 INFO:Validating Batch 67
2024-11-15 06:04:15,513 INFO:Forward pass for validation completed
2024-11-15 06:04:15,517 INFO:Validating Batch 68
2024-11-15 06:04:26,403 INFO:Forward pass for validation completed
2024-11-15 06:04:26,413 INFO:Validating Batch 69
2024-11-15 06:04:36,818 INFO:Forward pass for validation completed
2024-11-15 06:04:36,826 INFO:Validating Batch 70
2024-11-15 06:04:48,049 INFO:Forward pass for validation completed
2024-11-15 06:04:48,060 INFO:Validating Batch 71
2024-11-15 06:04:57,932 INFO:Forward pass for validation completed
2024-11-15 06:04:57,938 INFO:Validating Batch 72
2024-11-15 06:05:09,839 INFO:Forward pass for validation completed
2024-11-15 06:05:09,854 INFO:Validating Batch 73
2024-11-15 06:05:21,689 INFO:Forward pass for validation completed
2024-11-15 06:05:21,704 INFO:Validating Batch 74
2024-11-15 06:05:31,364 INFO:Forward pass for validation completed
2024-11-15 06:05:31,387 INFO:Validating Batch 75
2024-11-15 06:05:41,310 INFO:Forward pass for validation completed
2024-11-15 06:05:41,335 INFO:Validating Batch 76
2024-11-15 06:05:51,642 INFO:Forward pass for validation completed
2024-11-15 06:05:51,663 INFO:Validating Batch 77
2024-11-15 06:06:02,261 INFO:Forward pass for validation completed
2024-11-15 06:06:02,279 INFO:Validating Batch 78
2024-11-15 06:06:14,597 INFO:Forward pass for validation completed
2024-11-15 06:06:14,604 INFO:Validating Batch 79
2024-11-15 06:06:28,441 INFO:Forward pass for validation completed
2024-11-15 06:06:28,452 INFO:Validating Batch 80
2024-11-15 06:06:43,011 INFO:Forward pass for validation completed
2024-11-15 06:06:43,024 INFO:Validating Batch 81
2024-11-15 06:06:57,953 INFO:Forward pass for validation completed
2024-11-15 06:06:57,971 INFO:Validating Batch 82
2024-11-15 06:07:11,205 INFO:Forward pass for validation completed
2024-11-15 06:07:11,215 INFO:Validating Batch 83
2024-11-15 06:07:25,021 INFO:Forward pass for validation completed
2024-11-15 06:07:25,033 INFO:Validating Batch 84
2024-11-15 06:07:38,381 INFO:Forward pass for validation completed
2024-11-15 06:07:38,391 INFO:Validating Batch 85
2024-11-15 06:07:51,475 INFO:Forward pass for validation completed
2024-11-15 06:07:51,483 INFO:Validating Batch 86
2024-11-15 06:08:05,692 INFO:Forward pass for validation completed
2024-11-15 06:08:05,706 INFO:Validating Batch 87
2024-11-15 06:08:19,070 INFO:Forward pass for validation completed
2024-11-15 06:08:19,079 INFO:Validating Batch 88
2024-11-15 06:08:31,680 INFO:Forward pass for validation completed
2024-11-15 06:08:31,685 INFO:Validating Batch 89
2024-11-15 06:08:44,231 INFO:Forward pass for validation completed
2024-11-15 06:08:44,235 INFO:Validating Batch 90
2024-11-15 06:08:57,068 INFO:Forward pass for validation completed
2024-11-15 06:08:57,075 INFO:Validating Batch 91
2024-11-15 06:09:11,464 INFO:Forward pass for validation completed
2024-11-15 06:09:11,477 INFO:Validating Batch 92
2024-11-15 06:09:25,308 INFO:Forward pass for validation completed
2024-11-15 06:09:25,319 INFO:Validating Batch 93
2024-11-15 06:09:39,510 INFO:Forward pass for validation completed
2024-11-15 06:09:39,524 INFO:Validating Batch 94
2024-11-15 06:09:52,939 INFO:Forward pass for validation completed
2024-11-15 06:09:52,950 INFO:Validating Batch 95
2024-11-15 06:10:06,200 INFO:Forward pass for validation completed
2024-11-15 06:10:06,208 INFO:Validating Batch 96
2024-11-15 06:10:18,876 INFO:Forward pass for validation completed
2024-11-15 06:10:18,881 INFO:Validating Batch 97
2024-11-15 06:10:33,694 INFO:Forward pass for validation completed
2024-11-15 06:10:33,711 INFO:Validating Batch 98
2024-11-15 06:10:46,572 INFO:Forward pass for validation completed
2024-11-15 06:10:46,579 INFO:Validating Batch 99
2024-11-15 06:11:00,394 INFO:Forward pass for validation completed
2024-11-15 06:11:00,406 INFO:Validating Batch 100
2024-11-15 06:11:14,602 INFO:Forward pass for validation completed
2024-11-15 06:11:14,614 INFO:Validating Batch 101
2024-11-15 06:11:28,850 INFO:Forward pass for validation completed
2024-11-15 06:11:28,864 INFO:Validating Batch 102
2024-11-15 06:11:41,779 INFO:Forward pass for validation completed
2024-11-15 06:11:41,786 INFO:Validating Batch 103
2024-11-15 06:11:55,803 INFO:Forward pass for validation completed
2024-11-15 06:11:55,816 INFO:Validating Batch 104
2024-11-15 06:12:08,407 INFO:Forward pass for validation completed
2024-11-15 06:12:08,412 INFO:Validating Batch 105
2024-11-15 06:12:21,563 INFO:Forward pass for validation completed
2024-11-15 06:12:21,571 INFO:Validating Batch 106
2024-11-15 06:12:33,549 INFO:Forward pass for validation completed
2024-11-15 06:12:33,577 INFO:Validating Batch 107
2024-11-15 06:12:46,460 INFO:Forward pass for validation completed
2024-11-15 06:12:46,478 INFO:Validating Batch 108
2024-11-15 06:12:57,286 INFO:Forward pass for validation completed
2024-11-15 06:12:57,296 INFO:Validating Batch 109
2024-11-15 06:13:08,474 INFO:Forward pass for validation completed
2024-11-15 06:13:08,485 INFO:Validating Batch 110
2024-11-15 06:13:20,668 INFO:Forward pass for validation completed
2024-11-15 06:13:20,684 INFO:Validating Batch 111
2024-11-15 06:13:31,105 INFO:Forward pass for validation completed
2024-11-15 06:13:31,115 INFO:Validating Batch 112
2024-11-15 06:13:41,427 INFO:Forward pass for validation completed
2024-11-15 06:13:41,435 INFO:Validating Batch 113
2024-11-15 06:13:51,645 INFO:Forward pass for validation completed
2024-11-15 06:13:51,652 INFO:Validating Batch 114
2024-11-15 06:14:03,568 INFO:Forward pass for validation completed
2024-11-15 06:14:03,581 INFO:Validating Batch 115
2024-11-15 06:14:15,514 INFO:Forward pass for validation completed
2024-11-15 06:14:15,547 INFO:Validating Batch 116
2024-11-15 06:14:25,334 INFO:Forward pass for validation completed
2024-11-15 06:14:25,347 INFO:Validating Batch 117
2024-11-15 06:14:35,367 INFO:Forward pass for validation completed
2024-11-15 06:14:35,373 INFO:Validating Batch 118
2024-11-15 06:14:45,379 INFO:Forward pass for validation completed
2024-11-15 06:14:45,385 INFO:Validating Batch 119
2024-11-15 06:14:56,747 INFO:Forward pass for validation completed
2024-11-15 06:14:56,757 INFO:Validating Batch 120
2024-11-15 06:15:09,599 INFO:Forward pass for validation completed
2024-11-15 06:15:09,617 INFO:Validating Batch 121
2024-11-15 06:15:21,191 INFO:Forward pass for validation completed
2024-11-15 06:15:21,204 INFO:Validating Batch 122
2024-11-15 06:15:32,773 INFO:Forward pass for validation completed
2024-11-15 06:15:32,785 INFO:Validating Batch 123
2024-11-15 06:15:43,685 INFO:Forward pass for validation completed
2024-11-15 06:15:43,695 INFO:Validating Batch 124
2024-11-15 06:15:53,638 INFO:Forward pass for validation completed
2024-11-15 06:15:53,645 INFO:Validating Batch 125
2024-11-15 06:16:06,361 INFO:Forward pass for validation completed
2024-11-15 06:16:06,379 INFO:Validating Batch 126
2024-11-15 06:16:17,975 INFO:Forward pass for validation completed
2024-11-15 06:16:17,987 INFO:Validating Batch 127
2024-11-15 06:16:30,854 INFO:Forward pass for validation completed
2024-11-15 06:16:30,872 INFO:Validating Batch 128
2024-11-15 06:16:40,287 INFO:Forward pass for validation completed
2024-11-15 06:16:40,290 INFO:Validating Batch 129
2024-11-15 06:16:52,250 INFO:Forward pass for validation completed
2024-11-15 06:16:52,264 INFO:Validating Batch 130
2024-11-15 06:17:05,179 INFO:Forward pass for validation completed
2024-11-15 06:17:05,197 INFO:Validating Batch 131
2024-11-15 06:17:14,848 INFO:Forward pass for validation completed
2024-11-15 06:17:14,853 INFO:Validating Batch 132
2024-11-15 06:17:24,551 INFO:Forward pass for validation completed
2024-11-15 06:17:24,556 INFO:Validating Batch 133
2024-11-15 06:17:34,919 INFO:Forward pass for validation completed
2024-11-15 06:17:34,928 INFO:Validating Batch 134
2024-11-15 06:17:44,531 INFO:Forward pass for validation completed
2024-11-15 06:17:44,536 INFO:Validating Batch 135
2024-11-15 06:17:56,010 INFO:Forward pass for validation completed
2024-11-15 06:17:56,021 INFO:Validating Batch 136
2024-11-15 06:18:06,302 INFO:Forward pass for validation completed
2024-11-15 06:18:06,309 INFO:Validating Batch 137
2024-11-15 06:18:15,685 INFO:Forward pass for validation completed
2024-11-15 06:18:15,689 INFO:Validating Batch 138
2024-11-15 06:18:25,924 INFO:Forward pass for validation completed
2024-11-15 06:18:25,932 INFO:Validating Batch 139
2024-11-15 06:18:35,855 INFO:Forward pass for validation completed
2024-11-15 06:18:35,876 INFO:Validating Batch 140
2024-11-15 06:18:46,232 INFO:Forward pass for validation completed
2024-11-15 06:18:46,241 INFO:Validating Batch 141
2024-11-15 06:18:58,403 INFO:Forward pass for validation completed
2024-11-15 06:18:58,418 INFO:Validating Batch 142
2024-11-15 06:19:10,497 INFO:Forward pass for validation completed
2024-11-15 06:19:10,514 INFO:Validating Batch 143
2024-11-15 06:19:21,079 INFO:Forward pass for validation completed
2024-11-15 06:19:21,088 INFO:Validating Batch 144
2024-11-15 06:19:31,283 INFO:Forward pass for validation completed
2024-11-15 06:19:31,291 INFO:Validating Batch 145
2024-11-15 06:19:41,068 INFO:Forward pass for validation completed
2024-11-15 06:19:41,081 INFO:Validating Batch 146
2024-11-15 06:19:50,440 INFO:Forward pass for validation completed
2024-11-15 06:19:50,444 INFO:Validating Batch 147
2024-11-15 06:20:00,051 INFO:Forward pass for validation completed
2024-11-15 06:20:00,055 INFO:Validating Batch 148
2024-11-15 06:20:09,622 INFO:Forward pass for validation completed
2024-11-15 06:20:09,626 INFO:Validating Batch 149
2024-11-15 06:20:20,791 INFO:Forward pass for validation completed
2024-11-15 06:20:20,803 INFO:Validating Batch 150
2024-11-15 06:20:32,017 INFO:Forward pass for validation completed
2024-11-15 06:20:32,027 INFO:Validating Batch 151
2024-11-15 06:20:41,687 INFO:Forward pass for validation completed
2024-11-15 06:20:41,692 INFO:Validating Batch 152
2024-11-15 06:20:52,313 INFO:Forward pass for validation completed
2024-11-15 06:20:52,322 INFO:Validating Batch 153
2024-11-15 06:21:02,635 INFO:Forward pass for validation completed
2024-11-15 06:21:02,644 INFO:Validating Batch 154
2024-11-15 06:21:12,478 INFO:Forward pass for validation completed
2024-11-15 06:21:12,483 INFO:Validating Batch 155
2024-11-15 06:21:22,110 INFO:Forward pass for validation completed
2024-11-15 06:21:22,115 INFO:Validating Batch 156
2024-11-15 06:21:32,221 INFO:Forward pass for validation completed
2024-11-15 06:21:32,227 INFO:Validating Batch 157
2024-11-15 06:21:41,954 INFO:Forward pass for validation completed
2024-11-15 06:21:41,959 INFO:Validating Batch 158
2024-11-15 06:21:51,428 INFO:Forward pass for validation completed
2024-11-15 06:21:51,432 INFO:Validating Batch 159
2024-11-15 06:22:03,585 INFO:Forward pass for validation completed
2024-11-15 06:22:03,600 INFO:Validating Batch 160
2024-11-15 06:22:14,161 INFO:Forward pass for validation completed
2024-11-15 06:22:14,171 INFO:Validating Batch 161
2024-11-15 06:22:24,503 INFO:Forward pass for validation completed
2024-11-15 06:22:24,510 INFO:Validating Batch 162
2024-11-15 06:22:34,374 INFO:Forward pass for validation completed
2024-11-15 06:22:34,380 INFO:Validating Batch 163
2024-11-15 06:22:44,203 INFO:Forward pass for validation completed
2024-11-15 06:22:44,209 INFO:Validating Batch 164
2024-11-15 06:22:53,634 INFO:Forward pass for validation completed
2024-11-15 06:22:53,638 INFO:Validating Batch 165
2024-11-15 06:23:03,561 INFO:Forward pass for validation completed
2024-11-15 06:23:03,567 INFO:Validating Batch 166
2024-11-15 06:23:14,652 INFO:Forward pass for validation completed
2024-11-15 06:23:14,664 INFO:Validating Batch 167
2024-11-15 06:23:25,159 INFO:Forward pass for validation completed
2024-11-15 06:23:25,167 INFO:Validating Batch 168
2024-11-15 06:23:34,746 INFO:Forward pass for validation completed
2024-11-15 06:23:34,750 INFO:Validating Batch 169
2024-11-15 06:23:45,845 INFO:Forward pass for validation completed
2024-11-15 06:23:45,855 INFO:Validating Batch 170
2024-11-15 06:23:55,332 INFO:Forward pass for validation completed
2024-11-15 06:23:55,335 INFO:Validating Batch 171
2024-11-15 06:24:04,708 INFO:Forward pass for validation completed
2024-11-15 06:24:04,712 INFO:Validating Batch 172
2024-11-15 06:24:15,332 INFO:Forward pass for validation completed
2024-11-15 06:24:15,342 INFO:Validating Batch 173
2024-11-15 06:24:24,873 INFO:Forward pass for validation completed
2024-11-15 06:24:24,878 INFO:Validating Batch 174
2024-11-15 06:24:35,284 INFO:Forward pass for validation completed
2024-11-15 06:24:35,293 INFO:Validating Batch 175
2024-11-15 06:24:44,743 INFO:Forward pass for validation completed
2024-11-15 06:24:44,747 INFO:Validating Batch 176
2024-11-15 06:24:54,943 INFO:Forward pass for validation completed
2024-11-15 06:24:54,951 INFO:Validating Batch 177
2024-11-15 06:25:07,666 INFO:Forward pass for validation completed
2024-11-15 06:25:07,685 INFO:Validating Batch 178
2024-11-15 06:25:18,696 INFO:Forward pass for validation completed
2024-11-15 06:25:18,707 INFO:Validating Batch 179
2024-11-15 06:25:28,742 INFO:Forward pass for validation completed
2024-11-15 06:25:28,748 INFO:Validating Batch 180
2024-11-15 06:25:41,459 INFO:Forward pass for validation completed
2024-11-15 06:25:41,477 INFO:Validating Batch 181
2024-11-15 06:25:51,684 INFO:Forward pass for validation completed
2024-11-15 06:25:51,692 INFO:Validating Batch 182
2024-11-15 06:26:02,813 INFO:Forward pass for validation completed
2024-11-15 06:26:02,825 INFO:Validating Batch 183
2024-11-15 06:26:15,311 INFO:Forward pass for validation completed
2024-11-15 06:26:15,329 INFO:Validating Batch 184
2024-11-15 06:26:24,890 INFO:Forward pass for validation completed
2024-11-15 06:26:24,894 INFO:Validating Batch 185
2024-11-15 06:26:37,067 INFO:Forward pass for validation completed
2024-11-15 06:26:37,084 INFO:Validating Batch 186
2024-11-15 06:26:48,155 INFO:Forward pass for validation completed
2024-11-15 06:26:48,166 INFO:Validating Batch 187
2024-11-15 06:26:59,221 INFO:Forward pass for validation completed
2024-11-15 06:26:59,231 INFO:Validating Batch 188
2024-11-15 06:27:11,194 INFO:Forward pass for validation completed
2024-11-15 06:27:11,209 INFO:Validating Batch 189
2024-11-15 06:27:21,641 INFO:Forward pass for validation completed
2024-11-15 06:27:21,649 INFO:Validating Batch 190
2024-11-15 06:27:31,283 INFO:Forward pass for validation completed
2024-11-15 06:27:31,287 INFO:Validating Batch 191
2024-11-15 06:27:41,592 INFO:Forward pass for validation completed
2024-11-15 06:27:41,599 INFO:Validating Batch 192
2024-11-15 06:27:51,048 INFO:Forward pass for validation completed
2024-11-15 06:27:51,052 INFO:Validating Batch 193
2024-11-15 06:28:02,302 INFO:Forward pass for validation completed
2024-11-15 06:28:02,313 INFO:Validating Batch 194
2024-11-15 06:28:15,113 INFO:Forward pass for validation completed
2024-11-15 06:28:15,131 INFO:Validating Batch 195
2024-11-15 06:28:25,327 INFO:Forward pass for validation completed
2024-11-15 06:28:25,334 INFO:Validating Batch 196
2024-11-15 06:28:38,048 INFO:Forward pass for validation completed
2024-11-15 06:28:38,066 INFO:Validating Batch 197
2024-11-15 06:28:47,501 INFO:Forward pass for validation completed
2024-11-15 06:28:47,505 INFO:Validating Batch 198
2024-11-15 06:28:57,526 INFO:Forward pass for validation completed
2024-11-15 06:28:57,533 INFO:Validating Batch 199
2024-11-15 06:29:08,657 INFO:Forward pass for validation completed
2024-11-15 06:29:08,670 INFO:Validating Batch 200
2024-11-15 06:29:19,041 INFO:Forward pass for validation completed
2024-11-15 06:29:19,050 INFO:Validating Batch 201
2024-11-15 06:29:29,365 INFO:Forward pass for validation completed
2024-11-15 06:29:29,374 INFO:Validating Batch 202
2024-11-15 06:29:39,088 INFO:Forward pass for validation completed
2024-11-15 06:29:39,092 INFO:Validating Batch 203
2024-11-15 06:29:50,285 INFO:Forward pass for validation completed
2024-11-15 06:29:50,297 INFO:Validating Batch 204
2024-11-15 06:29:59,967 INFO:Forward pass for validation completed
2024-11-15 06:29:59,973 INFO:Validating Batch 205
2024-11-15 06:30:10,264 INFO:Forward pass for validation completed
2024-11-15 06:30:10,272 INFO:Validating Batch 206
2024-11-15 06:30:20,038 INFO:Forward pass for validation completed
2024-11-15 06:30:20,043 INFO:Validating Batch 207
2024-11-15 06:30:29,727 INFO:Forward pass for validation completed
2024-11-15 06:30:29,732 INFO:Validating Batch 208
2024-11-15 06:30:40,796 INFO:Forward pass for validation completed
2024-11-15 06:30:40,808 INFO:Validating Batch 209
2024-11-15 06:30:51,122 INFO:Forward pass for validation completed
2024-11-15 06:30:51,131 INFO:Validating Batch 210
2024-11-15 06:31:01,937 INFO:Forward pass for validation completed
2024-11-15 06:31:01,947 INFO:Validating Batch 211
2024-11-15 06:31:12,129 INFO:Forward pass for validation completed
2024-11-15 06:31:12,136 INFO:Validating Batch 212
2024-11-15 06:31:21,711 INFO:Forward pass for validation completed
2024-11-15 06:31:21,716 INFO:Validating Batch 213
2024-11-15 06:31:31,698 INFO:Forward pass for validation completed
2024-11-15 06:31:31,704 INFO:Validating Batch 214
2024-11-15 06:31:41,111 INFO:Forward pass for validation completed
2024-11-15 06:31:41,115 INFO:Validating Batch 215
2024-11-15 06:31:53,942 INFO:Forward pass for validation completed
2024-11-15 06:31:53,961 INFO:Validating Batch 216
2024-11-15 06:32:05,107 INFO:Forward pass for validation completed
2024-11-15 06:32:05,117 INFO:Validating Batch 217
2024-11-15 06:32:16,401 INFO:Forward pass for validation completed
2024-11-15 06:32:16,413 INFO:Validating Batch 218
2024-11-15 06:32:26,211 INFO:Forward pass for validation completed
2024-11-15 06:32:26,217 INFO:Validating Batch 219
2024-11-15 06:32:35,990 INFO:Forward pass for validation completed
2024-11-15 06:32:35,995 INFO:Validating Batch 220
2024-11-15 06:32:45,731 INFO:Forward pass for validation completed
2024-11-15 06:32:45,736 INFO:Validating Batch 221
2024-11-15 06:32:55,893 INFO:Forward pass for validation completed
2024-11-15 06:32:55,900 INFO:Validating Batch 222
2024-11-15 06:33:07,899 INFO:Forward pass for validation completed
2024-11-15 06:33:07,913 INFO:Validating Batch 223
2024-11-15 06:33:20,802 INFO:Forward pass for validation completed
2024-11-15 06:33:20,820 INFO:Validating Batch 224
2024-11-15 06:33:32,281 INFO:Forward pass for validation completed
2024-11-15 06:33:32,293 INFO:Validating Batch 225
2024-11-15 06:33:43,620 INFO:Forward pass for validation completed
2024-11-15 06:33:43,630 INFO:Validating Batch 226
2024-11-15 06:33:53,077 INFO:Forward pass for validation completed
2024-11-15 06:33:53,081 INFO:Validating Batch 227
2024-11-15 06:34:05,903 INFO:Forward pass for validation completed
2024-11-15 06:34:05,922 INFO:Validating Batch 228
2024-11-15 06:34:15,411 INFO:Forward pass for validation completed
2024-11-15 06:34:15,415 INFO:Validating Batch 229
2024-11-15 06:34:24,955 INFO:Forward pass for validation completed
2024-11-15 06:34:24,959 INFO:Validating Batch 230
2024-11-15 06:34:34,973 INFO:Forward pass for validation completed
2024-11-15 06:34:34,979 INFO:Validating Batch 231
2024-11-15 06:34:44,858 INFO:Forward pass for validation completed
2024-11-15 06:34:44,864 INFO:Validating Batch 232
2024-11-15 06:34:55,027 INFO:Forward pass for validation completed
2024-11-15 06:34:55,033 INFO:Validating Batch 233
2024-11-15 06:35:04,823 INFO:Forward pass for validation completed
2024-11-15 06:35:04,828 INFO:Validating Batch 234
2024-11-15 06:35:15,213 INFO:Forward pass for validation completed
2024-11-15 06:35:15,222 INFO:Validating Batch 235
2024-11-15 06:35:25,014 INFO:Forward pass for validation completed
2024-11-15 06:35:25,020 INFO:Validating Batch 236
2024-11-15 06:35:36,831 INFO:Forward pass for validation completed
2024-11-15 06:35:36,845 INFO:Validating Batch 237
2024-11-15 06:35:46,909 INFO:Forward pass for validation completed
2024-11-15 06:35:46,915 INFO:Validating Batch 238
2024-11-15 06:35:56,474 INFO:Forward pass for validation completed
2024-11-15 06:35:56,480 INFO:Validating Batch 239
2024-11-15 06:36:09,349 INFO:Forward pass for validation completed
2024-11-15 06:36:09,368 INFO:Validating Batch 240
2024-11-15 06:36:19,787 INFO:Forward pass for validation completed
2024-11-15 06:36:19,796 INFO:Validating Batch 241
2024-11-15 06:36:32,587 INFO:Forward pass for validation completed
2024-11-15 06:36:32,605 INFO:Validating Batch 242
2024-11-15 06:36:42,308 INFO:Forward pass for validation completed
2024-11-15 06:36:42,313 INFO:Validating Batch 243
2024-11-15 06:36:51,905 INFO:Forward pass for validation completed
2024-11-15 06:36:51,930 INFO:Validating Batch 244
2024-11-15 06:37:04,108 INFO:Forward pass for validation completed
2024-11-15 06:37:04,136 INFO:Validating Batch 245
2024-11-15 06:37:16,901 INFO:Forward pass for validation completed
2024-11-15 06:37:16,907 INFO:Validating Batch 246
2024-11-15 06:37:32,224 INFO:Forward pass for validation completed
2024-11-15 06:37:32,243 INFO:Validating Batch 247
2024-11-15 06:37:44,833 INFO:Forward pass for validation completed
2024-11-15 06:37:44,838 INFO:Validating Batch 248
2024-11-15 06:37:57,709 INFO:Forward pass for validation completed
2024-11-15 06:37:57,715 INFO:Validating Batch 249
2024-11-15 06:38:10,395 INFO:Forward pass for validation completed
2024-11-15 06:38:10,401 INFO:Validating Batch 250
2024-11-15 06:38:25,588 INFO:Forward pass for validation completed
2024-11-15 06:38:25,606 INFO:Validating Batch 251
2024-11-15 06:38:38,582 INFO:Forward pass for validation completed
2024-11-15 06:38:38,590 INFO:Validating Batch 252
2024-11-15 06:38:51,130 INFO:Forward pass for validation completed
2024-11-15 06:38:51,134 INFO:Validating Batch 253
2024-11-15 06:39:04,637 INFO:Forward pass for validation completed
2024-11-15 06:39:04,668 INFO:Validating Batch 254
2024-11-15 06:39:18,512 INFO:Forward pass for validation completed
2024-11-15 06:39:18,523 INFO:Validating Batch 255
2024-11-15 06:39:34,202 INFO:Forward pass for validation completed
2024-11-15 06:39:34,220 INFO:Validating Batch 256
2024-11-15 06:39:46,708 INFO:Forward pass for validation completed
2024-11-15 06:39:46,713 INFO:Validating Batch 257
2024-11-15 06:39:59,167 INFO:Forward pass for validation completed
2024-11-15 06:39:59,172 INFO:Validating Batch 258
2024-11-15 06:40:11,859 INFO:Forward pass for validation completed
2024-11-15 06:40:11,865 INFO:Validating Batch 259
2024-11-15 06:40:24,729 INFO:Forward pass for validation completed
2024-11-15 06:40:24,735 INFO:Validating Batch 260
2024-11-15 06:40:38,794 INFO:Forward pass for validation completed
2024-11-15 06:40:38,807 INFO:Validating Batch 261
2024-11-15 06:40:51,139 INFO:Forward pass for validation completed
2024-11-15 06:40:51,144 INFO:Validating Batch 262
2024-11-15 06:41:06,817 INFO:Forward pass for validation completed
2024-11-15 06:41:06,835 INFO:Validating Batch 263
2024-11-15 06:41:19,309 INFO:Forward pass for validation completed
2024-11-15 06:41:19,314 INFO:Validating Batch 264
2024-11-15 06:41:31,925 INFO:Forward pass for validation completed
2024-11-15 06:41:31,930 INFO:Validating Batch 265
2024-11-15 06:41:46,898 INFO:Forward pass for validation completed
2024-11-15 06:41:46,916 INFO:Validating Batch 266
2024-11-15 06:42:00,987 INFO:Forward pass for validation completed
2024-11-15 06:42:01,001 INFO:Validating Batch 267
2024-11-15 06:42:15,367 INFO:Forward pass for validation completed
2024-11-15 06:42:15,380 INFO:Validating Batch 268
2024-11-15 06:42:28,041 INFO:Forward pass for validation completed
2024-11-15 06:42:28,046 INFO:Validating Batch 269
2024-11-15 06:42:40,538 INFO:Forward pass for validation completed
2024-11-15 06:42:40,543 INFO:Validating Batch 270
2024-11-15 06:42:55,072 INFO:Forward pass for validation completed
2024-11-15 06:42:55,087 INFO:Validating Batch 271
2024-11-15 06:43:07,583 INFO:Forward pass for validation completed
2024-11-15 06:43:07,587 INFO:Validating Batch 272
2024-11-15 06:43:20,294 INFO:Forward pass for validation completed
2024-11-15 06:43:20,300 INFO:Validating Batch 273
2024-11-15 06:43:33,925 INFO:Forward pass for validation completed
2024-11-15 06:43:33,936 INFO:Validating Batch 274
2024-11-15 06:43:48,891 INFO:Forward pass for validation completed
2024-11-15 06:43:48,907 INFO:Validating Batch 275
2024-11-15 06:44:04,555 INFO:Forward pass for validation completed
2024-11-15 06:44:04,574 INFO:Validating Batch 276
2024-11-15 06:44:18,590 INFO:Forward pass for validation completed
2024-11-15 06:44:18,601 INFO:Validating Batch 277
2024-11-15 06:44:31,199 INFO:Forward pass for validation completed
2024-11-15 06:44:31,204 INFO:Validating Batch 278
2024-11-15 06:44:43,969 INFO:Forward pass for validation completed
2024-11-15 06:44:43,976 INFO:Validating Batch 279
2024-11-15 06:44:58,416 INFO:Forward pass for validation completed
2024-11-15 06:44:58,430 INFO:Validating Batch 280
2024-11-15 06:45:11,395 INFO:Forward pass for validation completed
2024-11-15 06:45:11,403 INFO:Validating Batch 281
2024-11-15 06:45:24,780 INFO:Forward pass for validation completed
2024-11-15 06:45:24,791 INFO:Validating Batch 282
2024-11-15 06:45:38,924 INFO:Forward pass for validation completed
2024-11-15 06:45:38,938 INFO:Validating Batch 283
2024-11-15 06:45:51,724 INFO:Forward pass for validation completed
2024-11-15 06:45:51,730 INFO:Validating Batch 284
2024-11-15 06:46:04,810 INFO:Forward pass for validation completed
2024-11-15 06:46:04,817 INFO:Validating Batch 285
2024-11-15 06:46:17,438 INFO:Forward pass for validation completed
2024-11-15 06:46:17,442 INFO:Validation - Average Total Loss: 1118.9126, Average AA Loss: 3.2235, Average KL Loss: 1115.6892
2024-11-15 06:46:17,462 INFO:Model checkpoint saved at ./MAIN_checkpoints/ProAutoMD_epoch_8.pt
2024-11-15 06:46:17,462 INFO:
Starting Epoch 9/10
2024-11-15 06:46:17,466 INFO:Processing Batch 1
2024-11-15 06:46:17,468 INFO:Data moved to device
2024-11-15 06:46:32,034 INFO:Forward pass completed
2024-11-15 06:46:32,036 INFO:aa_pred_valid shape: torch.Size([121000, 26])
2024-11-15 06:46:32,036 INFO:x_valid shape: torch.Size([121000])
2024-11-15 06:46:32,040 INFO:AA Prediction Loss: 3.2202
2024-11-15 06:46:32,040 INFO:Total Loss: 1064.5940
2024-11-15 06:46:45,870 INFO:Backward pass completed
2024-11-15 06:46:45,896 INFO:Gradient clipping applied
2024-11-15 06:46:45,926 INFO:Optimizer step completed
2024-11-15 06:46:45,941 INFO:Processing Batch 2
2024-11-15 06:46:45,944 INFO:Data moved to device
2024-11-15 06:47:01,006 INFO:Forward pass completed
2024-11-15 06:47:01,012 INFO:aa_pred_valid shape: torch.Size([155000, 26])
2024-11-15 06:47:01,013 INFO:x_valid shape: torch.Size([155000])
2024-11-15 06:47:01,019 INFO:AA Prediction Loss: 3.2056
2024-11-15 06:47:01,276 INFO:Total Loss: 960.4185
2024-11-15 06:47:16,420 INFO:Backward pass completed
2024-11-15 06:47:16,451 INFO:Gradient clipping applied
2024-11-15 06:47:16,471 INFO:Optimizer step completed
2024-11-15 06:47:16,497 INFO:Processing Batch 3
2024-11-15 06:47:16,500 INFO:Data moved to device
2024-11-15 06:47:36,732 INFO:Forward pass completed
2024-11-15 06:47:36,747 INFO:aa_pred_valid shape: torch.Size([331000, 26])
2024-11-15 06:47:36,748 INFO:x_valid shape: torch.Size([331000])
2024-11-15 06:47:36,764 INFO:AA Prediction Loss: 3.2308
2024-11-15 06:47:37,049 INFO:Total Loss: 916.8242
2024-11-15 06:48:02,023 INFO:Backward pass completed
2024-11-15 06:48:02,043 INFO:Gradient clipping applied
2024-11-15 06:48:02,061 INFO:Optimizer step completed
2024-11-15 06:48:02,087 INFO:Processing Batch 4
2024-11-15 06:48:02,090 INFO:Data moved to device
2024-11-15 06:48:17,032 INFO:Forward pass completed
2024-11-15 06:48:17,035 INFO:aa_pred_valid shape: torch.Size([122000, 26])
2024-11-15 06:48:17,037 INFO:x_valid shape: torch.Size([122000])
2024-11-15 06:48:17,042 INFO:AA Prediction Loss: 3.2034
2024-11-15 06:48:17,359 INFO:Total Loss: 855.9236
2024-11-15 06:48:31,487 INFO:Backward pass completed
2024-11-15 06:48:31,502 INFO:Gradient clipping applied
2024-11-15 06:48:31,520 INFO:Optimizer step completed
2024-11-15 06:48:31,540 INFO:Processing Batch 5
2024-11-15 06:48:31,542 INFO:Data moved to device
2024-11-15 06:48:56,711 ERROR:Error during forward pass: CUDA out of memory. Tried to allocate 2.00 MiB (GPU 0; 39.50 GiB total capacity; 32.98 GiB already allocated; 1.81 MiB free; 33.10 GiB reserved in total by PyTorch) If reserved memory is >> allocated memory try setting max_split_size_mb to avoid fragmentation.  See documentation for Memory Management and PYTORCH_CUDA_ALLOC_CONF
2024-11-15 06:48:57,124 INFO:Epoch 9 completed - Average Total Loss: 759.5521, Average AA Loss: 2.5720, Average KL Loss: 756.9801
2024-11-15 06:48:57,143 INFO:Validating Batch 1
2024-11-15 06:49:12,043 INFO:Forward pass for validation completed
2024-11-15 06:49:12,428 INFO:Validating Batch 2
2024-11-15 06:49:26,032 INFO:Forward pass for validation completed
2024-11-15 06:49:26,042 INFO:Validating Batch 3
2024-11-15 06:49:39,155 INFO:Forward pass for validation completed
2024-11-15 06:49:39,163 INFO:Validating Batch 4
2024-11-15 06:49:53,613 INFO:Forward pass for validation completed
2024-11-15 06:49:53,626 INFO:Validating Batch 5
2024-11-15 06:50:06,131 INFO:Forward pass for validation completed
2024-11-15 06:50:06,135 INFO:Validating Batch 6
2024-11-15 06:50:20,409 INFO:Forward pass for validation completed
2024-11-15 06:50:20,422 INFO:Validating Batch 7
2024-11-15 06:50:34,469 INFO:Forward pass for validation completed
2024-11-15 06:50:34,482 INFO:Validating Batch 8
2024-11-15 06:50:47,205 INFO:Forward pass for validation completed
2024-11-15 06:50:47,211 INFO:Validating Batch 9
2024-11-15 06:51:02,872 INFO:Forward pass for validation completed
2024-11-15 06:51:02,891 INFO:Validating Batch 10
2024-11-15 06:51:15,296 INFO:Forward pass for validation completed
2024-11-15 06:51:15,300 INFO:Validating Batch 11
2024-11-15 06:51:27,936 INFO:Forward pass for validation completed
2024-11-15 06:51:27,940 INFO:Validating Batch 12
2024-11-15 06:51:41,267 INFO:Forward pass for validation completed
2024-11-15 06:51:41,276 INFO:Validating Batch 13
2024-11-15 06:51:54,793 INFO:Forward pass for validation completed
2024-11-15 06:51:54,803 INFO:Validating Batch 14
2024-11-15 06:52:07,051 INFO:Forward pass for validation completed
2024-11-15 06:52:07,055 INFO:Validating Batch 15
2024-11-15 06:52:20,435 INFO:Forward pass for validation completed
2024-11-15 06:52:20,444 INFO:Validating Batch 16
2024-11-15 06:52:34,656 INFO:Forward pass for validation completed
2024-11-15 06:52:34,668 INFO:Validating Batch 17
2024-11-15 06:52:48,770 INFO:Forward pass for validation completed
2024-11-15 06:52:48,789 INFO:Validating Batch 18
2024-11-15 06:53:01,385 INFO:Forward pass for validation completed
2024-11-15 06:53:01,395 INFO:Validating Batch 19
2024-11-15 06:53:13,819 INFO:Forward pass for validation completed
2024-11-15 06:53:13,824 INFO:Validating Batch 20
2024-11-15 06:53:29,295 INFO:Forward pass for validation completed
2024-11-15 06:53:29,311 INFO:Validating Batch 21
2024-11-15 06:53:42,236 INFO:Forward pass for validation completed
2024-11-15 06:53:42,242 INFO:Validating Batch 22
2024-11-15 06:53:56,416 INFO:Forward pass for validation completed
2024-11-15 06:53:56,428 INFO:Validating Batch 23
2024-11-15 06:54:11,176 INFO:Forward pass for validation completed
2024-11-15 06:54:11,191 INFO:Validating Batch 24
2024-11-15 06:54:24,121 INFO:Forward pass for validation completed
2024-11-15 06:54:24,127 INFO:Validating Batch 25
2024-11-15 06:54:36,826 INFO:Forward pass for validation completed
2024-11-15 06:54:36,831 INFO:Validating Batch 26
2024-11-15 06:54:50,070 INFO:Forward pass for validation completed
2024-11-15 06:54:50,078 INFO:Validating Batch 27
2024-11-15 06:55:03,918 INFO:Forward pass for validation completed
2024-11-15 06:55:03,929 INFO:Validating Batch 28
2024-11-15 06:55:16,507 INFO:Forward pass for validation completed
2024-11-15 06:55:16,512 INFO:Validating Batch 29
2024-11-15 06:55:29,075 INFO:Forward pass for validation completed
2024-11-15 06:55:29,080 INFO:Validating Batch 30
2024-11-15 06:55:44,868 INFO:Forward pass for validation completed
2024-11-15 06:55:44,886 INFO:Validating Batch 31
2024-11-15 06:55:58,239 INFO:Forward pass for validation completed
2024-11-15 06:55:58,264 INFO:Validating Batch 32
2024-11-15 06:56:10,952 INFO:Forward pass for validation completed
2024-11-15 06:56:10,958 INFO:Validating Batch 33
2024-11-15 06:56:23,215 INFO:Forward pass for validation completed
2024-11-15 06:56:23,219 INFO:Validating Batch 34
2024-11-15 06:56:36,607 INFO:Forward pass for validation completed
2024-11-15 06:56:36,616 INFO:Validating Batch 35
2024-11-15 06:56:49,224 INFO:Forward pass for validation completed
2024-11-15 06:56:49,230 INFO:Validating Batch 36
2024-11-15 06:57:03,318 INFO:Forward pass for validation completed
2024-11-15 06:57:03,331 INFO:Validating Batch 37
2024-11-15 06:57:16,968 INFO:Forward pass for validation completed
2024-11-15 06:57:16,979 INFO:Validating Batch 38
2024-11-15 06:57:30,368 INFO:Forward pass for validation completed
2024-11-15 06:57:30,378 INFO:Validating Batch 39
2024-11-15 06:57:43,690 INFO:Forward pass for validation completed
2024-11-15 06:57:43,699 INFO:Validating Batch 40
2024-11-15 06:57:56,433 INFO:Forward pass for validation completed
2024-11-15 06:57:56,439 INFO:Validating Batch 41
2024-11-15 06:58:09,567 INFO:Forward pass for validation completed
2024-11-15 06:58:09,575 INFO:Validating Batch 42
2024-11-15 06:58:25,148 INFO:Forward pass for validation completed
2024-11-15 06:58:25,167 INFO:Validating Batch 43
2024-11-15 06:58:37,772 INFO:Forward pass for validation completed
2024-11-15 06:58:37,777 INFO:Validating Batch 44
2024-11-15 06:58:48,958 INFO:Forward pass for validation completed
2024-11-15 06:58:48,962 INFO:Validating Batch 45
2024-11-15 06:59:03,360 INFO:Forward pass for validation completed
2024-11-15 06:59:03,374 INFO:Validating Batch 46
2024-11-15 06:59:15,885 INFO:Forward pass for validation completed
2024-11-15 06:59:15,890 INFO:Validating Batch 47
2024-11-15 06:59:28,567 INFO:Forward pass for validation completed
2024-11-15 06:59:28,572 INFO:Validating Batch 48
2024-11-15 06:59:41,806 INFO:Forward pass for validation completed
2024-11-15 06:59:41,815 INFO:Validating Batch 49
2024-11-15 06:59:54,804 INFO:Forward pass for validation completed
2024-11-15 06:59:54,811 INFO:Validating Batch 50
2024-11-15 07:00:08,321 INFO:Forward pass for validation completed
2024-11-15 07:00:08,331 INFO:Validating Batch 51
2024-11-15 07:00:22,402 INFO:Forward pass for validation completed
2024-11-15 07:00:22,414 INFO:Validating Batch 52
2024-11-15 07:00:37,966 INFO:Forward pass for validation completed
2024-11-15 07:00:37,984 INFO:Validating Batch 53
2024-11-15 07:00:50,513 INFO:Forward pass for validation completed
2024-11-15 07:00:50,518 INFO:Validating Batch 54
2024-11-15 07:01:02,998 INFO:Forward pass for validation completed
2024-11-15 07:01:03,003 INFO:Validating Batch 55
2024-11-15 07:01:15,513 INFO:Forward pass for validation completed
2024-11-15 07:01:15,518 INFO:Validating Batch 56
2024-11-15 07:01:28,418 INFO:Forward pass for validation completed
2024-11-15 07:01:28,426 INFO:Validating Batch 57
2024-11-15 07:01:42,610 INFO:Forward pass for validation completed
2024-11-15 07:01:42,623 INFO:Validating Batch 58
2024-11-15 07:01:55,839 INFO:Forward pass for validation completed
2024-11-15 07:01:55,847 INFO:Validating Batch 59
2024-11-15 07:02:09,015 INFO:Forward pass for validation completed
2024-11-15 07:02:09,023 INFO:Validating Batch 60
2024-11-15 07:02:24,625 INFO:Forward pass for validation completed
2024-11-15 07:02:24,644 INFO:Validating Batch 61
2024-11-15 07:02:38,699 INFO:Forward pass for validation completed
2024-11-15 07:02:38,712 INFO:Validating Batch 62
2024-11-15 07:02:52,834 INFO:Forward pass for validation completed
2024-11-15 07:02:52,848 INFO:Validating Batch 63
2024-11-15 07:03:05,416 INFO:Forward pass for validation completed
2024-11-15 07:03:05,422 INFO:Validating Batch 64
2024-11-15 07:03:20,353 INFO:Forward pass for validation completed
2024-11-15 07:03:20,370 INFO:Validating Batch 65
2024-11-15 07:03:35,316 INFO:Forward pass for validation completed
2024-11-15 07:03:35,334 INFO:Validating Batch 66
2024-11-15 07:03:49,805 INFO:Forward pass for validation completed
2024-11-15 07:03:49,819 INFO:Validating Batch 67
2024-11-15 07:04:02,306 INFO:Forward pass for validation completed
2024-11-15 07:04:02,310 INFO:Validating Batch 68
2024-11-15 07:04:16,223 INFO:Forward pass for validation completed
2024-11-15 07:04:16,234 INFO:Validating Batch 69
2024-11-15 07:04:29,647 INFO:Forward pass for validation completed
2024-11-15 07:04:29,657 INFO:Validating Batch 70
2024-11-15 07:04:43,869 INFO:Forward pass for validation completed
2024-11-15 07:04:43,882 INFO:Validating Batch 71
2024-11-15 07:04:56,872 INFO:Forward pass for validation completed
2024-11-15 07:04:56,881 INFO:Validating Batch 72
2024-11-15 07:05:11,724 INFO:Forward pass for validation completed
2024-11-15 07:05:11,741 INFO:Validating Batch 73
2024-11-15 07:05:26,498 INFO:Forward pass for validation completed
2024-11-15 07:05:26,532 INFO:Validating Batch 74
2024-11-15 07:05:39,244 INFO:Forward pass for validation completed
2024-11-15 07:05:39,249 INFO:Validating Batch 75
2024-11-15 07:05:52,371 INFO:Forward pass for validation completed
2024-11-15 07:05:52,379 INFO:Validating Batch 76
2024-11-15 07:06:05,563 INFO:Forward pass for validation completed
2024-11-15 07:06:05,572 INFO:Validating Batch 77
2024-11-15 07:06:18,854 INFO:Forward pass for validation completed
2024-11-15 07:06:18,863 INFO:Validating Batch 78
2024-11-15 07:06:31,223 INFO:Forward pass for validation completed
2024-11-15 07:06:31,227 INFO:Validating Batch 79
2024-11-15 07:06:45,045 INFO:Forward pass for validation completed
2024-11-15 07:06:45,056 INFO:Validating Batch 80
2024-11-15 07:06:59,602 INFO:Forward pass for validation completed
2024-11-15 07:06:59,615 INFO:Validating Batch 81
2024-11-15 07:07:14,553 INFO:Forward pass for validation completed
2024-11-15 07:07:14,571 INFO:Validating Batch 82
2024-11-15 07:07:27,795 INFO:Forward pass for validation completed
2024-11-15 07:07:27,805 INFO:Validating Batch 83
2024-11-15 07:07:41,641 INFO:Forward pass for validation completed
2024-11-15 07:07:41,652 INFO:Validating Batch 84
2024-11-15 07:07:55,007 INFO:Forward pass for validation completed
2024-11-15 07:07:55,017 INFO:Validating Batch 85
2024-11-15 07:08:08,118 INFO:Forward pass for validation completed
2024-11-15 07:08:08,127 INFO:Validating Batch 86
2024-11-15 07:08:22,331 INFO:Forward pass for validation completed
2024-11-15 07:08:22,345 INFO:Validating Batch 87
2024-11-15 07:08:35,716 INFO:Forward pass for validation completed
2024-11-15 07:08:35,726 INFO:Validating Batch 88
2024-11-15 07:08:48,345 INFO:Forward pass for validation completed
2024-11-15 07:08:48,350 INFO:Validating Batch 89
2024-11-15 07:09:00,911 INFO:Forward pass for validation completed
2024-11-15 07:09:00,916 INFO:Validating Batch 90
2024-11-15 07:09:13,755 INFO:Forward pass for validation completed
2024-11-15 07:09:13,761 INFO:Validating Batch 91
2024-11-15 07:09:28,190 INFO:Forward pass for validation completed
2024-11-15 07:09:28,203 INFO:Validating Batch 92
2024-11-15 07:09:42,046 INFO:Forward pass for validation completed
2024-11-15 07:09:42,057 INFO:Validating Batch 93
2024-11-15 07:09:56,255 INFO:Forward pass for validation completed
2024-11-15 07:09:56,269 INFO:Validating Batch 94
2024-11-15 07:10:09,681 INFO:Forward pass for validation completed
2024-11-15 07:10:09,701 INFO:Validating Batch 95
2024-11-15 07:10:22,959 INFO:Forward pass for validation completed
2024-11-15 07:10:22,968 INFO:Validating Batch 96
2024-11-15 07:10:35,591 INFO:Forward pass for validation completed
2024-11-15 07:10:35,596 INFO:Validating Batch 97
2024-11-15 07:10:50,393 INFO:Forward pass for validation completed
2024-11-15 07:10:50,410 INFO:Validating Batch 98
2024-11-15 07:11:03,280 INFO:Forward pass for validation completed
2024-11-15 07:11:03,287 INFO:Validating Batch 99
2024-11-15 07:11:17,113 INFO:Forward pass for validation completed
2024-11-15 07:11:17,126 INFO:Validating Batch 100
2024-11-15 07:11:31,302 INFO:Forward pass for validation completed
2024-11-15 07:11:31,314 INFO:Validating Batch 101
2024-11-15 07:11:45,550 INFO:Forward pass for validation completed
2024-11-15 07:11:45,563 INFO:Validating Batch 102
2024-11-15 07:11:58,503 INFO:Forward pass for validation completed
2024-11-15 07:11:58,509 INFO:Validating Batch 103
2024-11-15 07:12:12,538 INFO:Forward pass for validation completed
2024-11-15 07:12:12,551 INFO:Validating Batch 104
2024-11-15 07:12:25,115 INFO:Forward pass for validation completed
2024-11-15 07:12:25,120 INFO:Validating Batch 105
2024-11-15 07:12:38,339 INFO:Forward pass for validation completed
2024-11-15 07:12:38,347 INFO:Validating Batch 106
2024-11-15 07:12:51,884 INFO:Forward pass for validation completed
2024-11-15 07:12:51,895 INFO:Validating Batch 107
2024-11-15 07:13:07,575 INFO:Forward pass for validation completed
2024-11-15 07:13:07,593 INFO:Validating Batch 108
2024-11-15 07:13:21,369 INFO:Forward pass for validation completed
2024-11-15 07:13:21,380 INFO:Validating Batch 109
2024-11-15 07:13:35,455 INFO:Forward pass for validation completed
2024-11-15 07:13:35,469 INFO:Validating Batch 110
2024-11-15 07:13:50,495 INFO:Forward pass for validation completed
2024-11-15 07:13:50,511 INFO:Validating Batch 111
2024-11-15 07:14:03,862 INFO:Forward pass for validation completed
2024-11-15 07:14:03,873 INFO:Validating Batch 112
2024-11-15 07:14:17,183 INFO:Forward pass for validation completed
2024-11-15 07:14:17,193 INFO:Validating Batch 113
2024-11-15 07:14:30,447 INFO:Forward pass for validation completed
2024-11-15 07:14:30,454 INFO:Validating Batch 114
2024-11-15 07:14:45,056 INFO:Forward pass for validation completed
2024-11-15 07:14:45,078 INFO:Validating Batch 115
2024-11-15 07:14:59,626 INFO:Forward pass for validation completed
2024-11-15 07:14:59,641 INFO:Validating Batch 116
2024-11-15 07:15:12,448 INFO:Forward pass for validation completed
2024-11-15 07:15:12,454 INFO:Validating Batch 117
2024-11-15 07:15:25,495 INFO:Forward pass for validation completed
2024-11-15 07:15:25,502 INFO:Validating Batch 118
2024-11-15 07:15:38,575 INFO:Forward pass for validation completed
2024-11-15 07:15:38,583 INFO:Validating Batch 119
2024-11-15 07:15:52,849 INFO:Forward pass for validation completed
2024-11-15 07:15:52,862 INFO:Validating Batch 120
2024-11-15 07:16:08,563 INFO:Forward pass for validation completed
2024-11-15 07:16:08,582 INFO:Validating Batch 121
2024-11-15 07:16:22,990 INFO:Forward pass for validation completed
2024-11-15 07:16:23,006 INFO:Validating Batch 122
2024-11-15 07:16:37,459 INFO:Forward pass for validation completed
2024-11-15 07:16:37,473 INFO:Validating Batch 123
2024-11-15 07:16:51,319 INFO:Forward pass for validation completed
2024-11-15 07:16:51,331 INFO:Validating Batch 124
2024-11-15 07:17:04,342 INFO:Forward pass for validation completed
2024-11-15 07:17:04,349 INFO:Validating Batch 125
2024-11-15 07:17:19,913 INFO:Forward pass for validation completed
2024-11-15 07:17:19,931 INFO:Validating Batch 126
2024-11-15 07:17:34,392 INFO:Forward pass for validation completed
2024-11-15 07:17:34,405 INFO:Validating Batch 127
2024-11-15 07:17:50,090 INFO:Forward pass for validation completed
2024-11-15 07:17:50,109 INFO:Validating Batch 128
2024-11-15 07:18:02,464 INFO:Forward pass for validation completed
2024-11-15 07:18:02,468 INFO:Validating Batch 129
2024-11-15 07:18:17,298 INFO:Forward pass for validation completed
2024-11-15 07:18:17,313 INFO:Validating Batch 130
2024-11-15 07:18:32,970 INFO:Forward pass for validation completed
2024-11-15 07:18:32,989 INFO:Validating Batch 131
2024-11-15 07:18:45,655 INFO:Forward pass for validation completed
2024-11-15 07:18:45,661 INFO:Validating Batch 132
2024-11-15 07:18:58,431 INFO:Forward pass for validation completed
2024-11-15 07:18:58,437 INFO:Validating Batch 133
2024-11-15 07:19:11,803 INFO:Forward pass for validation completed
2024-11-15 07:19:11,813 INFO:Validating Batch 134
2024-11-15 07:19:24,458 INFO:Forward pass for validation completed
2024-11-15 07:19:24,463 INFO:Validating Batch 135
2024-11-15 07:19:38,865 INFO:Forward pass for validation completed
2024-11-15 07:19:38,879 INFO:Validating Batch 136
2024-11-15 07:19:52,170 INFO:Forward pass for validation completed
2024-11-15 07:19:52,179 INFO:Validating Batch 137
2024-11-15 07:20:04,571 INFO:Forward pass for validation completed
2024-11-15 07:20:04,576 INFO:Validating Batch 138
2024-11-15 07:20:17,795 INFO:Forward pass for validation completed
2024-11-15 07:20:17,805 INFO:Validating Batch 139
2024-11-15 07:20:30,882 INFO:Forward pass for validation completed
2024-11-15 07:20:30,890 INFO:Validating Batch 140
2024-11-15 07:20:44,268 INFO:Forward pass for validation completed
2024-11-15 07:20:44,279 INFO:Validating Batch 141
2024-11-15 07:20:59,308 INFO:Forward pass for validation completed
2024-11-15 07:20:59,323 INFO:Validating Batch 142
2024-11-15 07:21:14,281 INFO:Forward pass for validation completed
2024-11-15 07:21:14,299 INFO:Validating Batch 143
2024-11-15 07:21:27,809 INFO:Forward pass for validation completed
2024-11-15 07:21:27,818 INFO:Validating Batch 144
2024-11-15 07:21:41,051 INFO:Forward pass for validation completed
2024-11-15 07:21:41,059 INFO:Validating Batch 145
2024-11-15 07:21:53,820 INFO:Forward pass for validation completed
2024-11-15 07:21:53,826 INFO:Validating Batch 146
2024-11-15 07:22:06,190 INFO:Forward pass for validation completed
2024-11-15 07:22:06,194 INFO:Validating Batch 147
2024-11-15 07:22:18,838 INFO:Forward pass for validation completed
2024-11-15 07:22:18,843 INFO:Validating Batch 148
2024-11-15 07:22:31,467 INFO:Forward pass for validation completed
2024-11-15 07:22:31,472 INFO:Validating Batch 149
2024-11-15 07:22:45,552 INFO:Forward pass for validation completed
2024-11-15 07:22:45,565 INFO:Validating Batch 150
2024-11-15 07:22:59,717 INFO:Forward pass for validation completed
2024-11-15 07:22:59,729 INFO:Validating Batch 151
2024-11-15 07:23:12,425 INFO:Forward pass for validation completed
2024-11-15 07:23:12,430 INFO:Validating Batch 152
2024-11-15 07:23:25,998 INFO:Forward pass for validation completed
2024-11-15 07:23:26,009 INFO:Validating Batch 153
2024-11-15 07:23:39,339 INFO:Forward pass for validation completed
2024-11-15 07:23:39,349 INFO:Validating Batch 154
2024-11-15 07:23:52,295 INFO:Forward pass for validation completed
2024-11-15 07:23:52,302 INFO:Validating Batch 155
2024-11-15 07:24:05,004 INFO:Forward pass for validation completed
2024-11-15 07:24:05,009 INFO:Validating Batch 156
2024-11-15 07:24:18,203 INFO:Forward pass for validation completed
2024-11-15 07:24:18,211 INFO:Validating Batch 157
2024-11-15 07:24:30,935 INFO:Forward pass for validation completed
2024-11-15 07:24:30,941 INFO:Validating Batch 158
2024-11-15 07:24:43,443 INFO:Forward pass for validation completed
2024-11-15 07:24:43,447 INFO:Validating Batch 159
2024-11-15 07:24:58,318 INFO:Forward pass for validation completed
2024-11-15 07:24:58,335 INFO:Validating Batch 160
2024-11-15 07:25:11,826 INFO:Forward pass for validation completed
2024-11-15 07:25:11,836 INFO:Validating Batch 161
2024-11-15 07:25:25,190 INFO:Forward pass for validation completed
2024-11-15 07:25:25,199 INFO:Validating Batch 162
2024-11-15 07:25:38,088 INFO:Forward pass for validation completed
2024-11-15 07:25:38,095 INFO:Validating Batch 163
2024-11-15 07:25:51,000 INFO:Forward pass for validation completed
2024-11-15 07:25:51,007 INFO:Validating Batch 164
2024-11-15 07:26:03,444 INFO:Forward pass for validation completed
2024-11-15 07:26:03,448 INFO:Validating Batch 165
2024-11-15 07:26:16,432 INFO:Forward pass for validation completed
2024-11-15 07:26:16,439 INFO:Validating Batch 166
2024-11-15 07:26:30,577 INFO:Forward pass for validation completed
2024-11-15 07:26:30,590 INFO:Validating Batch 167
2024-11-15 07:26:44,038 INFO:Forward pass for validation completed
2024-11-15 07:26:44,048 INFO:Validating Batch 168
2024-11-15 07:26:56,631 INFO:Forward pass for validation completed
2024-11-15 07:26:56,636 INFO:Validating Batch 169
2024-11-15 07:27:10,648 INFO:Forward pass for validation completed
2024-11-15 07:27:10,659 INFO:Validating Batch 170
2024-11-15 07:27:23,099 INFO:Forward pass for validation completed
2024-11-15 07:27:23,103 INFO:Validating Batch 171
2024-11-15 07:27:35,455 INFO:Forward pass for validation completed
2024-11-15 07:27:35,458 INFO:Validating Batch 172
2024-11-15 07:27:48,972 INFO:Forward pass for validation completed
2024-11-15 07:27:48,983 INFO:Validating Batch 173
2024-11-15 07:28:01,543 INFO:Forward pass for validation completed
2024-11-15 07:28:01,548 INFO:Validating Batch 174
2024-11-15 07:28:14,945 INFO:Forward pass for validation completed
2024-11-15 07:28:14,955 INFO:Validating Batch 175
2024-11-15 07:28:27,413 INFO:Forward pass for validation completed
2024-11-15 07:28:27,417 INFO:Validating Batch 176
2024-11-15 07:28:40,664 INFO:Forward pass for validation completed
2024-11-15 07:28:40,681 INFO:Validating Batch 177
2024-11-15 07:28:56,261 INFO:Forward pass for validation completed
2024-11-15 07:28:56,281 INFO:Validating Batch 178
2024-11-15 07:29:10,251 INFO:Forward pass for validation completed
2024-11-15 07:29:10,264 INFO:Validating Batch 179
2024-11-15 07:29:23,353 INFO:Forward pass for validation completed
2024-11-15 07:29:23,361 INFO:Validating Batch 180
2024-11-15 07:29:38,949 INFO:Forward pass for validation completed
2024-11-15 07:29:38,968 INFO:Validating Batch 181
2024-11-15 07:29:52,186 INFO:Forward pass for validation completed
2024-11-15 07:29:52,195 INFO:Validating Batch 182
2024-11-15 07:30:06,264 INFO:Forward pass for validation completed
2024-11-15 07:30:06,277 INFO:Validating Batch 183
2024-11-15 07:30:21,582 INFO:Forward pass for validation completed
2024-11-15 07:30:21,599 INFO:Validating Batch 184
2024-11-15 07:30:34,151 INFO:Forward pass for validation completed
2024-11-15 07:30:34,155 INFO:Validating Batch 185
2024-11-15 07:30:49,185 INFO:Forward pass for validation completed
2024-11-15 07:30:49,202 INFO:Validating Batch 186
2024-11-15 07:31:03,237 INFO:Forward pass for validation completed
2024-11-15 07:31:03,249 INFO:Validating Batch 187
2024-11-15 07:31:17,240 INFO:Forward pass for validation completed
2024-11-15 07:31:17,252 INFO:Validating Batch 188
2024-11-15 07:31:32,102 INFO:Forward pass for validation completed
2024-11-15 07:31:32,118 INFO:Validating Batch 189
2024-11-15 07:31:45,512 INFO:Forward pass for validation completed
2024-11-15 07:31:45,522 INFO:Validating Batch 190
2024-11-15 07:31:58,216 INFO:Forward pass for validation completed
2024-11-15 07:31:58,221 INFO:Validating Batch 191
2024-11-15 07:32:11,537 INFO:Forward pass for validation completed
2024-11-15 07:32:11,566 INFO:Validating Batch 192
2024-11-15 07:32:24,019 INFO:Forward pass for validation completed
2024-11-15 07:32:24,023 INFO:Validating Batch 193
2024-11-15 07:32:38,170 INFO:Forward pass for validation completed
2024-11-15 07:32:38,183 INFO:Validating Batch 194
2024-11-15 07:32:53,841 INFO:Forward pass for validation completed
2024-11-15 07:32:53,859 INFO:Validating Batch 195
2024-11-15 07:33:07,061 INFO:Forward pass for validation completed
2024-11-15 07:33:07,084 INFO:Validating Batch 196
2024-11-15 07:33:22,671 INFO:Forward pass for validation completed
2024-11-15 07:33:22,690 INFO:Validating Batch 197
2024-11-15 07:33:35,073 INFO:Forward pass for validation completed
2024-11-15 07:33:35,078 INFO:Validating Batch 198
2024-11-15 07:33:48,145 INFO:Forward pass for validation completed
2024-11-15 07:33:48,151 INFO:Validating Batch 199
2024-11-15 07:34:02,217 INFO:Forward pass for validation completed
2024-11-15 07:34:02,230 INFO:Validating Batch 200
2024-11-15 07:34:15,571 INFO:Forward pass for validation completed
2024-11-15 07:34:15,582 INFO:Validating Batch 201
2024-11-15 07:34:28,979 INFO:Forward pass for validation completed
2024-11-15 07:34:28,989 INFO:Validating Batch 202
2024-11-15 07:34:41,665 INFO:Forward pass for validation completed
2024-11-15 07:34:41,670 INFO:Validating Batch 203
2024-11-15 07:34:55,793 INFO:Forward pass for validation completed
2024-11-15 07:34:55,807 INFO:Validating Batch 204
2024-11-15 07:35:08,486 INFO:Forward pass for validation completed
2024-11-15 07:35:08,492 INFO:Validating Batch 205
2024-11-15 07:35:21,777 INFO:Forward pass for validation completed
2024-11-15 07:35:21,786 INFO:Validating Batch 206
2024-11-15 07:35:34,602 INFO:Forward pass for validation completed
2024-11-15 07:35:34,608 INFO:Validating Batch 207
2024-11-15 07:35:47,349 INFO:Forward pass for validation completed
2024-11-15 07:35:47,355 INFO:Validating Batch 208
2024-11-15 07:36:01,376 INFO:Forward pass for validation completed
2024-11-15 07:36:01,388 INFO:Validating Batch 209
2024-11-15 07:36:14,696 INFO:Forward pass for validation completed
2024-11-15 07:36:14,706 INFO:Validating Batch 210
2024-11-15 07:36:28,401 INFO:Forward pass for validation completed
2024-11-15 07:36:28,411 INFO:Validating Batch 211
2024-11-15 07:36:41,614 INFO:Forward pass for validation completed
2024-11-15 07:36:41,622 INFO:Validating Batch 212
2024-11-15 07:36:54,217 INFO:Forward pass for validation completed
2024-11-15 07:36:54,222 INFO:Validating Batch 213
2024-11-15 07:37:07,244 INFO:Forward pass for validation completed
2024-11-15 07:37:07,252 INFO:Validating Batch 214
2024-11-15 07:37:19,641 INFO:Forward pass for validation completed
2024-11-15 07:37:19,646 INFO:Validating Batch 215
2024-11-15 07:37:35,341 INFO:Forward pass for validation completed
2024-11-15 07:37:35,359 INFO:Validating Batch 216
2024-11-15 07:37:49,395 INFO:Forward pass for validation completed
2024-11-15 07:37:49,406 INFO:Validating Batch 217
2024-11-15 07:38:03,622 INFO:Forward pass for validation completed
2024-11-15 07:38:03,635 INFO:Validating Batch 218
2024-11-15 07:38:16,462 INFO:Forward pass for validation completed
2024-11-15 07:38:16,468 INFO:Validating Batch 219
2024-11-15 07:38:29,294 INFO:Forward pass for validation completed
2024-11-15 07:38:29,301 INFO:Validating Batch 220
2024-11-15 07:38:42,116 INFO:Forward pass for validation completed
2024-11-15 07:38:42,126 INFO:Validating Batch 221
2024-11-15 07:38:55,325 INFO:Forward pass for validation completed
2024-11-15 07:38:55,333 INFO:Validating Batch 222
2024-11-15 07:39:10,229 INFO:Forward pass for validation completed
2024-11-15 07:39:10,246 INFO:Validating Batch 223
2024-11-15 07:39:25,958 INFO:Forward pass for validation completed
2024-11-15 07:39:25,976 INFO:Validating Batch 224
2024-11-15 07:39:40,328 INFO:Forward pass for validation completed
2024-11-15 07:39:40,341 INFO:Validating Batch 225
2024-11-15 07:39:54,583 INFO:Forward pass for validation completed
2024-11-15 07:39:54,594 INFO:Validating Batch 226
2024-11-15 07:40:07,050 INFO:Forward pass for validation completed
2024-11-15 07:40:07,054 INFO:Validating Batch 227
2024-11-15 07:40:22,722 INFO:Forward pass for validation completed
2024-11-15 07:40:22,741 INFO:Validating Batch 228
2024-11-15 07:40:35,194 INFO:Forward pass for validation completed
2024-11-15 07:40:35,198 INFO:Validating Batch 229
2024-11-15 07:40:47,797 INFO:Forward pass for validation completed
2024-11-15 07:40:47,801 INFO:Validating Batch 230
2024-11-15 07:41:00,880 INFO:Forward pass for validation completed
2024-11-15 07:41:00,887 INFO:Validating Batch 231
2024-11-15 07:41:13,860 INFO:Forward pass for validation completed
2024-11-15 07:41:13,868 INFO:Validating Batch 232
2024-11-15 07:41:27,163 INFO:Forward pass for validation completed
2024-11-15 07:41:27,171 INFO:Validating Batch 233
2024-11-15 07:41:39,954 INFO:Forward pass for validation completed
2024-11-15 07:41:39,960 INFO:Validating Batch 234
2024-11-15 07:41:53,360 INFO:Forward pass for validation completed
2024-11-15 07:41:53,370 INFO:Validating Batch 235
2024-11-15 07:42:06,245 INFO:Forward pass for validation completed
2024-11-15 07:42:06,252 INFO:Validating Batch 236
2024-11-15 07:42:20,951 INFO:Forward pass for validation completed
2024-11-15 07:42:20,967 INFO:Validating Batch 237
2024-11-15 07:42:34,057 INFO:Forward pass for validation completed
2024-11-15 07:42:34,064 INFO:Validating Batch 238
2024-11-15 07:42:46,677 INFO:Forward pass for validation completed
2024-11-15 07:42:46,682 INFO:Validating Batch 239
2024-11-15 07:43:02,414 INFO:Forward pass for validation completed
2024-11-15 07:43:02,433 INFO:Validating Batch 240
2024-11-15 07:43:15,821 INFO:Forward pass for validation completed
2024-11-15 07:43:15,831 INFO:Validating Batch 241
2024-11-15 07:43:31,488 INFO:Forward pass for validation completed
2024-11-15 07:43:31,507 INFO:Validating Batch 242
2024-11-15 07:43:44,221 INFO:Forward pass for validation completed
2024-11-15 07:43:44,227 INFO:Validating Batch 243
2024-11-15 07:43:56,884 INFO:Forward pass for validation completed
2024-11-15 07:43:56,889 INFO:Validating Batch 244
2024-11-15 07:44:10,286 INFO:Forward pass for validation completed
2024-11-15 07:44:10,297 INFO:Validating Batch 245
2024-11-15 07:44:22,902 INFO:Forward pass for validation completed
2024-11-15 07:44:22,908 INFO:Validating Batch 246
2024-11-15 07:44:38,139 INFO:Forward pass for validation completed
2024-11-15 07:44:38,156 INFO:Validating Batch 247
2024-11-15 07:44:50,735 INFO:Forward pass for validation completed
2024-11-15 07:44:50,740 INFO:Validating Batch 248
2024-11-15 07:45:03,640 INFO:Forward pass for validation completed
2024-11-15 07:45:03,646 INFO:Validating Batch 249
2024-11-15 07:45:16,348 INFO:Forward pass for validation completed
2024-11-15 07:45:16,353 INFO:Validating Batch 250
2024-11-15 07:45:31,568 INFO:Forward pass for validation completed
2024-11-15 07:45:31,586 INFO:Validating Batch 251
2024-11-15 07:45:44,583 INFO:Forward pass for validation completed
2024-11-15 07:45:44,591 INFO:Validating Batch 252
2024-11-15 07:45:57,154 INFO:Forward pass for validation completed
2024-11-15 07:45:57,158 INFO:Validating Batch 253
2024-11-15 07:46:10,693 INFO:Forward pass for validation completed
2024-11-15 07:46:10,704 INFO:Validating Batch 254
2024-11-15 07:46:24,563 INFO:Forward pass for validation completed
2024-11-15 07:46:24,574 INFO:Validating Batch 255
2024-11-15 07:46:40,305 INFO:Forward pass for validation completed
2024-11-15 07:46:40,324 INFO:Validating Batch 256
2024-11-15 07:46:52,817 INFO:Forward pass for validation completed
2024-11-15 07:46:52,822 INFO:Validating Batch 257
2024-11-15 07:47:05,298 INFO:Forward pass for validation completed
2024-11-15 07:47:05,304 INFO:Validating Batch 258
2024-11-15 07:47:17,989 INFO:Forward pass for validation completed
2024-11-15 07:47:17,995 INFO:Validating Batch 259
2024-11-15 07:47:30,870 INFO:Forward pass for validation completed
2024-11-15 07:47:30,876 INFO:Validating Batch 260
2024-11-15 07:47:44,957 INFO:Forward pass for validation completed
2024-11-15 07:47:44,970 INFO:Validating Batch 261
2024-11-15 07:47:57,313 INFO:Forward pass for validation completed
2024-11-15 07:47:57,318 INFO:Validating Batch 262
2024-11-15 07:48:12,995 INFO:Forward pass for validation completed
2024-11-15 07:48:13,013 INFO:Validating Batch 263
2024-11-15 07:48:25,511 INFO:Forward pass for validation completed
2024-11-15 07:48:25,515 INFO:Validating Batch 264
2024-11-15 07:48:38,083 INFO:Forward pass for validation completed
2024-11-15 07:48:38,088 INFO:Validating Batch 265
2024-11-15 07:48:53,156 INFO:Forward pass for validation completed
2024-11-15 07:48:53,174 INFO:Validating Batch 266
2024-11-15 07:49:07,271 INFO:Forward pass for validation completed
2024-11-15 07:49:07,284 INFO:Validating Batch 267
2024-11-15 07:49:21,667 INFO:Forward pass for validation completed
2024-11-15 07:49:21,680 INFO:Validating Batch 268
2024-11-15 07:49:34,378 INFO:Forward pass for validation completed
2024-11-15 07:49:34,383 INFO:Validating Batch 269
2024-11-15 07:49:46,887 INFO:Forward pass for validation completed
2024-11-15 07:49:46,891 INFO:Validating Batch 270
2024-11-15 07:50:01,404 INFO:Forward pass for validation completed
2024-11-15 07:50:01,419 INFO:Validating Batch 271
2024-11-15 07:50:13,928 INFO:Forward pass for validation completed
2024-11-15 07:50:13,933 INFO:Validating Batch 272
2024-11-15 07:50:26,679 INFO:Forward pass for validation completed
2024-11-15 07:50:26,686 INFO:Validating Batch 273
2024-11-15 07:50:40,395 INFO:Forward pass for validation completed
2024-11-15 07:50:40,406 INFO:Validating Batch 274
2024-11-15 07:50:55,398 INFO:Forward pass for validation completed
2024-11-15 07:50:55,414 INFO:Validating Batch 275
2024-11-15 07:51:11,172 INFO:Forward pass for validation completed
2024-11-15 07:51:11,190 INFO:Validating Batch 276
2024-11-15 07:51:25,244 INFO:Forward pass for validation completed
2024-11-15 07:51:25,255 INFO:Validating Batch 277
2024-11-15 07:51:37,894 INFO:Forward pass for validation completed
2024-11-15 07:51:37,900 INFO:Validating Batch 278
2024-11-15 07:51:50,739 INFO:Forward pass for validation completed
2024-11-15 07:51:50,745 INFO:Validating Batch 279
2024-11-15 07:52:05,121 INFO:Forward pass for validation completed
2024-11-15 07:52:05,135 INFO:Validating Batch 280
2024-11-15 07:52:18,128 INFO:Forward pass for validation completed
2024-11-15 07:52:18,136 INFO:Validating Batch 281
2024-11-15 07:52:31,554 INFO:Forward pass for validation completed
2024-11-15 07:52:31,565 INFO:Validating Batch 282
2024-11-15 07:52:45,718 INFO:Forward pass for validation completed
2024-11-15 07:52:45,731 INFO:Validating Batch 283
2024-11-15 07:52:58,550 INFO:Forward pass for validation completed
2024-11-15 07:52:58,556 INFO:Validating Batch 284
2024-11-15 07:53:11,657 INFO:Forward pass for validation completed
2024-11-15 07:53:11,664 INFO:Validating Batch 285
2024-11-15 07:53:24,250 INFO:Forward pass for validation completed
2024-11-15 07:53:24,254 INFO:Validation - Average Total Loss: 868.2519, Average AA Loss: 3.2106, Average KL Loss: 865.0414
2024-11-15 07:53:24,254 INFO:
Starting Epoch 10/10
2024-11-15 07:53:24,256 INFO:Processing Batch 1
2024-11-15 07:53:24,257 INFO:Data moved to device
2024-11-15 07:53:38,715 INFO:Forward pass completed
2024-11-15 07:53:38,717 INFO:aa_pred_valid shape: torch.Size([112000, 26])
2024-11-15 07:53:38,717 INFO:x_valid shape: torch.Size([112000])
2024-11-15 07:53:38,720 INFO:AA Prediction Loss: 3.1885
2024-11-15 07:53:38,720 INFO:Total Loss: 821.5577
2024-11-15 07:53:52,227 INFO:Backward pass completed
2024-11-15 07:53:52,277 INFO:Gradient clipping applied
2024-11-15 07:53:52,302 INFO:Optimizer step completed
2024-11-15 07:53:52,320 INFO:Processing Batch 2
2024-11-15 07:53:52,323 INFO:Data moved to device
2024-11-15 07:54:20,930 ERROR:Error during forward pass: CUDA out of memory. Tried to allocate 2.00 MiB (GPU 0; 39.50 GiB total capacity; 32.88 GiB already allocated; 1.81 MiB free; 33.10 GiB reserved in total by PyTorch) If reserved memory is >> allocated memory try setting max_split_size_mb to avoid fragmentation.  See documentation for Memory Management and PYTORCH_CUDA_ALLOC_CONF
2024-11-15 07:54:21,284 INFO:Epoch 10 completed - Average Total Loss: 410.7789, Average AA Loss: 1.5943, Average KL Loss: 409.1846
2024-11-15 07:54:21,292 INFO:Validating Batch 1
2024-11-15 07:54:35,525 INFO:Forward pass for validation completed
2024-11-15 07:54:35,814 INFO:Validating Batch 2
2024-11-15 07:54:49,646 INFO:Forward pass for validation completed
2024-11-15 07:54:49,657 INFO:Validating Batch 3
2024-11-15 07:55:02,928 INFO:Forward pass for validation completed
2024-11-15 07:55:02,936 INFO:Validating Batch 4
2024-11-15 07:55:17,510 INFO:Forward pass for validation completed
2024-11-15 07:55:17,523 INFO:Validating Batch 5
2024-11-15 07:55:30,133 INFO:Forward pass for validation completed
2024-11-15 07:55:30,138 INFO:Validating Batch 6
2024-11-15 07:55:44,540 INFO:Forward pass for validation completed
2024-11-15 07:55:44,553 INFO:Validating Batch 7
2024-11-15 07:55:58,736 INFO:Forward pass for validation completed
2024-11-15 07:55:58,748 INFO:Validating Batch 8
2024-11-15 07:56:11,618 INFO:Forward pass for validation completed
2024-11-15 07:56:11,624 INFO:Validating Batch 9
2024-11-15 07:56:27,400 INFO:Forward pass for validation completed
2024-11-15 07:56:27,418 INFO:Validating Batch 10
2024-11-15 07:56:39,934 INFO:Forward pass for validation completed
2024-11-15 07:56:39,938 INFO:Validating Batch 11
2024-11-15 07:56:52,661 INFO:Forward pass for validation completed
2024-11-15 07:56:52,666 INFO:Validating Batch 12
2024-11-15 07:57:06,142 INFO:Forward pass for validation completed
2024-11-15 07:57:06,152 INFO:Validating Batch 13
2024-11-15 07:57:19,797 INFO:Forward pass for validation completed
2024-11-15 07:57:19,808 INFO:Validating Batch 14
2024-11-15 07:57:32,169 INFO:Forward pass for validation completed
2024-11-15 07:57:32,172 INFO:Validating Batch 15
2024-11-15 07:57:45,694 INFO:Forward pass for validation completed
2024-11-15 07:57:45,704 INFO:Validating Batch 16
2024-11-15 07:58:00,137 INFO:Forward pass for validation completed
2024-11-15 07:58:00,150 INFO:Validating Batch 17
2024-11-15 07:58:14,403 INFO:Forward pass for validation completed
2024-11-15 07:58:14,415 INFO:Validating Batch 18
2024-11-15 07:58:27,907 INFO:Forward pass for validation completed
2024-11-15 07:58:27,917 INFO:Validating Batch 19
2024-11-15 07:58:40,470 INFO:Forward pass for validation completed
2024-11-15 07:58:40,475 INFO:Validating Batch 20
2024-11-15 07:58:56,074 INFO:Forward pass for validation completed
2024-11-15 07:58:56,091 INFO:Validating Batch 21
2024-11-15 07:59:09,182 INFO:Forward pass for validation completed
2024-11-15 07:59:09,189 INFO:Validating Batch 22
2024-11-15 07:59:23,507 INFO:Forward pass for validation completed
2024-11-15 07:59:23,519 INFO:Validating Batch 23
2024-11-15 07:59:38,419 INFO:Forward pass for validation completed
2024-11-15 07:59:38,434 INFO:Validating Batch 24
2024-11-15 07:59:51,535 INFO:Forward pass for validation completed
2024-11-15 07:59:51,542 INFO:Validating Batch 25
2024-11-15 08:00:04,383 INFO:Forward pass for validation completed
2024-11-15 08:00:04,389 INFO:Validating Batch 26
2024-11-15 08:00:17,787 INFO:Forward pass for validation completed
2024-11-15 08:00:17,795 INFO:Validating Batch 27
2024-11-15 08:00:31,763 INFO:Forward pass for validation completed
2024-11-15 08:00:31,774 INFO:Validating Batch 28
2024-11-15 08:00:44,494 INFO:Forward pass for validation completed
2024-11-15 08:00:44,499 INFO:Validating Batch 29
2024-11-15 08:00:57,194 INFO:Forward pass for validation completed
2024-11-15 08:00:57,199 INFO:Validating Batch 30
2024-11-15 08:01:13,141 INFO:Forward pass for validation completed
2024-11-15 08:01:13,160 INFO:Validating Batch 31
2024-11-15 08:01:26,719 INFO:Forward pass for validation completed
2024-11-15 08:01:26,728 INFO:Validating Batch 32
2024-11-15 08:01:39,532 INFO:Forward pass for validation completed
2024-11-15 08:01:39,537 INFO:Validating Batch 33
2024-11-15 08:01:51,920 INFO:Forward pass for validation completed
2024-11-15 08:01:51,924 INFO:Validating Batch 34
2024-11-15 08:02:05,457 INFO:Forward pass for validation completed
2024-11-15 08:02:05,466 INFO:Validating Batch 35
2024-11-15 08:02:18,178 INFO:Forward pass for validation completed
2024-11-15 08:02:18,184 INFO:Validating Batch 36
2024-11-15 08:02:32,405 INFO:Forward pass for validation completed
2024-11-15 08:02:32,418 INFO:Validating Batch 37
2024-11-15 08:02:46,205 INFO:Forward pass for validation completed
2024-11-15 08:02:46,234 INFO:Validating Batch 38
2024-11-15 08:02:59,783 INFO:Forward pass for validation completed
2024-11-15 08:02:59,793 INFO:Validating Batch 39
2024-11-15 08:03:13,247 INFO:Forward pass for validation completed
2024-11-15 08:03:13,256 INFO:Validating Batch 40
2024-11-15 08:03:26,135 INFO:Forward pass for validation completed
2024-11-15 08:03:26,142 INFO:Validating Batch 41
2024-11-15 08:03:39,405 INFO:Forward pass for validation completed
2024-11-15 08:03:39,413 INFO:Validating Batch 42
2024-11-15 08:03:55,137 INFO:Forward pass for validation completed
2024-11-15 08:03:55,156 INFO:Validating Batch 43
2024-11-15 08:04:07,862 INFO:Forward pass for validation completed
2024-11-15 08:04:07,867 INFO:Validating Batch 44
2024-11-15 08:04:20,356 INFO:Forward pass for validation completed
2024-11-15 08:04:20,359 INFO:Validating Batch 45
2024-11-15 08:04:34,965 INFO:Forward pass for validation completed
2024-11-15 08:04:34,979 INFO:Validating Batch 46
2024-11-15 08:04:47,588 INFO:Forward pass for validation completed
2024-11-15 08:04:47,592 INFO:Validating Batch 47
2024-11-15 08:05:00,367 INFO:Forward pass for validation completed
2024-11-15 08:05:00,372 INFO:Validating Batch 48
2024-11-15 08:05:13,792 INFO:Forward pass for validation completed
2024-11-15 08:05:13,801 INFO:Validating Batch 49
2024-11-15 08:05:26,887 INFO:Forward pass for validation completed
2024-11-15 08:05:26,894 INFO:Validating Batch 50
2024-11-15 08:05:40,522 INFO:Forward pass for validation completed
2024-11-15 08:05:40,533 INFO:Validating Batch 51
2024-11-15 08:05:54,728 INFO:Forward pass for validation completed
2024-11-15 08:05:54,739 INFO:Validating Batch 52
2024-11-15 08:06:10,425 INFO:Forward pass for validation completed
2024-11-15 08:06:10,463 INFO:Validating Batch 53
2024-11-15 08:06:23,115 INFO:Forward pass for validation completed
2024-11-15 08:06:23,137 INFO:Validating Batch 54
2024-11-15 08:06:35,743 INFO:Forward pass for validation completed
2024-11-15 08:06:35,765 INFO:Validating Batch 55
2024-11-15 08:06:48,385 INFO:Forward pass for validation completed
2024-11-15 08:06:48,390 INFO:Validating Batch 56
2024-11-15 08:07:01,423 INFO:Forward pass for validation completed
2024-11-15 08:07:01,430 INFO:Validating Batch 57
2024-11-15 08:07:15,736 INFO:Forward pass for validation completed
2024-11-15 08:07:15,749 INFO:Validating Batch 58
2024-11-15 08:07:29,087 INFO:Forward pass for validation completed
2024-11-15 08:07:29,095 INFO:Validating Batch 59
2024-11-15 08:07:42,380 INFO:Forward pass for validation completed
2024-11-15 08:07:42,387 INFO:Validating Batch 60
2024-11-15 08:07:58,128 INFO:Forward pass for validation completed
2024-11-15 08:07:58,148 INFO:Validating Batch 61
2024-11-15 08:08:12,354 INFO:Forward pass for validation completed
2024-11-15 08:08:12,366 INFO:Validating Batch 62
2024-11-15 08:08:26,621 INFO:Forward pass for validation completed
2024-11-15 08:08:26,634 INFO:Validating Batch 63
2024-11-15 08:08:39,316 INFO:Forward pass for validation completed
2024-11-15 08:08:39,321 INFO:Validating Batch 64
2024-11-15 08:08:54,404 INFO:Forward pass for validation completed
2024-11-15 08:08:54,421 INFO:Validating Batch 65
2024-11-15 08:09:09,506 INFO:Forward pass for validation completed
2024-11-15 08:09:09,524 INFO:Validating Batch 66
2024-11-15 08:09:24,121 INFO:Forward pass for validation completed
2024-11-15 08:09:24,136 INFO:Validating Batch 67
2024-11-15 08:09:36,750 INFO:Forward pass for validation completed
2024-11-15 08:09:36,754 INFO:Validating Batch 68
2024-11-15 08:09:50,809 INFO:Forward pass for validation completed
2024-11-15 08:09:50,820 INFO:Validating Batch 69
2024-11-15 08:10:04,366 INFO:Forward pass for validation completed
2024-11-15 08:10:04,376 INFO:Validating Batch 70
2024-11-15 08:10:18,707 INFO:Forward pass for validation completed
2024-11-15 08:10:18,720 INFO:Validating Batch 71
2024-11-15 08:10:31,851 INFO:Forward pass for validation completed
2024-11-15 08:10:31,859 INFO:Validating Batch 72
2024-11-15 08:10:46,829 INFO:Forward pass for validation completed
2024-11-15 08:10:46,849 INFO:Validating Batch 73
2024-11-15 08:11:01,753 INFO:Forward pass for validation completed
2024-11-15 08:11:01,769 INFO:Validating Batch 74
2024-11-15 08:11:14,621 INFO:Forward pass for validation completed
2024-11-15 08:11:14,627 INFO:Validating Batch 75
2024-11-15 08:11:27,793 INFO:Forward pass for validation completed
2024-11-15 08:11:27,801 INFO:Validating Batch 76
2024-11-15 08:11:41,127 INFO:Forward pass for validation completed
2024-11-15 08:11:41,135 INFO:Validating Batch 77
2024-11-15 08:11:54,566 INFO:Forward pass for validation completed
2024-11-15 08:11:54,575 INFO:Validating Batch 78
2024-11-15 08:12:07,034 INFO:Forward pass for validation completed
2024-11-15 08:12:07,038 INFO:Validating Batch 79
2024-11-15 08:12:20,986 INFO:Forward pass for validation completed
2024-11-15 08:12:20,997 INFO:Validating Batch 80
2024-11-15 08:12:35,765 INFO:Forward pass for validation completed
2024-11-15 08:12:35,779 INFO:Validating Batch 81
2024-11-15 08:12:50,852 INFO:Forward pass for validation completed
2024-11-15 08:12:50,870 INFO:Validating Batch 82
2024-11-15 08:13:04,267 INFO:Forward pass for validation completed
2024-11-15 08:13:04,277 INFO:Validating Batch 83
2024-11-15 08:13:18,260 INFO:Forward pass for validation completed
2024-11-15 08:13:18,271 INFO:Validating Batch 84
2024-11-15 08:13:31,777 INFO:Forward pass for validation completed
2024-11-15 08:13:31,788 INFO:Validating Batch 85
2024-11-15 08:13:45,027 INFO:Forward pass for validation completed
2024-11-15 08:13:45,034 INFO:Validating Batch 86
2024-11-15 08:13:59,385 INFO:Forward pass for validation completed
2024-11-15 08:13:59,399 INFO:Validating Batch 87
2024-11-15 08:14:12,916 INFO:Forward pass for validation completed
2024-11-15 08:14:12,924 INFO:Validating Batch 88
2024-11-15 08:14:25,620 INFO:Forward pass for validation completed
2024-11-15 08:14:25,625 INFO:Validating Batch 89
2024-11-15 08:14:38,274 INFO:Forward pass for validation completed
2024-11-15 08:14:38,279 INFO:Validating Batch 90
2024-11-15 08:14:51,200 INFO:Forward pass for validation completed
2024-11-15 08:14:51,206 INFO:Validating Batch 91
2024-11-15 08:15:05,766 INFO:Forward pass for validation completed
2024-11-15 08:15:05,779 INFO:Validating Batch 92
2024-11-15 08:15:19,733 INFO:Forward pass for validation completed
2024-11-15 08:15:19,745 INFO:Validating Batch 93
2024-11-15 08:15:34,073 INFO:Forward pass for validation completed
2024-11-15 08:15:34,086 INFO:Validating Batch 94
2024-11-15 08:15:47,614 INFO:Forward pass for validation completed
2024-11-15 08:15:47,625 INFO:Validating Batch 95
2024-11-15 08:16:01,003 INFO:Forward pass for validation completed
2024-11-15 08:16:01,011 INFO:Validating Batch 96
2024-11-15 08:16:13,765 INFO:Forward pass for validation completed
2024-11-15 08:16:13,771 INFO:Validating Batch 97
2024-11-15 08:16:28,762 INFO:Forward pass for validation completed
2024-11-15 08:16:28,778 INFO:Validating Batch 98
2024-11-15 08:16:41,834 INFO:Forward pass for validation completed
2024-11-15 08:16:41,840 INFO:Validating Batch 99
2024-11-15 08:16:55,833 INFO:Forward pass for validation completed
2024-11-15 08:16:55,844 INFO:Validating Batch 100
2024-11-15 08:17:10,183 INFO:Forward pass for validation completed
2024-11-15 08:17:10,195 INFO:Validating Batch 101
2024-11-15 08:17:24,589 INFO:Forward pass for validation completed
2024-11-15 08:17:24,603 INFO:Validating Batch 102
2024-11-15 08:17:37,694 INFO:Forward pass for validation completed
2024-11-15 08:17:37,700 INFO:Validating Batch 103
2024-11-15 08:17:51,884 INFO:Forward pass for validation completed
2024-11-15 08:17:51,897 INFO:Validating Batch 104
2024-11-15 08:18:04,589 INFO:Forward pass for validation completed
2024-11-15 08:18:04,594 INFO:Validating Batch 105
2024-11-15 08:18:17,946 INFO:Forward pass for validation completed
2024-11-15 08:18:17,954 INFO:Validating Batch 106
2024-11-15 08:18:31,541 INFO:Forward pass for validation completed
2024-11-15 08:18:31,552 INFO:Validating Batch 107
2024-11-15 08:18:47,357 INFO:Forward pass for validation completed
2024-11-15 08:18:47,375 INFO:Validating Batch 108
2024-11-15 08:19:01,296 INFO:Forward pass for validation completed
2024-11-15 08:19:01,308 INFO:Validating Batch 109
2024-11-15 08:19:15,528 INFO:Forward pass for validation completed
2024-11-15 08:19:15,540 INFO:Validating Batch 110
2024-11-15 08:19:30,702 INFO:Forward pass for validation completed
2024-11-15 08:19:30,719 INFO:Validating Batch 111
2024-11-15 08:19:44,283 INFO:Forward pass for validation completed
2024-11-15 08:19:44,293 INFO:Validating Batch 112
2024-11-15 08:19:57,752 INFO:Forward pass for validation completed
2024-11-15 08:19:57,762 INFO:Validating Batch 113
2024-11-15 08:20:11,169 INFO:Forward pass for validation completed
2024-11-15 08:20:11,177 INFO:Validating Batch 114
2024-11-15 08:20:25,877 INFO:Forward pass for validation completed
2024-11-15 08:20:25,892 INFO:Validating Batch 115
2024-11-15 08:20:40,561 INFO:Forward pass for validation completed
2024-11-15 08:20:40,576 INFO:Validating Batch 116
2024-11-15 08:20:53,506 INFO:Forward pass for validation completed
2024-11-15 08:20:53,513 INFO:Validating Batch 117
2024-11-15 08:21:06,690 INFO:Forward pass for validation completed
2024-11-15 08:21:06,697 INFO:Validating Batch 118
2024-11-15 08:21:19,910 INFO:Forward pass for validation completed
2024-11-15 08:21:19,917 INFO:Validating Batch 119
2024-11-15 08:21:34,319 INFO:Forward pass for validation completed
2024-11-15 08:21:34,332 INFO:Validating Batch 120
2024-11-15 08:21:50,178 INFO:Forward pass for validation completed
2024-11-15 08:21:50,197 INFO:Validating Batch 121
2024-11-15 08:22:04,760 INFO:Forward pass for validation completed
2024-11-15 08:22:04,774 INFO:Validating Batch 122
2024-11-15 08:22:19,376 INFO:Forward pass for validation completed
2024-11-15 08:22:19,389 INFO:Validating Batch 123
2024-11-15 08:22:33,384 INFO:Forward pass for validation completed
2024-11-15 08:22:33,396 INFO:Validating Batch 124
2024-11-15 08:22:46,543 INFO:Forward pass for validation completed
2024-11-15 08:22:46,550 INFO:Validating Batch 125
2024-11-15 08:23:02,279 INFO:Forward pass for validation completed
2024-11-15 08:23:02,298 INFO:Validating Batch 126
2024-11-15 08:23:16,903 INFO:Forward pass for validation completed
2024-11-15 08:23:16,917 INFO:Validating Batch 127
2024-11-15 08:23:32,747 INFO:Forward pass for validation completed
2024-11-15 08:23:32,766 INFO:Validating Batch 128
2024-11-15 08:23:45,237 INFO:Forward pass for validation completed
2024-11-15 08:23:45,242 INFO:Validating Batch 129
2024-11-15 08:24:00,230 INFO:Forward pass for validation completed
2024-11-15 08:24:00,245 INFO:Validating Batch 130
2024-11-15 08:24:16,055 INFO:Forward pass for validation completed
2024-11-15 08:24:16,073 INFO:Validating Batch 131
2024-11-15 08:24:28,855 INFO:Forward pass for validation completed
2024-11-15 08:24:28,861 INFO:Validating Batch 132
2024-11-15 08:24:41,769 INFO:Forward pass for validation completed
2024-11-15 08:24:41,783 INFO:Validating Batch 133
2024-11-15 08:24:55,282 INFO:Forward pass for validation completed
2024-11-15 08:24:55,292 INFO:Validating Batch 134
2024-11-15 08:25:08,067 INFO:Forward pass for validation completed
2024-11-15 08:25:08,072 INFO:Validating Batch 135
2024-11-15 08:25:22,583 INFO:Forward pass for validation completed
2024-11-15 08:25:22,596 INFO:Validating Batch 136
2024-11-15 08:25:36,029 INFO:Forward pass for validation completed
2024-11-15 08:25:36,038 INFO:Validating Batch 137
2024-11-15 08:25:48,517 INFO:Forward pass for validation completed
2024-11-15 08:25:48,521 INFO:Validating Batch 138
2024-11-15 08:26:01,870 INFO:Forward pass for validation completed
2024-11-15 08:26:01,879 INFO:Validating Batch 139
2024-11-15 08:26:14,999 INFO:Forward pass for validation completed
2024-11-15 08:26:15,007 INFO:Validating Batch 140
2024-11-15 08:26:28,505 INFO:Forward pass for validation completed
2024-11-15 08:26:28,516 INFO:Validating Batch 141
2024-11-15 08:26:43,668 INFO:Forward pass for validation completed
2024-11-15 08:26:43,685 INFO:Validating Batch 142
2024-11-15 08:26:58,827 INFO:Forward pass for validation completed
2024-11-15 08:26:58,844 INFO:Validating Batch 143
2024-11-15 08:27:12,486 INFO:Forward pass for validation completed
2024-11-15 08:27:12,495 INFO:Validating Batch 144
2024-11-15 08:27:25,863 INFO:Forward pass for validation completed
2024-11-15 08:27:25,873 INFO:Validating Batch 145
2024-11-15 08:27:38,776 INFO:Forward pass for validation completed
2024-11-15 08:27:38,782 INFO:Validating Batch 146
2024-11-15 08:27:51,262 INFO:Forward pass for validation completed
2024-11-15 08:27:51,266 INFO:Validating Batch 147
2024-11-15 08:28:04,035 INFO:Forward pass for validation completed
2024-11-15 08:28:04,039 INFO:Validating Batch 148
2024-11-15 08:28:16,789 INFO:Forward pass for validation completed
2024-11-15 08:28:16,794 INFO:Validating Batch 149
2024-11-15 08:28:29,521 INFO:Forward pass for validation completed
2024-11-15 08:28:29,552 INFO:Validating Batch 150
2024-11-15 08:28:40,881 INFO:Forward pass for validation completed
2024-11-15 08:28:40,911 INFO:Validating Batch 151
2024-11-15 08:28:50,653 INFO:Forward pass for validation completed
2024-11-15 08:28:50,676 INFO:Validating Batch 152
2024-11-15 08:29:01,430 INFO:Forward pass for validation completed
2024-11-15 08:29:01,439 INFO:Validating Batch 153
2024-11-15 08:29:11,873 INFO:Forward pass for validation completed
2024-11-15 08:29:11,881 INFO:Validating Batch 154
2024-11-15 08:29:21,856 INFO:Forward pass for validation completed
2024-11-15 08:29:21,862 INFO:Validating Batch 155
2024-11-15 08:29:31,585 INFO:Forward pass for validation completed
2024-11-15 08:29:31,590 INFO:Validating Batch 156
2024-11-15 08:29:41,819 INFO:Forward pass for validation completed
2024-11-15 08:29:41,825 INFO:Validating Batch 157
2024-11-15 08:29:51,617 INFO:Forward pass for validation completed
2024-11-15 08:29:51,622 INFO:Validating Batch 158
2024-11-15 08:30:01,207 INFO:Forward pass for validation completed
2024-11-15 08:30:01,211 INFO:Validating Batch 159
2024-11-15 08:30:13,328 INFO:Forward pass for validation completed
2024-11-15 08:30:13,344 INFO:Validating Batch 160
2024-11-15 08:30:24,004 INFO:Forward pass for validation completed
2024-11-15 08:30:24,014 INFO:Validating Batch 161
2024-11-15 08:30:34,488 INFO:Forward pass for validation completed
2024-11-15 08:30:34,496 INFO:Validating Batch 162
2024-11-15 08:30:44,457 INFO:Forward pass for validation completed
2024-11-15 08:30:44,462 INFO:Validating Batch 163
2024-11-15 08:30:54,431 INFO:Forward pass for validation completed
2024-11-15 08:30:54,437 INFO:Validating Batch 164
2024-11-15 08:31:03,995 INFO:Forward pass for validation completed
2024-11-15 08:31:03,999 INFO:Validating Batch 165
2024-11-15 08:31:14,065 INFO:Forward pass for validation completed
2024-11-15 08:31:14,071 INFO:Validating Batch 166
2024-11-15 08:31:25,394 INFO:Forward pass for validation completed
2024-11-15 08:31:25,406 INFO:Validating Batch 167
2024-11-15 08:31:36,067 INFO:Forward pass for validation completed
2024-11-15 08:31:36,075 INFO:Validating Batch 168
2024-11-15 08:31:45,773 INFO:Forward pass for validation completed
2024-11-15 08:31:45,777 INFO:Validating Batch 169
2024-11-15 08:31:57,011 INFO:Forward pass for validation completed
2024-11-15 08:31:57,021 INFO:Validating Batch 170
2024-11-15 08:32:06,555 INFO:Forward pass for validation completed
2024-11-15 08:32:06,559 INFO:Validating Batch 171
2024-11-15 08:32:16,052 INFO:Forward pass for validation completed
2024-11-15 08:32:16,056 INFO:Validating Batch 172
2024-11-15 08:32:26,760 INFO:Forward pass for validation completed
2024-11-15 08:32:26,769 INFO:Validating Batch 173
2024-11-15 08:32:36,438 INFO:Forward pass for validation completed
2024-11-15 08:32:36,442 INFO:Validating Batch 174
2024-11-15 08:32:47,058 INFO:Forward pass for validation completed
2024-11-15 08:32:47,067 INFO:Validating Batch 175
2024-11-15 08:32:56,650 INFO:Forward pass for validation completed
2024-11-15 08:32:56,654 INFO:Validating Batch 176
2024-11-15 08:33:06,995 INFO:Forward pass for validation completed
2024-11-15 08:33:07,002 INFO:Validating Batch 177
2024-11-15 08:33:19,843 INFO:Forward pass for validation completed
2024-11-15 08:33:19,860 INFO:Validating Batch 178
2024-11-15 08:33:31,003 INFO:Forward pass for validation completed
2024-11-15 08:33:31,014 INFO:Validating Batch 179
2024-11-15 08:33:41,193 INFO:Forward pass for validation completed
2024-11-15 08:33:41,200 INFO:Validating Batch 180
2024-11-15 08:33:54,045 INFO:Forward pass for validation completed
2024-11-15 08:33:54,064 INFO:Validating Batch 181
2024-11-15 08:34:04,417 INFO:Forward pass for validation completed
2024-11-15 08:34:04,423 INFO:Validating Batch 182
2024-11-15 08:34:15,662 INFO:Forward pass for validation completed
2024-11-15 08:34:15,673 INFO:Validating Batch 183
2024-11-15 08:34:28,294 INFO:Forward pass for validation completed
2024-11-15 08:34:28,312 INFO:Validating Batch 184
2024-11-15 08:34:38,009 INFO:Forward pass for validation completed
2024-11-15 08:34:38,013 INFO:Validating Batch 185
2024-11-15 08:34:50,316 INFO:Forward pass for validation completed
2024-11-15 08:34:50,333 INFO:Validating Batch 186
2024-11-15 08:35:01,545 INFO:Forward pass for validation completed
2024-11-15 08:35:01,556 INFO:Validating Batch 187
2024-11-15 08:35:12,735 INFO:Forward pass for validation completed
2024-11-15 08:35:12,745 INFO:Validating Batch 188
2024-11-15 08:35:24,845 INFO:Forward pass for validation completed
2024-11-15 08:35:24,860 INFO:Validating Batch 189
2024-11-15 08:35:35,443 INFO:Forward pass for validation completed
2024-11-15 08:35:35,451 INFO:Validating Batch 190
2024-11-15 08:35:45,228 INFO:Forward pass for validation completed
2024-11-15 08:35:45,232 INFO:Validating Batch 191
2024-11-15 08:35:55,711 INFO:Forward pass for validation completed
2024-11-15 08:35:55,719 INFO:Validating Batch 192
2024-11-15 08:36:05,310 INFO:Forward pass for validation completed
2024-11-15 08:36:05,313 INFO:Validating Batch 193
2024-11-15 08:36:16,691 INFO:Forward pass for validation completed
2024-11-15 08:36:16,702 INFO:Validating Batch 194
2024-11-15 08:36:29,629 INFO:Forward pass for validation completed
2024-11-15 08:36:29,647 INFO:Validating Batch 195
2024-11-15 08:36:39,982 INFO:Forward pass for validation completed
2024-11-15 08:36:39,990 INFO:Validating Batch 196
2024-11-15 08:36:52,828 INFO:Forward pass for validation completed
2024-11-15 08:36:52,846 INFO:Validating Batch 197
2024-11-15 08:37:02,403 INFO:Forward pass for validation completed
2024-11-15 08:37:02,407 INFO:Validating Batch 198
2024-11-15 08:37:12,561 INFO:Forward pass for validation completed
2024-11-15 08:37:12,567 INFO:Validating Batch 199
2024-11-15 08:37:23,819 INFO:Forward pass for validation completed
2024-11-15 08:37:23,831 INFO:Validating Batch 200
2024-11-15 08:37:34,342 INFO:Forward pass for validation completed
2024-11-15 08:37:34,351 INFO:Validating Batch 201
2024-11-15 08:37:44,794 INFO:Forward pass for validation completed
2024-11-15 08:37:44,803 INFO:Validating Batch 202
2024-11-15 08:37:54,548 INFO:Forward pass for validation completed
2024-11-15 08:37:54,552 INFO:Validating Batch 203
2024-11-15 08:38:05,884 INFO:Forward pass for validation completed
2024-11-15 08:38:05,896 INFO:Validating Batch 204
2024-11-15 08:38:15,711 INFO:Forward pass for validation completed
2024-11-15 08:38:15,716 INFO:Validating Batch 205
2024-11-15 08:38:26,144 INFO:Forward pass for validation completed
2024-11-15 08:38:26,152 INFO:Validating Batch 206
2024-11-15 08:38:36,138 INFO:Forward pass for validation completed
2024-11-15 08:38:36,143 INFO:Validating Batch 207
2024-11-15 08:38:45,981 INFO:Forward pass for validation completed
2024-11-15 08:38:45,986 INFO:Validating Batch 208
2024-11-15 08:38:57,186 INFO:Forward pass for validation completed
2024-11-15 08:38:57,196 INFO:Validating Batch 209
2024-11-15 08:39:07,659 INFO:Forward pass for validation completed
2024-11-15 08:39:07,668 INFO:Validating Batch 210
2024-11-15 08:39:18,612 INFO:Forward pass for validation completed
2024-11-15 08:39:18,621 INFO:Validating Batch 211
2024-11-15 08:39:28,938 INFO:Forward pass for validation completed
2024-11-15 08:39:28,945 INFO:Validating Batch 212
2024-11-15 08:39:38,635 INFO:Forward pass for validation completed
2024-11-15 08:39:38,639 INFO:Validating Batch 213
2024-11-15 08:39:48,732 INFO:Forward pass for validation completed
2024-11-15 08:39:48,738 INFO:Validating Batch 214
2024-11-15 08:39:58,273 INFO:Forward pass for validation completed
2024-11-15 08:39:58,277 INFO:Validating Batch 215
2024-11-15 08:40:11,239 INFO:Forward pass for validation completed
2024-11-15 08:40:11,257 INFO:Validating Batch 216
2024-11-15 08:40:22,521 INFO:Forward pass for validation completed
2024-11-15 08:40:22,531 INFO:Validating Batch 217
2024-11-15 08:40:33,949 INFO:Forward pass for validation completed
2024-11-15 08:40:33,961 INFO:Validating Batch 218
2024-11-15 08:40:43,898 INFO:Forward pass for validation completed
2024-11-15 08:40:43,903 INFO:Validating Batch 219
2024-11-15 08:40:53,815 INFO:Forward pass for validation completed
2024-11-15 08:40:53,820 INFO:Validating Batch 220
2024-11-15 08:41:03,705 INFO:Forward pass for validation completed
2024-11-15 08:41:03,711 INFO:Validating Batch 221
2024-11-15 08:41:14,023 INFO:Forward pass for validation completed
2024-11-15 08:41:14,030 INFO:Validating Batch 222
2024-11-15 08:41:26,156 INFO:Forward pass for validation completed
2024-11-15 08:41:26,171 INFO:Validating Batch 223
2024-11-15 08:41:39,197 INFO:Forward pass for validation completed
2024-11-15 08:41:39,215 INFO:Validating Batch 224
2024-11-15 08:41:50,806 INFO:Forward pass for validation completed
2024-11-15 08:41:50,818 INFO:Validating Batch 225
2024-11-15 08:42:02,296 INFO:Forward pass for validation completed
2024-11-15 08:42:02,307 INFO:Validating Batch 226
2024-11-15 08:42:11,904 INFO:Forward pass for validation completed
2024-11-15 08:42:11,909 INFO:Validating Batch 227
2024-11-15 08:42:24,860 INFO:Forward pass for validation completed
2024-11-15 08:42:24,878 INFO:Validating Batch 228
2024-11-15 08:42:34,498 INFO:Forward pass for validation completed
2024-11-15 08:42:34,502 INFO:Validating Batch 229
2024-11-15 08:42:44,190 INFO:Forward pass for validation completed
2024-11-15 08:42:44,194 INFO:Validating Batch 230
2024-11-15 08:42:54,366 INFO:Forward pass for validation completed
2024-11-15 08:42:54,373 INFO:Validating Batch 231
2024-11-15 08:43:04,410 INFO:Forward pass for validation completed
2024-11-15 08:43:04,416 INFO:Validating Batch 232
2024-11-15 08:43:14,742 INFO:Forward pass for validation completed
2024-11-15 08:43:14,749 INFO:Validating Batch 233
2024-11-15 08:43:24,600 INFO:Forward pass for validation completed
2024-11-15 08:43:24,606 INFO:Validating Batch 234
2024-11-15 08:43:35,136 INFO:Forward pass for validation completed
2024-11-15 08:43:35,145 INFO:Validating Batch 235
2024-11-15 08:43:45,082 INFO:Forward pass for validation completed
2024-11-15 08:43:45,087 INFO:Validating Batch 236
2024-11-15 08:43:57,048 INFO:Forward pass for validation completed
2024-11-15 08:43:57,063 INFO:Validating Batch 237
2024-11-15 08:44:07,346 INFO:Forward pass for validation completed
2024-11-15 08:44:07,352 INFO:Validating Batch 238
2024-11-15 08:44:17,055 INFO:Forward pass for validation completed
2024-11-15 08:44:17,059 INFO:Validating Batch 239
2024-11-15 08:44:30,058 INFO:Forward pass for validation completed
2024-11-15 08:44:30,076 INFO:Validating Batch 240
2024-11-15 08:44:40,672 INFO:Forward pass for validation completed
2024-11-15 08:44:40,681 INFO:Validating Batch 241
2024-11-15 08:44:53,614 INFO:Forward pass for validation completed
2024-11-15 08:44:53,632 INFO:Validating Batch 242
2024-11-15 08:45:03,478 INFO:Forward pass for validation completed
2024-11-15 08:45:03,484 INFO:Validating Batch 243
2024-11-15 08:45:13,209 INFO:Forward pass for validation completed
2024-11-15 08:45:13,213 INFO:Validating Batch 244
2024-11-15 08:45:23,731 INFO:Forward pass for validation completed
2024-11-15 08:45:23,740 INFO:Validating Batch 245
2024-11-15 08:45:33,439 INFO:Forward pass for validation completed
2024-11-15 08:45:33,443 INFO:Validating Batch 246
2024-11-15 08:45:45,933 INFO:Forward pass for validation completed
2024-11-15 08:45:45,950 INFO:Validating Batch 247
2024-11-15 08:45:55,673 INFO:Forward pass for validation completed
2024-11-15 08:45:55,677 INFO:Validating Batch 248
2024-11-15 08:46:05,635 INFO:Forward pass for validation completed
2024-11-15 08:46:05,641 INFO:Validating Batch 249
2024-11-15 08:46:15,416 INFO:Forward pass for validation completed
2024-11-15 08:46:15,421 INFO:Validating Batch 250
2024-11-15 08:46:27,950 INFO:Forward pass for validation completed
2024-11-15 08:46:27,967 INFO:Validating Batch 251
2024-11-15 08:46:38,112 INFO:Forward pass for validation completed
2024-11-15 08:46:38,118 INFO:Validating Batch 252
2024-11-15 08:46:47,787 INFO:Forward pass for validation completed
2024-11-15 08:46:47,791 INFO:Validating Batch 253
2024-11-15 08:46:58,484 INFO:Forward pass for validation completed
2024-11-15 08:46:58,494 INFO:Validating Batch 254
2024-11-15 08:47:09,474 INFO:Forward pass for validation completed
2024-11-15 08:47:09,484 INFO:Validating Batch 255
2024-11-15 08:47:22,449 INFO:Forward pass for validation completed
2024-11-15 08:47:22,467 INFO:Validating Batch 256
2024-11-15 08:47:32,126 INFO:Forward pass for validation completed
2024-11-15 08:47:32,130 INFO:Validating Batch 257
2024-11-15 08:47:41,715 INFO:Forward pass for validation completed
2024-11-15 08:47:41,719 INFO:Validating Batch 258
2024-11-15 08:47:51,494 INFO:Forward pass for validation completed
2024-11-15 08:47:51,499 INFO:Validating Batch 259
2024-11-15 08:48:01,463 INFO:Forward pass for validation completed
2024-11-15 08:48:01,468 INFO:Validating Batch 260
2024-11-15 08:48:12,731 INFO:Forward pass for validation completed
2024-11-15 08:48:12,743 INFO:Validating Batch 261
2024-11-15 08:48:22,247 INFO:Forward pass for validation completed
2024-11-15 08:48:22,251 INFO:Validating Batch 262
2024-11-15 08:48:35,200 INFO:Forward pass for validation completed
2024-11-15 08:48:35,218 INFO:Validating Batch 263
2024-11-15 08:48:44,872 INFO:Forward pass for validation completed
2024-11-15 08:48:44,876 INFO:Validating Batch 264
2024-11-15 08:48:54,529 INFO:Forward pass for validation completed
2024-11-15 08:48:54,534 INFO:Validating Batch 265
2024-11-15 08:49:06,795 INFO:Forward pass for validation completed
2024-11-15 08:49:06,812 INFO:Validating Batch 266
2024-11-15 08:49:18,102 INFO:Forward pass for validation completed
2024-11-15 08:49:18,113 INFO:Validating Batch 267
2024-11-15 08:49:29,730 INFO:Forward pass for validation completed
2024-11-15 08:49:29,742 INFO:Validating Batch 268
2024-11-15 08:49:39,592 INFO:Forward pass for validation completed
2024-11-15 08:49:39,596 INFO:Validating Batch 269
2024-11-15 08:49:49,192 INFO:Forward pass for validation completed
2024-11-15 08:49:49,196 INFO:Validating Batch 270
2024-11-15 08:50:00,931 INFO:Forward pass for validation completed
2024-11-15 08:50:00,945 INFO:Validating Batch 271
2024-11-15 08:50:10,585 INFO:Forward pass for validation completed
2024-11-15 08:50:10,588 INFO:Validating Batch 272
2024-11-15 08:50:20,405 INFO:Forward pass for validation completed
2024-11-15 08:50:20,410 INFO:Validating Batch 273
2024-11-15 08:50:31,336 INFO:Forward pass for validation completed
2024-11-15 08:50:31,346 INFO:Validating Batch 274
2024-11-15 08:50:43,596 INFO:Forward pass for validation completed
2024-11-15 08:50:43,612 INFO:Validating Batch 275
2024-11-15 08:50:56,651 INFO:Forward pass for validation completed
2024-11-15 08:50:56,669 INFO:Validating Batch 276
2024-11-15 08:51:07,972 INFO:Forward pass for validation completed
2024-11-15 08:51:07,982 INFO:Validating Batch 277
2024-11-15 08:51:17,712 INFO:Forward pass for validation completed
2024-11-15 08:51:17,716 INFO:Validating Batch 278
2024-11-15 08:51:27,641 INFO:Forward pass for validation completed
2024-11-15 08:51:27,646 INFO:Validating Batch 279
2024-11-15 08:51:39,271 INFO:Forward pass for validation completed
2024-11-15 08:51:39,285 INFO:Validating Batch 280
2024-11-15 08:51:49,367 INFO:Forward pass for validation completed
2024-11-15 08:51:49,373 INFO:Validating Batch 281
2024-11-15 08:51:59,940 INFO:Forward pass for validation completed
2024-11-15 08:51:59,950 INFO:Validating Batch 282
2024-11-15 08:52:11,304 INFO:Forward pass for validation completed
2024-11-15 08:52:11,316 INFO:Validating Batch 283
2024-11-15 08:52:21,239 INFO:Forward pass for validation completed
2024-11-15 08:52:21,244 INFO:Validating Batch 284
2024-11-15 08:52:31,414 INFO:Forward pass for validation completed
2024-11-15 08:52:31,420 INFO:Validating Batch 285
2024-11-15 08:52:41,099 INFO:Forward pass for validation completed
2024-11-15 08:52:41,102 INFO:Validation - Average Total Loss: 836.6228, Average AA Loss: 3.2061, Average KL Loss: 833.4167
2024-11-15 08:52:41,120 INFO:Model checkpoint saved at ./MAIN_checkpoints/ProAutoMD_epoch_10.pt
